id,post_text
1,Agr koi bnda Anjan age mein hand practice kr betha ho jis ki wja se azu tnasul tera kmzor aur timing khatm ho ghai ho to kia eska koi mustkil ilaj hy.
2,Rozana arraction hoti ha boht zada phir khud hi hath use ho jata ha aik bar b ni 2se 3 bar ho jta mj se control ni rhta Kya hal ha is ka pls koi experience Wala bnda guide kry
3,اسلام علیکم بھائیوں پانچ ماہ کا چیلنج ٹوٹنے کے بعد دوسرا چھ گھنٹے بعد ٹوٹا اب الحمدللہ آٹھ دن ہوگیا ہے چیلنج کو پر جب چیلنج ٹوٹا تھا تب فریش محسوس ہورہا تھا پر اب صبح اور رات میں شدید سٹریس ہوتا ہے کسی سے بات کرنے کو دل نہیں کرتا اوور تھنکنگ اور ہلکی گھبراہٹ بھی ہورہی ہے اور شہوت بلکل ختم ہوگئی ہے ریکوری کب ہوگی اور فلیٹ لائن کب ختم ہوگی
4,"آلسلام علیکم۔
الحمداللہ 85 دن مکمل۔
میں صرف سادہ خوراک مطلب بس روٹی
کھاتا ہوں۔
خوراک کے حوالے سے راہنمای کی گزارش ہے۔
تھوڑے سے تھوڑے بجٹ کی مقدار
 میں مشورہ دیجیۓ گا۔
مجھے گھبراہٹ اور خوف بھی لگا رہتا ہے۔
 جسم اور ٹانگیں کانپتی ہیں۔۔۔۔۔۔۔۔۔۔۔۔۔۔۔۔ See less"
5,Bhaiyo meri shadi november may hai may nay chanllenge bhi chal raha hai 80 days hogiya ruuning bhi karta ho likn mujay suhaag raat ka buhat dar hai meri timming buhta kam hai may nay diffrent girls kay sath check kiya hai.may nay suna hai shadi kay bad ye tek hojata hai likn mujay suhaag raat ka tention hai kay jaldi parigh hojaonga.iska koi hal batadya pelase buhat pareshan ho sharmendagi say bachna chahta ho.admin please approve
6,"اسلام علیکم  دوستو میں بہت پریشان ہوں  دل ٹوٹ کے ریزہ ریزہ ہوگیا ہے  کئی بار میں نے اللّه سے توبہ کر کے  اس گندی لت کو چھوڑنے کی کوشش کی ہوں مگر ناکام رہا ابھی تک  زیادہ سے زیادہ 7  دن  کنٹرول کرتا ہوں  ایک بار  25 دن تک نہیں کیا  ابھی  ہر 2 دن میں کرتا ہوں نفس  بھی بہت پتلا ہو چکا ہے  بہت پریشان ہوں  اللّه کی قسم  کوئی ایسی صورتحال بتادو  جس  کی وجہ سے میں اس گندی حرکت سے چھٹکارا حاصل کر سکوں   شادی کرنے سے بھی ڈرتا ہوں کیونکہ میرا نفس  بہت پتلا  ہو چکا ہے ۔
 See less"
7,السلام علیکم ال گروپ ممبرز کیا حال چال ہیں ٹھیک ٹھاک ہو اج ایک ٹوپک پہ بات میں نے کرنی ہے ماسٹربیشن بھی کہا جاتا ہے اج میرے چیلنج کو الحمدللہ الحمدللہ 180 دن مکمل ہو چکے ہیں ٹھیک ہے یہ چیلنج مکمل کرنے کے لیے مجھے تھوڑا سا نقصان بھی ہوا ہے نقصان اس بات کا ہوا ہے کہ میری طبیعت بھی خراب رہتی رہی ہے بہت کچھ ہوا ہے لیکن الحمدللہ لاکھ لاکھ شکر ہے یہ گروپ ایڈمن بھائی اور اس کے موڈینیٹرز جو جتنے بھی ہیں اس کا سبقت ہے دل سے شکر گزار ہوں کہ جنہوں نے ہمت دی اس گروپ کو بنایا پہلے بھی میں بہت ساری عزت کرتا لیکن جیسا ہے طبیعت بھی خراب ہو جاتی تھی جس وجہ سے نیچے پوسٹ نہیں میں کر سکتا تھا لیکن کمنٹ میں پڑھتا تھا کمنٹ میں کرتا تھا ابھی الحمدللہ 180 دن کا چیلنج میرا اج کمپلیٹ ہو چکا ہے 180 دن کے چیلنج کے اندر میں نے تھوڑا سا نقصان بھی اٹھایا اپنی طبیعت کا بھی کیا ہے اس کے بعد میں نے کچھ فائدہ بھی حاصل کیا ہے فائدہ یہ ہوا ہے کہ جب تقریبا 12 سال سے مشت زنی کے نا 10 میں تھا تو جیسے ہی پہلے چھ ایک مہینے کا باقی ہے ٹھیک ہے اس کے بعد پھر میں نے ایک مہینے کا چینل سٹارٹ کیا نہیں ہوا رمضان کے اندر سٹارٹ کیا تھا اور اب تک الحمدللہ رمضان سے پہلے کا سٹارٹ ہے رمضان کے اندر نہیں رمضان کے پہلے کا سٹارٹ ہوا ہوا ہے الحمدللہ اور یہ ساری کامیابی مجھے ملی ہے ان گروپ ایڈ منتھ کی وجہ سے ٹھیک اللہ پاک ان کی لمبی زندگی دے فائدہ یہ ہوا ہے کہ میرے چینل پہ پہلے اس کے بعد پھر میں نے ایک مہینے کا چینل سٹارٹ کیا نہیں ہوا رمضان کے اندر سٹارٹ کیا تھا اور اب تک الحمدللہ رمضان سے پہلے کا سٹارٹ ہے رمضان کے اندر نہیں رمضان کے پہلے کا سٹارٹ ہوا ہوا ہے الحمدللہ اور یہ ساری کامیابی مجھے ملی ہے ان گروپ ایڈ منتھ کی وجہ سے ٹھیک اللہ پاک ان کی لمبی زندگی دے فائدہ یہ ہوا ہے کہ میرے میرے چہرے پر جیسے دھبے دبے بلیک بلیک سے دھبے یہ ہو گئے تھے اس کے بعد چیلنج سٹارٹ کی ہے الحمدللہ چہرہ بھی کافی بہتر ہو چکا ہے اس کے علاوہ اللہ پاک نے شکر ادا کیا اللہ پاک نے امامت بھی دے دی ہے اور پانچ وقت کا نمازی الحمدللہ میں اج درود پاک ہے مرضی میں نے نہیں کی ٹھیک ہے کوئی ایسا ویسا نہیں کام کیا کہ جس وجہ سے ہو لیکن اس میں ورزش بھی ضروری تھی لیکن الحمدللہ الحمدللہ ورزشنی میں نے کی بغیر ورزش کے میں اج اس کام میں ابھی تک پہنچ چکا ہوں تصویر میں شیئر نہیں کر سکتا جس وجہ سے میں تصویر نہیں لگا رہا صرف ایک پوسٹ کر رہا ہوں اس کے علاوہ یہ جتنے بھی گروپ ایڈمنز ہیں موڈیڈیٹر بھائی ہیں ان کا تہذیل سے پھر سے میں دل سے شکریہ ادا کرتا ہوں انہوں نے یہ گروپ بنایا اور ہماری پیاری امت مسلمہ جونسی ہے حضور پاک صلی اللہ علیہ وسلم کی امت ہے اس کو سیدھے راستے پہ لانے کے لیے جدوجہد کر رہے ہیں اللہ ان کی جدوجہد ان کی جدوجہد کو اور پختہ کرے اور ان کو ہر وہ کام یہ بھی عطا کرے جو حضور پاک صلی اللہ علیہ وسلم کی امت کو سیدھے راستے پہ لگا رہے ہیں See less
8,"*Assalam o Alaikum Doctors*
*Age/Sex/Weight:* 22 سال / Male / 50kg  
*Location:* Mardan
*Main Symptoms - 1 مہینے سے:*
1. *شدید سستی/تھکاوٹ* - صبح اٹھ کر بھی فریش نہیں ہوتا۔ تھوڑا کام کر کے ہانپ جاتا ہوں
2. *پٹھوں اور ہڈیوں میں درد* - پورے جسم کی ہڈیاں + پٹھے درد کرتے ہیں۔ ایسے لگتا ہے جیسے بخار ہو
3. *سر بھاری لگنا* - دماغ پر وزن محسوس ہوتا ہے، دھندلا سا رہتا ہے
4. *یادداشت کمزور* - باتیں بھول جاتا ہوں، فوکس نہیں رہتا
*Tests Already Done - 11 June 2026 DHQ Mardan:*
1. *CBC* - HGB 14.2, WBC 5.7, PLT 170 - Normal. RDWSD 47.9H, PDW 17.7H High  
2. *Urine RE* - Normal
3. *RFT* - Creatinine 1.0, http://B.Urea 30 - Normal  
4. *LFT* - ALT 46 - Normal
5. *P.Smear* - Normal, MP Not seen
*Current Medicines:*
Sulvorid 100mg رات کو + Vitamin D3 ٹیبلٹ
*Question:* 
22 سال، 50kg وزن ہے۔ CBC وغیرہ نارمل ہیں۔ ڈاکٹر نے B12, TSH, Vitamin D3, Uric Acid ٹیسٹ لکھے ہیں۔ 
پٹھوں + ہڈیوں کا درد، سستی، سر بھاری - کیا Vitamin D3 یا B12 کی کمی سے ہو سکتا ہے؟ مزید کیا چیک کرواؤں؟
جزاک اللہ See less"
9,زاتی تجربہ شیئر کررہا ہوں گروپ میں جتنا خود کو مصروف رکھو گے اتنا ہی پورن اور مشت زنی سے دور ہوگے خود کو اچھے کاموں میں مصروف رکھو اس گندگی سے نجات پاؤ گے پہلے میں ہر ہفتے میں تین چار بار مشت زنی کرتا تھا لیکن اب اپنے آپ کو مصروف رکھا ہے الحمدللہ چیلینج کا 17 واں دن چل رہا ہے
10,Alhamdulillah that's is a big achievement for me .
11,"السلام علیکم!
امید کرتا ہوں کہ آپ سب خیریت سے ہوں گے۔
آج میں اپنی زندگی کی ایک بہت بڑی مشکل آپ سب کے ساتھ شیئر کرنا چاہتا ہوں۔ پورن اور ماسٹربیشن نے میری زندگی کو بری طرح متاثر کیا ہے۔ پچھلے دس سالوں سے میں اس عادت کے چنگل میں پھنسا ہوا ہوں۔ بے شمار بار اسے چھوڑنے کی کوشش کی، لیکن ہر بار ناکام ہو گیا۔
اگر کوئی مجھ سے پوچھے کہ انٹرنیٹ کی ایسی کون سی چیز ہے جسے میں ہمیشہ کے لیے ختم کرنا چاہوں گا، تو اللہ گواہ ہے کہ میرا جواب پورن ہوگا۔ اس نے مجھے ذہنی، جسمانی اور سماجی طور پر بہت نقصان پہنچایا ہے۔ میری زندگی تو اس کی وجہ سے متاثر ہوئی ہی ہے، لیکن میری دعا ہے کہ آنے والی نسلیں اس تباہی سے محفوظ رہیں۔
میری عمر اس وقت 24 سال ہے، اور خاندانی و معاشی حالات کی وجہ سے میری شادی کم از کم اگلے 3 سال تک ممکن نظر نہیں آتی۔ یہی بات میرے لیے مزید پریشانی کا باعث بنتی ہے، کیونکہ میں اس عادت سے نجات حاصل کرنا چاہتا ہوں لیکن خود کو بار بار اسی جگہ کھڑا پاتا ہوں۔
میں آپ سب سے دل سے گزارش کرتا ہوں کہ اس عادت سے دور رہیں۔ اللہ کی قسم، یہ انسان کو آہستہ آہستہ تباہ کر دیتی ہے۔ اس نے مجھے لوگوں سے کاٹ کر رکھ دیا ہے۔ میرا دل کہیں آنے جانے کو نہیں کرتا، زیادہ تر وقت گھر کی چار دیواری میں گزرتا ہے، اور تنہائی میری زندگی کا حصہ بن چکی ہے۔
میں اپنے تمام دوستوں اور بھائیوں سے درخواست کرتا ہوں کہ اگر کسی نے اس عادت سے نجات حاصل کی ہے یا کوئی مؤثر طریقہ جانتا ہے تو براہِ کرم میری رہنمائی کریں۔ خاص طور پر ایسے لوگ جن کی شادی ابھی ممکن نہیں، وہ اپنا تجربہ ضرور شیئر کریں کہ انہوں نے خود کو کیسے سنبھالا اور اس عادت سے کیسے نجات حاصل کی۔
اللہ آپ سب کو اپنی حفظ و امان میں رکھے۔ آمین۔ See less"
12,"Nofap Challenge & Medical Help 
نو فیپ میں چیلنج کے بعد سب سے جو بڑا مرحلہ جس میں انسان مکمل ریکور ہوجاتا ہے وہ تب ہوتا ہے جب چیلنجر 6 سے 9 مہینے کے بعد میڈیکل ہیلپ لیتا ہے۔۔۔۔
لیکن کیا سب کو میڈیکل ہیلپ کی ضرورت پڑتی ہے..؟
نہیں زیادہ تر نوجوان جنکی عمر 25 برس سے کم ہے انکو ضرورت نہیں پڑتی میڈیکل ہیلپ کی جسمانی طور پر ریکوری کے لئے، پر بہت سے لوگ اس ایڈکشن میں پھنسنے کے باعث شدید ذہنی ڈس آرڈرز کا شکار ہوتے ہیں جس میں، انزائٹی اور ڈپریشن سرِ فہرست ہیں ان کو ضرور لینی چاہیے ہیلپ۔۔۔
اب وہ لوگ جنکی شادی قریب ہوتی ہے عمر چاہے جو 
بھی ہو انکو چاہیے کے وہ ایک دفعہ اپنا
 Semon analysis & Serum testosterone 
کا ٹیسٹ کروا کر دیکھ لیں اور جو مسائل ہوں انکو حل کرلیا جاۓ
چاہے ذہنی مسائل ہوں جسمانی یا جنسی
میڈیکل ہیلپ لینا بہت کارآمد ثابت ہوتی ہے، خاص طور پر تب جب آپ کچھ سالوں سے چیلنج کر رہے ہوں اور کامیاب نا ہو رہے ہوں (اور جلد شادی کا بھی کوئی پلان نہ ہو) تو سکائٹرسٹ سے مدد طلب کرنی چاہیے،  وہ ایسی میڈیسن لکھتے ہیں کے وقتی طور پر جسنی خواہش کم ہوجاتی ہے اور چیلنج کرنا آسان ہو جاتا ہے 
نوٹ: آپکے کوئی مزید سوالات ہوں تو پوچھ سکتے ہیں 
دعاگو 
محمد عرفان See less"
13,"Assalam o alaikum, meine taqreeban 5 6 saal se HP kar raha hun, per mein hamesha control mn hota tha, kabhi kabhar mein 90 din challenge bhi poora kiya tha, aur 21 21 din bhi karta tha, per ab meri shadi hai kujh mahino mn, mein chahta hun ke ab se HP karon hi na aur abhi physical strength bhi barhao, mein taqreeban 5 saalon se hostel mn reh raha hun parhai ki wajah se ab job ki wajah se, toh mein kaise apne aap ko imrove karon, kindly guide karein
Mere abhi weight bhi 82KG hai, woh bhi kam kar raha hun gym karke.
Assalam o alaikum, meine taqreeban 5 6 saal se HP kar raha hun, per mein hamesha control mn hota tha, kabhi kabhar mein 90 din challenge bhi poora kiya tha, aur 21 21 din bhi karta tha, per ab meri shadi hai kujh mahino mn, mein chahta hun ke ab se HP karon hi na aur abhi physical strength bhi barhao, mein taqreeban 5 saalon se hostel mn reh raha hun parhai ki wajah se ab job ki wajah se, toh mein kaise apne aap ko imrove karon, kindly guide karein. See less"
14,Mare challenge 20din ki hogaye ab masla ye hey ki 5dafa ihtelam hogaya hey aaf hazrat rahnamaye ki ji ye
15,اسلام علیکم بائ میرا مسلہ یے ہے کہ میں  جب پیشاپ کرتا ہو تو پیشاپ کے باد منی بی خود نکلتی ہے بہت پریشان ہو کیا  وجہ ہو  سکتی ہے چیلینج کو 30 دن ہو گیۓ ہے پہلی بار 30 دن مکمل.  کی یے ہے??
16,آج میرے چیلنج کو 15 دن ہو گئے ہیں جسم میں درد اور بے چینی سے لگی ہوئی ہے کچھ بھی اچھا نہیں لگ رہا سب بھائی دعا کرو کہ آگے سب بہتر ہی ہو
17,"Asslam o alaikum mai bht zeada pareshan hu muje 10 saal sa zeyada hochuka musht zani krta hu or manay bht bar koshish ki roknay ki khud ko lekin nae rok pata 
 mai akaila hu maa bap ka eslea maa bap b burhay hen na pehly onhon na kabi daikha na ab daikhty na koe rokny wala mojy....mery lea boht preshaani banti jaari hey please meri madad krein"
18,مشت زنی کی وجہ سے میرے گال بہت زیادہ پچک گئے ہیں کبھی کبھار درد بھی ہوتا ہے لوگ دیکھ کر کہتے ہیں کہ بوڑھے ہو گئے ہو تمہاری منہ کو کیا ہو گیا ہے تمام بھائی گائیڈ کریں تھوڑا ایڈمن پلیز اپروو کریں پوسٹ
19,"میں فیصلہ کرنے میں بہت لاپرواہ ہوں ۔یہاں تک کہ پانی سر پر سے گزر جاتا ہے ۔
غیر ضروری اشیاء بھی بہت خریدتا ہوں حالانکہ میں کفایت شعار ہوں۔
بیکری آئٹمز نا چاہتے ہوئے کھاتا ہوں ۔
کوئی حل/رہنمائی فرمائیں ۔
بہت پریشان ہوں اس بارے ۔"
20,"main daily kasam kahta Hun Quran ki rozy manta Hun k mushtzani nhi kro ga pher ho jti hn bht preshn Hun Allah ka bhi guhny gar Hun 
 mujhy koi in kasmo our rozo ka azala bta do Jo Allah ok mj ko maff krdy,"
21,"اسلام علیکم ورحمتہ اللہ وبرکاتہ تمام ممبران سے گزارش ہے گروپ میں صرف نوفیپ چلینج کے متعلق پوسٹ کریں سوال کریں 
علاج معالجے کیلئے سوشل میڈیا کے بجائے اپنے قریبی اور مستند ڈاکٹر سے رجوع کریں 
گروپ میں گالم گلوج ہنسی مذاق سے گریز کریں چیلنج کے متلعق ایک دوسرے کی صحیح رہنمائی اور حوصلہ افزائی کریں جہاں کوئی ان باکس بلانے والا حکیم یا ڈاکٹر دیکھائیں دیں تو فوراً گروپ ایڈمن کو اگاہ کریں اپکی پرائیویسی بلا معاوضہ حدمت کرنا ہمارے فرائض میں اولین فرض ہے شکریہ @everyone See less"
22,MERE CHALLENGE KO 13 WA DIN HA ME JAB BHATROM JATA HON TO BHUT ZIYDA MIQDAR ME MANI KE TRAHA KHUCH GHARHA MERE NAFS SY NIKALTA  KOI MASLA TO NHE HA PLEASE RHENMAI KARY
23,"*""تمہارا رزق تم تک پہنچ کر رہے گا... خواہ تمہیں رسیوں سے ہی کیوں نہ باندھ دیا جائے.""*"
24,"اسلام علیکم
میرا چیلنج تقریباً 124 دن کا تھا
آج شہوت کے غلبہ کہ وجہ سے میں نے کچھ غلط مواد دیکھ لیا اس دوران میں اپنے بستر پر الٹا لیٹا ہوا تھا مجھے محسوس ہوا اور اچانک مجھے لگا کہ میری منی نکل گئی اسی لیے میں نے اپنے نفس کو زور سے پکڑ لیا اور میں فوراً واش روم میں گیا اور جیسے ہی میں نے واش روم میں جا کر اپنے نفس کو چھوڑا تو اس میں سے سفید رنگ کا پانی نکلا اس پانی کی مقدار عام منی نکلنے کی مقدار سے تھوڑی کم تھی مگر مذی سے زیادہ تھی 
اور وہ پانی صرف ایک سفید پانی تھا وہ گاڑھا تھا مگر منی جتنا
گاڑھا نہیں تھا اور پانی میں منی جیسے داگھا نما کوئی جیز نہیں تھی جیسے منی میں ہوتی ہے 
پھر میں نے احتیاطاً غسل کر لیا 
تو کیا اب میرا چیلنج ٹوٹ گیا See less"
25,بھائی مادہ بہت پتلا ہے گاڑہ کرنے کے لیے کوئی مشورہ دیں اور جراثیم بھی طاقتور کرنے کے لیے بھی کوئی مشورہ دیں شکریہ plz adem apro my post
26,"نوفیپ چیلنج کرنے والے بہت سے نوجوان ارجز یعنی شہوت کی وجہ سے پریشان ہوتے ہیں۔ شہوت آنا ، ایک نارمل اور صحت مند جسم کی علامت ہے۔ آپ ایک انسان ہیں ، کوئی روبوٹ نہیں کہ چیلنج شروع کرتے ہی کوئی بٹن دبایا اور شہوت غائب ہوگئی۔ انسان کے جذبات کو کسی مشینی طریقے سے کنٹرول نہیں کیا جاسکتا۔ اس کے لیے واحد حل ہمارے دماغ کی ٹریننگ ہے جو نوفیپ گروپ میں کروائی جاتی ہے۔ 
ایک اہم بات ذہن نشین کرلیجیے۔ نوفیپ چیلنج شہوت کو ختم نہیں کرتا بلکہ شہوت سے نمٹنا سکھاتا ہے۔ شہوت کو manage کرنا سکھاتا ہے۔ شہوت کو ختم کرنا  ، ہمارا مقصد ہی نہیں۔ اگر شہوت ہی ختم ہوجائے تو مرد نا تو بیوی کا حق ادا کرپائے گا اور نا ہی باپ بن سکے گا۔
اس لیے اگر آپ نے چیلنج شروع کیا ہے اور شہوت بہت تنگ کررہی ہے تو پریشان نا ہوں۔  یہ سیکھیں کہ شہوت کو کنٹرول میں کیسے رکھنا ہے۔ ان چیزوں اور کاموں سے بچنا ہے جو شہوت کو بھڑکا کر بے لگام کردیتے ہیں۔ نظر کی حفاظت کرنی ہے۔ڈوپامین سے چھیڑ چھاڑ کرنے والی سرگرمیوں (خصوصاً سوشل میڈیا) سے کچھ وقت کے لیے  پرہیز کرنا ہے جسے ڈوپامین ڈیٹاکس کہا جاتا ہے۔ آہستہ آہستہ آپ کا جسم اور دماغ ڈسپلن سیکھ جائیں گے اور پھر آپ کسی پرانی سے پرانی عادت کو بھی بدل سکتے ہیں۔ 
اللہ رب العزت ہم سب کو توبۃ النصوح نصیب فرمائے۔ آمین See less"
27,"سورۃ الاعراف - آیت 200*
*عربی:*  
وَإِمَّا يَنزَغَنَّكَ مِنَ الشَّيْطَانِ نَزْغٌ فَاسْتَعِذْ بِاللَّهِ ۚ إِنَّهُ سَمِيعٌ عَلِيمٌ
*ترجمہ:*  
اور اگر شیطان کی طرف سے تمہیں کوئی وسوسہ آئے تو اللہ کی پناہ مانگ لو۔ بے شک وہ سننے والا، جاننے والا ہے۔ See less"
28,"بھائیو نوفیپ کا راستہ ہدایت کا راستہ ہے۔ آپ سیدھے راستے پہ ہیں کیونکہ آپ اپنے نفس سے لڑ رہے ہیں۔ آپ کو چیلنج کے شروع میں کئ ایسی منفی چیزیں دیکھنی پڑسکتی ہیں کہ جس سے آپ سوچیں گے کہ میں تو اور زیادہ کمزور ہوگیا یا مجھے تو اس چیلنج نے الٹا خراب کردیا جبکہ ایسی بات ہوتی نہیں ہے۔ کوئ بھی عادت کوئ بھی نشہ جب آپ یکدم چھوڑتے ہیں تو نیگیٹو ری ایکشن دیتا ہے جیسے سگریٹ کے عادی لوگ سگریٹ چھوڑنے پر چڑچڑاپن، غصہ، سردرد محسوس کرتے ہیں اسی طرح جب م زنی کا عادی انسان یہ چھوڑتا ہے تو اسے بھی موڈ سوئنگز، نفس کمزور دکھائ دینا، تناؤ میں کمی، خصیوں میں درد وغیرہ دیکھنا پڑجاتا ہے مگر یہ سب علامت کمزور ہونے کی نہیں بلکہ ٹھیک ہونے کی علامات ہیں۔
پیارے بھائیو لذت تو چند منٹ کی ہوتی ہے مگر اس کا گناہ لکھا رہ جاتا ہے اور ہم چاہے کتنے بھی گناہ کرلیں مگر اس قابل بھی نہیں ہیں کہ اپنے کیئے گئے اک گناہ کی سزا روز حشر سہہ سکیں۔ سب سے چھوٹی سزا جو گناہگار کو ملےگی وہ آگ کے جوتے پہننے کی ہے اور ہم بہت کمزور ہیں کہ ان سزاؤں کو برداشت کرسکیں۔ اللہ سے توبہ کیجیئے اور اس کی حمد و ثناء میں لگے رہیئے۔ جس نے اپنے نبی آدم علیہ السلام اور یونس علیہ السلام کو معاف کیا وہ ہمیں بھی معاف کردےگا
اللہ تعالی ہم سب کا حامی و ناصر ہو See less"
29,"السلام الیکم بهاٸی جان۔۔
بهاٸی میرے ساتھ ایک پرابلم هے۔میں نوفیپ چیلنج پر هوں اور جب تهوڑے بهی غلط خیالات آجائیں تو مزی نکلنے لگتی هے۔اس کا کیا حل هے؟۔کیا یے گرماش کے لیے هے یا کوٸی اور پرابلم هے؟۔اس کا کوٸی اعلاج یا دواٸی هو تو پلیز بتا دینا۔۔۔شکریا"
30,aoa mujy qabz ka masla reh chuka ha ab 2 3 mahiny ho gye pait boht nikalny lg gya ha or washroom kr k b aisa lgta jesy pait pora saf ni hua or zor lgta ha or pait boht phol gya ha jaha 2 roti khata tha 1 krdi ha or fast food b chor diya ha kya green tea peny sa pait wapis km ho jay ga plzz help
31,اسلام علیکم سب بھائی کیسے ہو اللہ پاک کے کرم سے میری شادی ہو گئی ہے آج 3 دن ہو گئے اور الحمدللہ سب کچھ ٹھیک ہے کوئی مسلہ نہیں مجھ میں میں بہت ڈر رہا تھا شادی سے کیوں کہ میں 12 سال اس گندی بیماری میں مبتلا رہا پھر میں نے نو فیپ سٹارٹ کیا اور پیلا چیلنج 57 دن تک گیا پھر 2 ہفتے کبھی 1 ہفتہ کبھی 3 ہفتے چلتے رہے اور شادی سے پہلے میرا چیلنچ 35 دن کا تھا لیکن میں نے کچھ استعمال نہیں کیا نا کوئی میڈسن نہ کچھ اور اللہ پاک کا شکر ہے کہ کوئی پروبلم نہیں آئی جیسے لوگ پہلے ڈراتے تھے ہی ہو جائے گا یہ وہ ہو جائے گا تو میں آپ سب کو یہ بتانا چاہتا ہوں جن بھائیوں کی شادی نہیں ہوئی اور اس گندی بیماری میں مبتلا ہیں تو وہ چیلنج سٹارٹ کریں پیچھے بھول جائیں کیا ہوا تھا یا نہیں انشاء اللہ سب تھیک ہو جائے گا See less
32,20 din baad chinlge toot gaya 20 dino main depression sy nikl chuka thaa likn raat chinlge toot gaya...
33,السلام علیکم ورحمۃ اللہ وبرکاتہ میں انیزائٹ اور ڈپریشن کی وجہ سے مجھے بہت سے موت کے بارے میں اور خیالات اتے ہیں تو میں نے ایک انسٹاگرام پہ دیکھا تھا نا کہ اے مطلب جب بھی انسان صبح سو کے اٹھے اور اسے تھکاوٹ ہو تھکا ہوا ہو اچھی نیند پوری کرنے کے بعد میں تو میں چیلنج پہ ہوں پہلے پہلے معتزنی کرتا تھا تو اس وجہ سے کمزوری ہے تو ریکوری ہونے میں ٹائم تو لگتے ہیں تو مجھے صبح اٹھنے میں سستی تو ہوتی ہے تو وہ ایک بندہ کہہ رہا تھا کہ اگر کسی کو صبح اٹھتے ہی مطلب تھکاوٹ ہو نیند پوری کرنے کے بعد تو کیا یہ ہارٹ اٹیک انے کی علامات ہیں یا مطلب کہ صرف صرف ہاتھ کے حالات استعمال کی وجہ سے اس طرح ہے کیونکہ ریکوری ہونے میں ٹائم تو لگتا ہے اور اگر بندہ چیلنج پورا کرتا ہے تو میں نے سنا تھا یہ کمزوری اور یہ تھکاوٹیں اور یہ ساری چیزیں اتی ہیں See less
34,"السلام علیکم و رحمت اللہ و برکاتہ 
میں کل یعنی یکم محرم الحرام قمری سال کے پہلے دن سے اپنا چیلنج شروع کیا ہے وعدہ کرتا ہوں ان شاءاللہ کہ اب شادی تک کوئی مشت زنی نہیں کرونگا۔ شادی کے بعد وہی فطری طریقہ اپناؤنگا جو اللہ تعالی نے طبیعت میں رکھی ہے آپ سب سے دعاؤں کی درخواست ہے اور جو میرے ساتھ شروع کرنا چاہتا ہے وہ بھی اس نئی سال کہ برکت سے نئی سوچ اور مقصد لیکر شروع کریں کہ اس سال میرا یہ یہ ٹارگٹ ہے اللہ ہم سب کا حامی و ناصر ہو.
 #nofep_challenge 
#nomansaeed"
35,آج مجھے رات احتلام ہونے والا تھا کہ میری آنکھ کھل گئی اور میں نے روک لیا۔ ایک یا دو قطرے خارج ہوئے۔ کیا ایسا کرنے سے کوئی نقصان تونہیں۔
36,Salam numan bhai 4 Dino se katry aa rahy hy
37,السلام علیکم سر، میرا سوال یہ ہے کہ مجھے کبھی کبھی بے حد شہوت کا غلبہ ہوتا ہے مگر میں جب بھی اپنی بیوی کے پاس جاتا ہوں تو خود بخود شہوت کا غلبہ چلا جاتا ہے۔ اور جب میں اکیلے سوتا ہوں تو میرا نفس بالکل موج میں ہوتا ہے مگر جب اپنی بیوی کے پاس جاتا ہوں تو ڈھیلا ہو جاتا ہے۔ کوئی رہنمائی کریں بڑی مہربانی۔
38,"17-06-2026 بوقتam  12:55 
نو فیپ
چیلنج کے ٹوٹنے کی سب سے بڑی وجہ
Deprivation Effect 
اسکی مثال آپ سمجھیں ایک chain smoker کی لیں
ایک بندہ ہے جو سیگریٹ پیتا ہے دن میں 6 روازنہ 
ہوا کیا کے اس نے سوچا کے مجھے یہ عادت ختم کرنی چاہیے اور اس نے یہ تہیہ کرلیا کے میں آج سے سیگریٹ نوشی نہیں کیا کروں گا ، شروع کے چند گھنٹے اور دن وہ نارمل گزار لیتا ہے پر کچھ دنوں میں اس کو ڈوپامین اور نیکوٹین کی کمی محسوس ہوتی ہے اور سیگریٹ کی پینے کی خواہش بڑھنے لگتی ہے ، وہ resist کرتا ہے اور کچھ دن نہیں پیتا بلآخر یہ ہوتا ہے کے وہ ایک دن پی لیتا ہے اور معمول سے زیادہ پیتا ہے،
اور پھر وہ پیتا چلا جاتا ہے 
۔
یہی کچھ ہوتا ہے Nofap Rebooter کے ساتھ کچھ دن نہیں کرتے مگر جب کرتے ہیں تو بہت دفعہ کر گزرتے ہیں اور پھر سٹریس میں چلے جاتے ہیں
اور یوں یہ ایک loop hole بن جاتا ہے جس میں سالوں سال پھنسے رہتے ہیں 
اس کا بہترین حل ہے کے آپ یہ کبھی نہ کہیں کے میں یہ فعل کبھی نہیں کروں گا آپ خود سے پکا وعدہ کرلیں کے کم از کم یہ فعل میں آج نہیں کرونگا، اور کل ہوتے ہی کر لوں گا ، کل کے آنے تک ارجز ختم ہوئی ہونگی آپ اگلے دن بھی یہی تہیہ کریں کے بس آج نہیں کرونگا جب بھی ارجز آئیں ایسے ہی خود کو تسلی دی۔ کے آج نہیں بس کل
اور یوں انشاء اللہ بہت فائدہ ہوگا ، 
آپ ممبرز بیحد سٹریس اور ٹینشن لے رہے ہیں چیلنج کو لے کر اس حوالے سے بھی انشاء اللہ جلد کچھ لکھوں گا 
دعاگو محمد عرفان See less"
39,"اسلام علیکم! 
جناب کہہ لیں کہ ایک مسافر راستہ بھٹک گیا ہے آپکی رہنمائی سے اس مسافر کی منزل کا تعین آسان ہو سکتا ہے (انشاء اللہ)
مجھے پورن+مشت زنی کہ دلدل میں پھنسے ہوئے تقریباً 3 سال مکمل ہو گئے ہیں مجھے یاد ہے کہ جب اس لت میں پھنسے ہوئے مجھے کوئی زیادہ نہیں 6 ماہ ہوۓ تھے تو نیا عیسوی سال شروع ہو گیا تھا اور میں نے عہد کیا تھا کہ بس اب اور نہیں لیکن پھر کچھ عرصے میں پھسل گیا 
میں اس وقت یونیورسٹی کا طالب علم ہوں اور الحمدللہ جنوری میں میرا سیمسٹر شروع ہوا تھا تو سال کے شروع میں آپ جانتے ہیں جذبہ اپنے عروج پر ہوتا ہے تو میرا یہ چیلنج جنوری سے لے کے مارچ کی 21 تاریخ تک تقریبا 81 بنتے ہیں تو میرا چیلنج اتنے دن تک رہا تھا پھر اپریل کے اخر تک میرے سیمسٹر کی ختم ہونے تک تقریبا دو مرتبہ میرا چیلنج ٹوٹا لیکن پھر بھی الحمدللہ چونکہ مصروفیت زیادہ ہوتی ہے تو سلسلہ اللہ کے فضل سے اچھا چلتا رہا اب مسئلہ یہ ہے کہ سیمسٹر کی ختم ہونے کے بعد میری تقریبا ایک ماہ کی چھٹی ہوئی تھی تو چھٹیوں میں شروع کے کوئی تین دن تو کچھ بوریت رہی اور پھر چوتھے دن میرے دماغ نے اس بوریت کو ختم کرنے کے لیے پرانا حل ڈھونڈا جو کہ پورن اور مشت زنی کی صورت میں تھا اب میری وہ ایک ماہ کی چھٹیاں تو خیر جیسی تیسے خراب گزری اب مسئلہ یہ ہے کہ 8 جون سے میری پڑھائی دوبارہ شروع ہو چکی ہے لیکن میرا دماغ ابھی تک صحیح نہیں ہو پا رہا ہے مطلب سب سے بڑھ میرا اللہ کے ساتھ تعلق خراب ہو رہا ہے اور پڑھائی بھی شدید متاثر ہے 
اس تین سال کے عرصے میں اللہ کے فضل سے میں کئی مرتبہ 60 دن کے اور 30 دن کے چیلنجز مکمل کر چکا ہوں لیکن بس ثابت قدمی کے ساتھ میں مکمل طور پر ان بری عادات سے چھٹکارا نہیں حاصل کر پا رہا ہوں اور میرے ساتھ ایک مسئلہ یہ ہے کہ جب میں ان عادات سے دور رہتا ہوں تو بالکل دور رہتا ہوں اور جب میں کسی بھی وجہ سے اس عادت میں دوبارہ گرفتار ہوتا ہوں تو پھر بہت ہی شدید ترین بہت ہی خطرناک طریقے سے اس میں گرفتار ہو جاتا ہوں مطلب پھر مجھے 24 گھنٹوں کا بھی کوئی احساس نہیں رہتا 
 پہلے تو میں پھر کچھ کم درجے کی ویڈیوز دیکھتا تھا لیکن اب تو میں ایسی ویڈیوز دیکھنے کا عادی ہو گیا ہوں کی جس کا ذکر کرنا بھی آدمی کے لیے شرم سے دوب مرنے کا مقام ہے 
میں اپنے موبائل میں پریمیم بلاکر ایپس apps بھی ڈاؤن لوڈ کر کے رکھتا ہوں لیکن جیسا کہ اپ جانتے ہیں کہ کوئی بھی بلاکر مکمل طور پر ہر چیز کو بلاک نہیں کرتا کہیں نہ کہیں کچھ نہ کچھ خلا باقی رہ جاتا ہے تو دماغ کو ان خلا کے بارے میں پتہ ہے اور جب بھی مجھے کوئی urge ہٹ کرتی ہے تو دماغ ڈائریکٹ ان راستوں کی طرف جاتا ہے
ایک اور چیز میرے پڑوس میں میرا دوست رہتا ہے تو ہم دونوں ساتھ مل کر اس چیلنج کو کرنےکی کوشش رہے ہیں لیکن مجھے ایسا لگتا ہے کہ شاید اس سے بھی مجھے خاصہ کوئی فائدہ نہیں ہو رہا
آپکI اس میسج کو وقت نکال کر پڑھنے کا شکریہ 
جزاک اللہ خیرا کثیرا See less"
40,السلام علیکم.میرا مسئلہ یہ ہے کہ مجھے جنسی خواہش بالکل بھی نہیں اور نہ ہی کوئی اریکشن وغیرہ اور کوئی مشت زنی وغیرہ کچھ بھی نہیں کرتا اور بے چینی چڑچڑا پن اداسی شدید تھکاوٹ رہتی ہے مجھے مشورہ دیں کس سے چیک اپ کرواؤں؟
41,السلام علیکم کیا حال ہے دوستو امید ہے خیریت سے ہوں اج چیلنج کا تیسرا دن جا رہا ہے جس ساتھی کا بھی چیلنج کا تیسرا دن جا رہا ہو اس اور میرا اج سے کمنٹ ایک دوسرے کو کریں گے یعنی ہمیں اس چیز کا احساس کہ ہم نے یہ چیز چھوڑنا ہے ائندہ اس سے مکمل پرہیز کرنا ہے اس کا تین دن کا تین دن ہو گئے
42,"السلام علیکم 
امید کرتا ہوں آپ سب خیریت سے ہونگے 
بھائیوں مجھے بہت بڑی پریشانی نے گھیرا ہوا ہے میں پچھلے دس سالوں سے مش۔ت زن۔ی جیسی گندی عادت میں مبتلا ہوں روز کہتا ہوں آئندہ نہیں کروں گا لیکن خود پہ قابو نہیں رکھ پاتا میں بہت پریشان ہوں مش۔ت زن۔ی کر کے میں نے اپنی صحت ، ذہنی سکون ، اعتماد ، کنفیڈنس سب کچھ گنوا دیا ہے یہ گندی لت میرا پیچھا نہیں چھوڑ رہی میں بہت پریشان ہوں میرے ہم لڑکے مجھ سے بڑے اور صحت مند ہیں لیکن میں مش۔ت زن۔ی کی وجہ سے پیچھا رہ چکا ہوں پلیز مجھے بتاؤ میں ایسا کیا کروں کہ اس بیماری سے ہمیشہ ہمیشہ کے لیے جان چھوٹ جائے 
 See less"
43,ALhmudullah Aj 100 Dan hoe Hain masturbation ni ki aur naa hee Koee zana KA Kam bas ek problem hai k peshab k bad qatree atee mny ki koee rahnumee  kre please
44,"Assalamualaikum pyare Dosto 
Meri madad 
 karo or ik acha sa mashwara do main Dubai main Ho or or Mari shadi or December 2025 main shadi hugayi he shadi se pihle main taqreban 10 ya 12 sall ye Ganda Kam Kya ta shadi Huyi 49 days BV k Sath Raha phir Dubai aya BV ko Kuch pregnancy nahi Huyi udar Pakistan main test Karaya Mera masla tha sparm count Kam tha likin meri chutty Khatam  ho gayi main waspas aya Dubai Idar jubse aya ho mere left side testicle main Dard he or kabhi buhut shadeed Dard karta he idar Dr ko dekaya Ultrasound waghera kar k Dr bola Mera left side mild epididymis he likin 4 months medicine use Karne k bad B Kuch guzara nahi huwa abhi main ik ajeeb tension main Ho Q k abhi Pakistan nahi jasakta udar mere upar karza he or Demagh me yahi tension he k kahi main future main apni BV k Haq ada kar pawonga ya nahi main Kya karo 
Dubai main treatment Sahi nahi he or dosra Mera job B wazan utane Wala he  muje mashwara do main. Kya karo please 
 See less"
45,"السلامُ علیکم بھائیوں 
ایسی کون کون سی مثبت سرگرمیاں ہے جس سے برے خیالات سے بچا رہو اور  موبائل اسکریننگ کم ہوجائے بنیادی طور پر میرے چیلنج ٹوٹنے کی بنیادی وجہ موبائل ہی ہے پچھلے کچھ دنوں سے میں نے موبائل چلانا زیادہ ردیا ہے جس سے میرے دماغ پر منفی اثرات مرتب ہورہے ہیں مثلاً کم سونا اور سستی وغیرہ اور جب بندہ ایسے کام کرتا ہے تو چیلنج توڑنے کے لیے شیطان اکساتا ہے"
46,"Hello Assalam Alaikum mery age22 H
he me 5sal se masterbution krta ho ab mery Nafs ki size boht choti or delapan he August m shadi he kya kro koi bahi delpan khtm karny  or size barhany k lye koi Ilaz batao zyada pareshan ho."
47,السلام علیکم میں کوئ 12 سال کی عمر سے مشتزنی کی عادت میں مبتلا ہوں۔شروع میں تو صرف اتوار یا جمعہ والے دن نہاتے وقت ہی کر دیتا تھا لیکن آہستہ آہستہ دن میں ایک بار دو بار پھر پانچ بار تک بھی کر دیتا تھا۔بہرحال میں نے یہ گروپ  2023 2024  سے جوائن کیا ہے۔لیکن کوئ طویل عرصے کا چیلنج نہیں کیا۔20 سال کی عمر میں میرا لمبا چیلنج 2 ماہ کا تھا۔پھر بغیر کوئ فحش مواد دیکھے پورون ماسٹر بیشن ہو گئ۔پھردس بارہ با یہ گندہ کام کرنے کے بعد پندرہ دنوں بعد پھر چیلنج سٹارٹ کیا ۔لیکن پ ھر دو ماہ اور آٹھ دن  کے اختتام کے بعد موبائیل میں پیکج لگوانے کی وجہ سے پھر یہی کام کردیا۔دس بارہ بار کرنے کے بعد تقریبا پانچ دنوں بعد پھر سے چیلنج سٹارٹ کیا ہے۔میرا یہ سوال ہے کہ کوی ایسا طریقہ ہے کہ میرے موبائل میں vpn پیڈ ہو جا ۓ تاکہ میں یہ کام دوبارہ نہ کر سکوں See less
48,Assalamualaikum to all mry shadi ko 1 year hogya mgr abhi tk baby ni hwa kya koi test report ke bare mn Bata skhta Hy keh ye clear Hy ya nahi please
49,مجھے چیلنج کو 1 مہینہ ہو گیا ہے لیکن اب مجھے نیند بہت آتی ہے جسم میں سستی بہت ہوتی ہے کسی کام کو دل نہیں کرتا پور دن رات سوتا ہو پھر بھی نیند پوری نہیں ہوتی
50,"Asalam o alikum kia hal hai.umeed hai sub theek hongy.
mari request ye hai 81 din ho gay mere challenge ko.... mgrrr aaj wife se video call py bat ki to erection ho gai... mgrrr main ne control krnay k liay mazbooti se sakhti se pka pakar liya ... iss tareeqay se pakra k mazeed agay karwa,i na ho....
mujhay Lagta hai.... shayed 1 , ya aadha qatra nikla ho............to kia iss soorat mein mere challenge toot giya........"
51,U Assalamualaikum  Mera ik testies normal hn or kafi had tak bara hn jub us ko utha ho tora sa Dard hota hn es Ka Kya karo.ma testies ka bara hone ki waja se nafs bi chota lagta hn is ka koi Hal ho TU Bata de plz
52,میری شادی کو 2 ماہ ہوے ہیں اور 1 ماہ تو بہت اچھا چل رہا تھا عید کے دنوں میں گوشت کھایا اور دو تین بہت ہی اچھا رہا اور اسکے بعد اب نہ سختی ہے اور ٹائمنگ ہے مشورہ دیں
53,Mera righ testes phoola hua hai kia mai shadi k like hoo or kia mai bachay panda kar stkaka hoo
54,Muja 66 days ho gaya ha bilkul sahi tha but aj bahut bura khayal a rha hain aur main na aj porn b dekh li wo b bas movies dekhta dekhta samna ayi tu dekhna shoru kr di phir 2 3 video aur dekh li but sath sath guilt b a rha tha phir sath he back b kr diya masturbation nahi ki us pa control ha aur muja itna din hona k bad b night fall nahi houa plz guide me k sab kuch theek ha ider sa b mera challenge complete ho sakta ha ya challenge tot gaya ha
55,اللہ کا شکر ہے اج چیلنج کو 50 سے اوپر دن ہو گئے ہیں اور 2400 میٹر دوڑ مسلسل بغیر رکے دوڑ کر ایا ہوں ایک منٹ میں سانس نارمل ہو گیا الحمدللہ
56,"asslikum walkium 142 din ho gaye ha shukar alhimdullih 
lakin do  addat ni chot rhi wo ha 
(Edging) din ma aj 2/3 Baar edging kar li 
lakin Maza farg ni kia 
discharge tak laya fir chor dia fir Liya esa din 3/4 Baar howa 
dosra masla ya ha ki
(mera Dil mutmain ni ho rha kuch second ma discharge tak a jata ho 20/30 seconds ma yani itna din ma be sex timing increase q ni howi ma soch rha tha 4/5 mint lag Jaye ga ab discharge hona ma ya malsa ha kuch second ma a jata ha Maza ) 
Admin please approve 
 See less"
57,Aslam O Alaikum. Meri 38 ha Meri Shadi howi or 3 Bache ha Mashallah. Per Mera accident howa. Jis ma kafi madicen use ki. Operation b howa. Ab mujhe Jo Masla pesh Arha ha wo sex ki jazbat na hone k barabar ha. Or sakhti b na hone k barabar ho gaye. Timing to belkul zero hogaya. Ma na 1 Hakeem se elaj Kiya Jo maide or Masane k garmi ka Keh rahe the. Jab ma madicen use kar raha ta. To os time sex ki khwahish b Hoti ti or 1 ya do shot Laga sakta ta. Timing b behtar howi thi. But jaise wo Madicen khatam howi to ahesta ahesta with in 1 month per wahi halat ho gaye. Ab mujhe samjh nhi arha k ma kaha se elaj kro Kiya kro. Jab k Meri job ki bahout bari tension b ha. Mujhe accident k wajha se company na Nikal deya . Es dowran ma job k Leye fit nhi ta. 1 Saal se zeyada arsa hogaya accident ka. To please koi suggestions de de. Ma Kiya kro kaha se elaj karo k jawani ki bahre per naseeb ho jaye. See less
58,mujy UTI ki koi symptoms nhi ha likn me ne waisy he ehtiat k liye test kia kia ye normal ha ye infection ha
59,"شادی کو 3,سال ہونے والے ہیں پہلے دن سے ایک مسلہ ہے ابھی تک وہ ٹھیک نہیں ہو رہا ہے نفس میں سختی کم آتی ہے آتی ہے جلد چلی جاتی ہے بہت میڈیسن کے چکا ہوں کوئ فرق نہیں"
60,"السلام و علیکم و رحمتہ اللہ وبرکاتہ 
الحمدللہ رب العالمین 
آج 56 دن ہوگئے ہے چیلنج کو اور ابھی جاری ہے الحمدللہ اللہ پاک نے مجھے ہمت دی ہے اور کل انشاء اللہ مسلمانوں کا نیا سال شروع ہو رہا ہے تو آپ سب بھائیوں سے یہ ریکویسٹ کرنی ہے کہ آج ہی سچی توبہ کرلے پلیز بھائیوں چھوڑدو یہ گندی فلمیں دیکھنا اور پورن دیکھنا اپنی نظر کی حفاظت کرو میں بھی اور آپ سب بھی تو آج اللہ پاک کے حضور سچے دل سے توبہ کرتے ہے آپ بھی اور میں بھی ک انشاء اللہ یہ گناہ آیندہ نہیں کرے گے بے شک اللہ پاک معاف کرنے والا ہے بہت مہربان ہے امید ہے کہ آپ سب بھائی آج میرے کہنے پر اللہ سے معافی مانگ کر توبہ کرے گے انشاء اللہ 
یا اللہ پاک ہمیں معاف فرما ہمارے جو گناہ ہے آپنی رحمت سے معاف فرما دے آمین ثم آمین 
 اللہ پاک ہمیں سمجھنے کی توفیق عطا فرمائے آمین ثم آمین
Numan Saeed Rana Atif Umar Khan Muhammad Muhammad See less"
61,ہیلو گائز یار میں بہت پریشان ہوں نفس بہت ڈھیلا ہو گیا ہے ہیلپ کرو 1 مہینے بعد شادی ہے
62,اسلام علیکم امید کرتا ہوں کہ آپ سب بھائی خیریت سے ہوں گے میں نے کئی مرتبہ کوشش کی لیکن ہر بار چیلنج ٹوٹ گیا اور اب میں نے دوبارہ چیلنج سٹارٹ کیا ہوا ہے آپ سب بھائیوں سے درخواست ہے کہ میرا ساتھ دیں اور میرے لیے دعا گو رہیں شکریہ
63,Assalamualaikum dosto Allahamdolelah AJ mara chalang ko 47 din ho geya hy bs 4 bar ahtlam howa hy kia ye normal hy or bs 3 ya 4 bar araction I hy kia Mari timing sai ho skti hy please gaide me?
64,flat line me insan ki ajeeb kefiyat hojati he admins tariqe btaen kis tarah khud ko control me rakhna he. sb apne apne chellenge ki pictures de k motivate karen please
65,"سر میں درد رہتا ہے 
2 ہر وقت نیند کا انا 
3 کمزوری ہونا 
4 ہر وقت غصہ انا 
5 تنہائی کو۔ پسند کرنا
ایسا کیا کیا جائے کہ جلد از جلد انسان پہلی حالت میں اجائے جلد ریکوری ہو کوئی میڈیسن یا کوئی دیسی خوراکیا کوئی ورزش See less"
66,Mere challenge ko 75 day ha recently father ki death ka baad mana irada kia ka ab glt kaam nhi krna lkin stress or anxiety stomach upset rehta ha ghr walo btau to wo pureshan hotte ha plz acha sa mushwara da or plz isko approved krda plz plz plz koi acha sa mushwara da ma apko apni duao ma zroor yaad rkhunga or ya anxiety kis wja sa hotti ha zyada hp sa ya trauma sa age 20 job pr jata hu dil nhi lgta ghr au phr nhi lgta kahi pagal na hojau is ka dur rehta ha
67,"پاکستانی 90٪ سے زیادہ عوام کے مسائل
1) ٹائمنگ کم ہے
2)سائز کم ہے
3)موٹا نہیں ہے پتلا ہے
4)ایریکشن نہیں ہے یا مردانہ کمزوری ہے
5)احتلام زیادہ ہوتا ہے 
6)کونسا معجون کشتہ یا طلہ ہو جو کھؤں تو بس راکٹ بن جاؤں
7)ٹیڑھا پن ہے 
یہ وہ مسائل ہیں جو جوانوں میں غلیظ فلموں اور پرانی دقیانوسی کہاوتوں میں سے آۓ ہیں، اور نوجوان دن رات انہیں چکروں میں لگے رہتے ہیں، نا ہمارا پڑھائی پر دھیان نا کسی دوسری چیز پر بس جو ہے یہی ہے
تو جناب بخوبی جان لیں کے یہ مسائل حقیقتاً مسائل نہیں ہیں،
جوابات 
1)نارمل ٹائمنگ 1 منٹ سے 30 سیکنڈ بھی ہوتی ہے۔
2) نارمل سائز 2.5 انچ بہت ہے 
3)موٹا یا پتلا اس سے کوئی فرق نہیں پڑتا
4)ایریکشن کم ہو کچھ ضروری چیزیں حل کرنے سے ٹھیک ہوجاتی ہے
5) احتلام ہفتے میں 4 بار بھی نارمل ہے 
6) کوئی کشتہ یا طلہ کام ک نہیں سب میں میڈیکل ادویات پیس کر ڈال دیتے ہیں نام کے حکیم
7) ٹیڑھا پن بھی مسئلہ نہیں (افسوس کہ میں نے کبھی کسی کو اپنے پاؤں کی انگلی ٹیڑھی پر اتنا فکرمند نہیں دیکھا)
خدارا ان چیزوں سے نکلیں کہیں اور اپنا ذہن لگائیں کچھ کریں زندگیوں میں آگے بڑھیں 
اب بھی کوئی شک و شبہ ہو آپ پوچھیں دلیل سے آپ کو سمجھاؤں گا See less"
68,"Selam aleykum, Meri Umar 23 Saal hai challenge chal rha hai hafta Howa hai Kal sham mein soty wy nightfall ho gya or phr rat mein bhi ho gya subah ky waqt 
  Kya normal hai ? Or mujhe testies mein kabhi Thora pain bhi hota hai verocele nhi hai check krwa Chuka"
69,"اسلام وعلیکم 
میری عمر 25 سال ہے میں پچھلے ساڑھے دو سال سے اس کام میں مبتلا ہوں میرا وزن پہلے 65 کلو تھا جب سے شروع کیا تھا یہ کام 85 کلو پر پہنچ گیا اور تھوڑا موٹا بھی ہوگیا ہوں،  اس چیز نے جو میرا سب سے زیادہ نقصان کیا ہے وہ یادداشت پڑھائی میں دل نہ لگنا اور دھیان نہ دینا ، اور بزدلی میں اضافہ ہوا ، 
میں نے چیلنج شروع کیا ہوا ہے پانچ دن ہوگئے ہیں 
سب بھائی حوصلہ افزائی فرمائی دیں"
70,چیلنج شروع کیے ہوئے کو 40 سے اوپر دن ہو گئے ہیں دوڑ بھی لگاتا ہوں خوراک بھی اچھی کی ہے باقی سب تو ٹھیک ہے لیکن احتلام نہیں ہوا ابھی تک
71,Mry shadi ko 4 months hogye mry sperm week Hy semen test kya tha sperm ko strong krne ke lye plz koi medicine suggest krdo.koi
72,مجھے لگتا ہے شاید اگر میں مشت زنی کی عادت میں مبتلا تھا تو اب تک نکل پاتا  لیکن p.m نہیں چھوڑ پاتا مجھے پتہ بھی نہیں لگا کہ یہ طریقہ میں نے کیسے اختیار کیا کاش اس سے بھی ایسا چھوڑو جیسے مشتزنی چھوڑا لیکن مجھے خود پر پورا یقین ہے کہ ایک نہ ایک دن اس سے بھی نکلو گا بس اب جو میرے ساتھ وسائس ہے اس سے لڑتا ہو اس کو شکست دیکھ کر میں پھر ہر قسم گناہ چھوڑ سکتا ہو ۔ گروپ کے سب بھائ دعا کریں کہ میں اس لت سے بھی  نکل جاو
73,اج اللہ پاک کے کرم سے 50 دن ہو گئے ہیں غلط حرکت کو چھوڑے ہوئے کسی قسم کا کوئی برا کام نہیں کرتا چیلنج شروع کیے ہوئے اج 50 دن ہو گئے ہیں اور اج میں نے 1800 میٹر دوڑ 10 منٹ میں مکمل کی
74,"Is quiz me zarur hissa dalien
Kuch new research chal rhi he meri
Kya aap nofap challenge tutne k bad stress me chale jaty hn ya apni life me busy rehty hn
Note:Jo bhi feel krty hien aap challenge tutne k bad usy comments me zarur bataiye
Nofap ki behtri k lye aap sab ka kirdar ahm hy
Thank you
@everyone  See less"
75,میری شادی کو مہینہ ہوگیا ہے اور شادی سے پہلے 39 دن چیلنج کو پورا کیا ہے اب میں روزانہ ہمبستری کرتا ہو اور دن کو بھی کرتا ہو کبھی کمزوری ہوتی ہے اور کتنے دن بعد ہمبستری اور کتنے مرتبہ ہمبستری کرنا چاہیے
76,"السلام علیکم ورحمتہ اللہ وبرکاتہ 
کروم کو ڈیلیٹ کرنے کا کوئی طریقہ ہے کیا اس کی وجہ سے پورن ویڈیو سامنے آتی ہیں 
میرے پاس اس کے علاوہ کوئی ایسا ایپ نہیں ہے صرف اسی میں ایسی ویڈیو آتی ہیں اتنی بار dissibble کیا ہے لیکن یہ مکمل حل نہیں ہے 
اگر کسی کو کچھ معلوم ہو تو برائے مہربانی بتا دیں #نوٹ"
77,"Aslam alaikum.
 mara Chellenge 8 days sa zyada nahi jata 
8 day bohot parayashan ho"
78,"Salam aj 18 din ho gaya hai shurk hai
aur is ke sath walk bhi krta hun roza 3 se 4 ghante"
79,"السلام علیکم
کیسے ہے سب دوست 
یا چیلینج 8 یا  10 میں کچھ مشکل نہیں ھوتا جب اپ 30 دن سے اگئے  بڑوں گے تب اپکے جسم میں بدلی ائیگی تب اپکو مشکلات پیدا ھوگی اور اصل میں رزلٹ 90 دن بعد سٹارٹ ھوگا شکریہ"
80,AssalamoAlaikum mere InshaAllah 2 month bd shadi hai mere challenge ko 6 month 20 din hogya hai koi issues to nhi hoga morning running or exercise karta ho
81,"Bhai main ny kal sy challenge start kia hai or main chahta hun mujn main taqat ay jism bilkul thik hai Patla bhi nhi hai mujy btayn mujy kya khana chaiye or ye bhi bta dun k garm taseer ki cheaz khany sy meri nakseer phoot jati hai twaja farmayn shukriya help me 
Dusra ap boht acha kam kr rhy hain Allah apko iski jza dunya akhrat main dy Aameen"
82,"میں نے بہت وقت مٹھ ماری ہے جس کی وجہ سے میں پتلا ہو چکا ہو 
ابھی میں اپنی باڈی بنانا چاہتا ہو ابھی میں نے 2انڈے کالے چنے اور دودھ استعمال کرنا شروع کیا ہے تو کیا کوئی ایسا ہے جو مجھے گھر کے ایسے ورزش بتائیں جس سے میری مسل بن جائے اور باڈی بنے 
مہربانی کرکے رہنمائی کرو"
83,"کچھ ضروری باتیں جو مردانہ کمزوری کے حوالے سے ہیں،
مردانہ کمزوری کیاہے.؟
جواب: مردانہ کمزوری نام کی کوئی چیز میڈیکل فیلڈ میں نہیں پائی جاتی۔۔۔
تو پھر آخر یہ مردانہ کمزوری کیا ہے اس کو کیسے بیان کیا جاۓ؟ اور ویسے بھی بنا کسی ثبوت کے کوئی کیسے مان لی کے یہ کوئی بیماری نہیں ہے۔۔۔
جواب: مردانہ کمزوری بس ایک افسانہ ہے جو کے نیم حکیموں کی اجاد کی ہوئی ایک اصطلاح ہے لوگوں کو لوٹنے کے لیے،
مردانہ کمزوری کو دراصل میڈیکل فیلڈ میں ایریکٹائل ڈسفنکشن کہا جاتا ہے ، اس کی وجوہات میں چند چیزیں آتی ہیں
Vitamins Deficiency 
Low Libido 
لو لبیڈو مطلب ایک ہارمون/کیمیکل ہے جو جسم میں کم ہوجاۓ تو ایریکشن نہیں ہوتی 
Low testosterone 
Stress and unhealthy life
Junk foods
Smoking/vape
یہ وجوہات ہیں جو بنیادی ہیں اریکٹائل ڈسفنکشن کی اس کے علاوہ بھی کئ وجوہات ہوسکتی ہیں یہ انسان کی زندگی و رہن سہن پر انحصار کرتا ہے۔
علاج: کسی سکائٹرسٹ سے بات کرنی چاہیے یا سیکسالوجسٹ سے، مختلف ادویات اور زندگی کے طور طریقے صحتمند بنانے سے مسائل حل ہوجاتے ہیں
نوٹ: حکیموں کے پاس ان چیزوں کا علاج نہیں ہوتا حکیم لوگ بھی اپنے نام کے کشتوں اور معجونوں میں ڈاکٹری ادویات پیس کر مکس کرکے بیچتے ہیں See less"
84,"اللہ کے لیے چھوڑا گیا ہر گناہ عبادت بن جاتا ہے۔
جب کوئی شخص تنہائی میں بھی اپنے نفس پر قابو رکھتا ہے، تو یہ اس کے اخلاص کی نشانی ہے۔
یاد رکھو، اللہ تمہاری ہر کوشش کو دیکھ رہا ہے۔
اگر آج تم نے صرف اللہ کی رضا کے لیے خود کو روکا، تو یہ ایک بڑی کامیابی ہے۔""
اور ایک مختصر پیغام:
""نفس کہتا ہے: ابھی کر لو۔
ایمان کہتا ہے: اللہ دیکھ رہا ہے۔
کامیاب وہ ہے جو اللہ کی رضا کو اپنی خواہش پر ترجیح دے۔"" See less"
85,"Let's welcome our new members!
Zawar Ali
,
Muhammad Asad
,
Khan Bhai
,
Jaz Sab
,
Abdul Raouf
,
Banto Munni,
Amina Batool,
Zeeshan Ahmad
,
Pims Media
,
Latiaf Shahid
,
World tourism
,
Abdul Rehman
,
Janan Khan
,
Rahim Ullah
,
Ali Shahroz
,
Asad Chaudhary
,
Muhammad Aamir Ali
,
نا معلوم افراد
,
Mohammad Fiaz
,
Ki Nza
,
Intazar Pathan Pathan Pathan
,
آنت الحیات
,
چاند نواب
,
Ismail Saeedi
,
Itz Ayaan
,
Hiba Gul
,
Sergio Marquina
,
Abdul Ghafoor Mirani
,
Saqlain Yousaf,
Merjan Arjan
,
Sumair Khan
,
Kinza Shahzadi,
Fraz Rehmani
,
Ameer Hamza
,
Zubair Khan
,
Meh Zai
,
Muhammad Abdullah,
Ayan Ali
,
Muhammad Ahmed
,
Ya Sin
,
Malik Abdullah
,
نور الحق قاسمی
,
Sufyan Ali Bhatti
,
Arshad Sia Sial
,
Jawad Ahmed
,
Alyxa Roy
,
Ali Haider
,
xxxjjdksnxkx
,
Prince Mudassir
,
Ali Haider
,
M Awais Yousaf
,
Shahzaib Dogar
,
Hay Yan
,
Shakeel Anzer
,
Khial Muhammad
,
Muzamil Rai
,
اّداس لڑکا
,
Hammad Khokhar
,
سخن شناس
,
Ansari Ashfaque
,
Fazal Muhammad
,
Wajahat Minhas
,
Junaid Ahmed Awn
,
Zéèshø Zéèshø
,
Haya Khan
,
Nobeesha Saeed Anwar
,
مبشر احمد
,
Noman Khan
,
Malik Mudassr Abbas
,
Durre Maknoon Vlogs
,
سیاب آفریدی
,
Khalilmunir Khalilmunir
,
Rabeel Sahab
,
Sajjad Ali Shar
,
شاہاں شیخ,
Mubeen Malik
,
Sardar Ajk
,
Kashif Xaman
,
Asad Khan
,
M Zuhran
,
Zee Khan
,
Javaid Iqbal
,
Kamran Turabi
,
Muhammad Awais Khan
,
ملک ضرار صادق جکھڑ
,
Zeeshan Akber
,
Lemon Shower
,
Gul Sher Afridi
,
سیف الرحمن سیال
,
Muhammad Aamir
,
Hadi Khan
,
Muhammad Wali
,
Ahmad Ali
,
Ch Hassan Gondal
,
Asad Aijaz
,
Kamil Wolfsoul
,
Chaudhry Hamza,
Hasnain Khan
,
Ayeza Ali
,
Rashid Raza
,
Gulraiz Khan Niazi
,
Ibrar Ahmad
,
سہیل اقبال
,
Syed Shahzaib
,
هلال هلال
,
Malik Shuban
,
Jam Ahmad
,
Muhammad Adeel
,
Desi boy 
,
Gm Awais
,
Faran Faran
,
Anit K Dewana
,
قاری محمد مدبر رشیدی
,
Hussain Khan
,
Main Hon,
Mazhar Iqbal
,
Talha KhaŊu
,
Jani Jan
,
Tariq Jani
,
M Tahir
,
عزت اللہ
,
Hasnain Hasnain
,
پیغام صحت دواخانہ تیمرگرہ Hakeem Umarzahid
,
Ítx Rîzwâñ
,
عبیداللہ شاہ
,
Adil Tatari Karachi
,
Zeshan Khan
,
Rana Shoaib
,
Hasnain Ali Shah
,
Mian Majeed
,
Qasim Ali
,
Ahtisham Khalil
,
Faha Butt
,
Muhammad Yaseen
,
Mahmood Imdad Kihyazai
,
Hasnain Khan
,
Kashif H
,
Shoukat Ali
,
Atif Sohail
,
Talib UL Ilam
,
Alihussain Alihussain
,
Sandhu Jatt
,
Syed Ammar Bukhari
,
Innocent Bhatti
,
Khokhar Khokhar
,
Irem Khan,
Palwasha Khan
,
MUmar Khan
,
Hidayat karim Roghani فیج
,
Ali Ullah Khan
,
Naveed Ahmed
,
Nabel Sh
,
Jalil Sahir
,
Methi Boli
,
Arman Khan
,
R Shah
,
Shahid Ahmad
,
Alli G
,
Awais Khan
,
Sayyad Ullah
,
Badshah Shah
,
Nasir Nasir
,
Sarfraz Jatoi
,
M Abdullah
,
Shah Fahad
,
Nouman Laghari
,
Syed Zain Abbas
,
Usama R
,
Abdul Hayee
,
Shaheen Fahee
,
Shahid Ali
,
Faraz Alvi
,
خیراللہ پشتون
,
Usman Islam Ul Haq
,
Babar Ali
,
Shahid Khan
,
Hafiz Muhammad Usman
,
Ameen Khan
,
Waqas Ali
,
Numan Khan
,
Amlyat Mahir,
Aqib Raza Malik
,
Mehak Shahzadi
,
Ali Hamza,
Nagato Uzumakio
,
Fahad Ali
,
Pardin Kakar
,
Zabi Rajput
,
Saeed Ahmad
,
Arja Arja
,
Mukhlis Log
,
پردیسی فوجی
,
Ali Ali
,
Xtylish Munda
,
Jan Khan
,
Zohan Baloch
,
Rimsha Butt
,
Sardar Junaid Khan
,
Ali Ali
,
Kaie Qabila
,
Junaid Rajput
,
Rahman Ullah
,
Gill Sajid
,
معتصم علی
,
Jabbar Ali Rajput
,
Maryum Khan
,
Mohsin Raza Mohsin
,
Muhammad Danish
,
Azmat Ali
,
Adv Asad Ullah Kaazmi
,
Ismail Ismail Khan
,
Salman Khan
,
Ramzan Jutt
,
Umar Khan
,
Mohammad Ikram
,
Imran Saif
,
Engr M. Shabbir
,
Shakoor Ahmed
,
Emerald Eyes
,
Naveed Ullah
,
Tahmeed Saleheen
,
Danial Rana
,
Md Sohail Khan
,
Safari Zoe
,
Awais Jameel
,
آسٹرولوجر رومی
,
Nomi Nomi
,
Sher Zada
,
كيان السلمي
,
عبداللہ عبداللہ
,
Aesthetic Larka
 See less"
86,aoa khuda ka wasta h AJ challenge phir sa tot gaya Mobil me Gandi video search ki plz iska koi hal bataye bht sad hu 3 din bad tot gaya
87,"نوفیپ چیلنج کے دوران، لوگ مختلف قسم کے مثبت اور منفی تجربات سے گزرنے کی اطلاع دیتے ہیں۔ ان میں سے ایک ""سائیڈ ایفیکٹ"" کو فلیٹ لائن کے نام سے جانا جاتا ہے۔
آئیے جانتے ہیں کہ فلیٹ لائن کی علامات کیا ہیں؟ نوفیپ چیلنج کرنے والے اکثر لوگ   عام طور پر فلیٹ لائن سے منسلک درج ذیل ممکنہ ""علامات"" کی اطلاع دیتے ہیں۔
1۔شہوت ( ہوشیاری) میں کمی ، جنسی طور پر بیدار ہونے کی صلاحیت (تناؤ) میں کمی، مطلب آپ نا مرد محسوس کرنے لگتے ہیں لیکن  پریشان نہ ہوں، آپ کا نفس نہیں گرے گا یا سکڑ کر غائب نہیں ہوگا۔
2۔ تھکاوٹ یا سست محسوس کرنا۔ یہ زیادہ فحش ویڈیو استعمال کرنے والوں میں ،فحش مواد کے   استعمال کو کم کرنے یا ختم کرنے کے بعد رپورٹ کیا گیا ہے ۔
3۔ کم حوصلہ افزائی محسوس کرنا۔ ہو سکتا ہے کہ آپ صحت یاب ہونے کے لیے کم حوصلہ افزائی محسوس کریں۔
4۔بوریت  یعنی آپ محسوس کر سکتے ہیں کہ آپ روزمرہ کی سرگرمیوں سے کم لطف اندوز ہوتے ہیں۔ بعض اوقات، یہ منفی احساسات مزید مسائل، جیسے بے چینی، بوریت، یا نیند کے مسائل میں حصہ ڈال سکتے ہیں۔ یہ ڈپریشن کے ساتھ الجھن وغیرہ ، فلیٹ لائن 2 طرح کی ہوتی ہے ۔
ایک جنسی فلیٹ لائن (جنسی کمزوری یا کمی بیشی) اور ایک جذباتی فلیٹ لائن (حوصلہ افزائی میں کمی)۔ NoFap کمیونٹی کے اندر، فلیٹ لائن میں موجود لوگ فلیٹ لائن کی ایک، کئی، یا اوپر کی فہرست میں سے بہت سی علامات کا سامنا کرنا پڑ سکتا ہے ۔یہ سب بتانے کا مقصد ہے کہ فلیٹ لائن اک عارضی سٹیج ہے. اس طرح کے مسائل سے پریشان نہیں ہونا بلکہ خوشی کی بات ہے کہ آپ کے اندر ریکوری کا عمل جاری ہے۔ See less"
88,Aslam alekum merey chlnge ko 59day ho gaye they me intercourse timing k goli use kye bagair 2 martaba kia jis ki waja se me bht khush tha merey wife ne shadi k lye chali gai thi jis ki waja se me rat ko akely tha or mera chlng toot gaya jiska mje dar tha wahi hua me 20 saal se is me mubtala hon 4 bachy b han me is se nikalna chahta hon dil bht mayoos tha is lye group me msg kia meri group admin or baki sathi rehnumai karey me phr se chlng start kr raha ho Allah sb bhayo ko is lanat se jald az jild azadi ata farmaye See less
89,"Inshallah aaj se challenge shuro kr  rha hun sb bhai dua kre mere liye 
JAZAK ALLAH KHAIR"
90,"فیس بُک سے فحش مواد ہٹانے کا طریقہ 
آج کل سوشل میڈیا حاص کر فیسبوک پر گندی اور فخش سٹوری لگی ہوتی ہے ۔وہ اس طریقے سے بند کرے ۔۔۔۔۔"
91,"Hi everyone...
Mustzani chornay k liay smoking helpful ha ?
Bohat logon sa suna k cigarettes penay sa masturbation quit krnay ma help milti ha because cigarettes penay sa bhi mind ko nicotine milta or mind dopamine release krta same hormone jo mustzani sa bhi release hota jis sa pleasure milta... kindly experts hazrat guide kr dain.. Shukriya"
92,"السلام علیکم امید کرتا ہوں اپ سب خیریت سے ہوں گے
میرا  چیلنج بار بار ٹوٹتا ہے ایک بار 34 دن بعد ٹوٹ گیا اور اب 42 دن بعد ٹوٹ گیا میں بہت پریشان ہوں کیا کروں بہت ہی اپنے اپ کو کنٹرول کرنے کی کوشش کرتا ہوں لیکن پھر بھی ٹوٹ جاتا ہے
مینی مشت زنی بہت کی ہے ٹچ کرنے سے ہی میں فارغ ہو جاتا ہوں یعنی کچھ سیکنڈوں میں
تین مہینے میری شادی ہے میں ریگولر  گيگل ایکسرسائز بھی کرتا ہوں 
مجھے اب مشورہ دے دو کہ میں کیا کروں شادی کروں کیا ڈاکٹر کی ضرورت ہے مجھے کہ نہیں"
93,جب زہن میں کوئی خیال آتا ہے یا کوئی ریلز سامنے آتی ہے تو پینس ایرکٹ ہوتی ہے اور جب زہن سے خیال جاتا ہے تو جلدی ایرکٹ ہونا بلکل ختم ہوتا ہے نارمل ہو جاتا ہے تو یہ نارمل ہے یا کمزوری.؟
94,"پورن بلاکر کا آسان طریقہ کار 
۔
السلام علیکم ورحمۃ اللہ وبرکاتہ پیارے بھائیوں!
 پورنوگرافی ایک انتہائی نقصان دہ، بے حیائی پھیلانے والا اور گناہوں کی طرف لے جانے والا عمل ہے جو انسان کے ایمان، کردار، ذہنی سکون اور ازدواجی زندگی پر منفی اثرات ڈالتا ہے۔
الحمدللہ ایک مفید ویڈیو شیئر کی جا رہی ہے جو ایک بھائی نے بنائی ھے جس میں گوگل کروم کی ایسی آسان  سیٹنگ بتائی گئی ہے جو فحش ویب سائٹس کو بلاک کرنے میں مددگار ثابت ہو سکتی ہے۔ تمام بھائیوں سے گزارش ہے کہ یہ ویڈیو ضرور دیکھیں، دی گئی سیٹنگ اپنے موبائل یا کمپیوٹر میں کریں، اور خود کو اس فتنے سے بچانے کی کوشش کریں۔
یاد رکھیں! گناہ سے بچنے کے لیے صرف ارادہ ہی نہیں بلکہ اسباب کو بھی اختیار کرنا ضروری ہے۔ اللہ تعالیٰ ہم سب کو اپنی نگاہوں، دلوں اور اعمال کی حفاظت کرنے کی توفیق عطا فرمائے۔ آمین۔ جزاکم اللہ خیراً @everyone See less"
95,"آلسلام علیکم ۔ کے بعد عرض ہے کہ میں خیریت سے ہوں امید کرتا ہوں آپ سب بھی خیریت سے ہونگے ۔
میرے مسلۓ ڈر ، خوف ، پریشانی ، جسمانی کمزوری ، دماغی کمزوری ، خود اعتمادی لیول صفر ، ہمبستری ٹائمنگ صفر ۔ چھوٹی چھوٹ بات پر گھبراہٹ ، پریشانی والی بات پر دل کا تیز دھڑکنا ۔۔۔
میری عمر 34 سال
2017 میں شادی ہوئ
اولاد بھی نہیں ہے۔
بیوی 8 سے 9 سال مجھ سے بڑی ہے۔
بہت پریشان بھی رہتا ہوں اللہ کی رضا کیلۓ میری مدد کریں مطلب میری راہنمائ کریں ۔۔۔
78 دن ہو گۓ چیلنج کو آہستہ آہستہ تھوڑا تھوڑا  فرق لگ رہا ہے۔۔۔۔ مگر گھبراہٹ پریشانی ہے کہ دماغ سے نکلتی ہی نہیں۔۔۔۔ میری خوراک بس صرف سادہ روٹی مطلب کھانا کھاتا ہوں۔اور کوئ لمبا چوڑا چکر نہیں ہے See less"
96,السلام علیکم امید ہے تمام لوگ خیریت سے ہوں گے اچھا عرض یہ ہے کہ میں پہلے بھی بتا چکا ہوں کہ اب مہینہ ایک ہو گیا ہوگا کہ میں نے ہینڈ پریکٹس نہیں کی چیلنج وغیرہ نہیں کر رہا تو مجھے پہلے بھی ڈاؤٹ تھا کہ کہیں پیشاب میں منی تو نہیں نکلتی یار قطرے تو نہیں ا رہے تو اج میں نے غور کیا تو پیشاب کے بعد ائے ہیں قطرے وغیرہ چھوٹی مقدار سے زیادہ تھے  مجھے پہلے بھی لگتا تھا میں نے چھ سات سال   پہلے ہینڈ پریکٹس شروع  کی یا اس سے بھی زیادہ ہوسکتا ہے ٹائم اس میں اب مجھے بتائیے کہ یہ کیا کرنا چاہیے کہ کیا کھانا پینا کے چاہیے کہ اگر پیشاب میں قطرے ا بھی رہے ہیں چھوٹے میں تو ایسے کیا چیز کھانے پینی چاہیے کہ یہ قطرے وغیرہ نہ ائے کیونکہ اگر قطرے ائیں گے تو بات تو وہیں رہ جائے گی کرنا نہ کرنا اس میں یہ بتائیں کہ جس سے  سیٹ بھی ہو جائے اور میرے جسم بھی جلدی ریکور ہو جائے چہرے پہ کوئی نشانات وغیرہ  مجھے پہلے احتلام نہیں ہوتا تھا کیونکہ پہلے تو پھر بھی ہینڈ پریکٹس کرتا تھا تو اب تو نہیں کر رہا نا اب احتلام بھی نہیں ہوتا مہینہ ایک ہو گیا ہے ہینڈ پریکٹس چھوڑے ہوئے تو ایسا کیوں ہو رہا ہے کہ اب قطروں میں ا رہا ہے اس وجہ سے احتلام نہیں ہو رہا یہ پوری مجھے سمجھائیں کہ جس سے یہ اپنا میرے قطرے انا بھی بند ہو جائیں ٹھیک ہے اور جسم میں ایسے لگے کہ جیسے جان سی اگئی ہے اور فیس وغیرہ  کلیئر ہوجائے ہے See less
97,میں نے چیلنج شروع کیا تھا لیکن مجھ سے غلطی ہوگئ ۔میرے نفس کے سر میں درد ہوتا ہے کیا وجہ قطرے بھی آتے ہیں جب سوچ آتی ہے کیا علاج ہے پلیز
98,میں نےچیلنج شروع کیا ہے لیکن پورن ایڈکشن کی طرف زہن چلا جاتا ہے جبکہ پھر بھی کوشش کر رہا ہوں کہ پورن نہ دیکھوں لیکن مجبور ہو جاتا ہوں آخر اس کا کیا حل ہو سکتا ہے؟؟ میں نے ایک ڈاکٹر سے یہی مسئلہ پوچھا تو انہوں نے نیند کی گولیاں تجویز کر دی کہ وہ لو نینند آ جائے گی اور بچ جاؤ گے پورن دیکھنے سے
99,May nay 16 month bad challenge tot gya hay ur per say porn lat may mubtla hogya hu kyakru ab buht takklep.day rha hay mujay
100,السلام و علیکم دوستو میں اس وقت دبئی میں ہوں دبئی آتے ہوئے میں نے یہ والا ایپ ڈاؤنلوڈ کیا تھا یہاں پر میرا پانچواں مہینہ شروع ہوگیا ہے لیکن اس دوران میں نے تقریباً 104 بار مش/ت زنی کی پلیز میرا کچھ مدد کریں جاب بھی نہیں مل رہا اوپر سے یہ ٹینشن
101,"الحمدللہ رب العالمین اللہ پاک کا کروڑ کروڑ شکر ادا کرتا ہوں جس نے مجھے ہمت دی اس گناہ سے نکلنے کی اور اس گروپ کو ایڈمن صاحب کا آج چیلنج کو 53 دن ہو گئے ہیں اور رات کو گلط ثواب کی وجہ سے احتلام ہو گیا تھا اور جو بھائی کہتے ہے کہ ناممکن ہے تو بھائیوں کچھ بھی مشکل نہیں ہوتا بس دل کو سمجھا نے کی بات ہوتی ہے اور بھائیوں تنہائی سے بالکل دور رہا کرے اللہ پاک ہمارے گناہ معاف فرما دے آمین ثم آمین 
 اور ہمیں سمجھنے کی توفیق عطا فرمائے آمین"
102,"Aj 55 din bad challenge toot gya, bhot Koshish kee khud ko bacahny kee magar phir bhi toot gyaa, ma pata nahi kab thk ho gaa"
103,"میں اپنے بیوی سے بات کرتا ہوں تو مذی کے قطرے بھت آتے ہے حالانکہ نارمل باتیں ہوتی ہے عام روٹین کے مطابق اور پھر بھی بہت زیادہ گرم ہوتا ہو اور مخصوص اندام کھڑا ہوجاتا ہے میں کیا کروں یار 
چیلنج 97 دن چل رہا ہے الحمدللہ بھت اچھا لیکن یہ مسلہ ہے"
104,آج چیلنج کا 5 دن ہے اس سے پہلے بھی ایک چیلنج 25 دن تک کیا تھا لیکن اج صبح جب سونے کے بعد آٹھ تو کپڑوں پر منی کے نشانات تھے کوی بھائی بتا سکتا ھے یہ کیوں اور کیسے آئے اور کیا اس سے چیلنج ٹوٹ گیا یا نہیں یہ میرے ساتھ زندگی میں پہلی مرتبہ ہوں ہے
105,"Agr khod kesi Kam ko chorny ka irada 1 bar mard kr Le to kia Kuch ni ho skta
Alhamdulillah @"
106,"اسلام و علیکم نعمان بھائ چیلنج کو 130 دن ہو چکے تھے لیکن ایک 2 گھنٹے پورن دیکھ لیا اور ہاتھ سے نفس رگڑا ڈسچارج ہونے لگتا تو رک جاتا بہت ندامت ہو رہی ہے ساری محنت ضائع ہوتی نظر آ رہی ہے 
چیلنج یہ ہی جاری رکھوں یا نیا شروع کروں"
107,معدہ بھی گیس اور جلن کرتی ہے اور دماغ بھی بہت دباؤ میں ہیں یعنی ٹینشن ڈیپریشن یعنی دماغ آہستہ آہستہ کمزوری کی طرف جارہی ہیں دعا میں یاد رکھنا اور یعنی ٹینشن اور ڈیپریشن کا ڈاکٹر کون صحیح ہے
108,"یہاں کچھ لوگ ٹائمنگ یا چیلینج میں ناکامی سے خوفزدہ ہیں 
بھائی میں ایسے لوگوں کو بھی جانتا ہوں جن کی لائف میں کوئی مشت زنی یا بدفعلی نہیں تھی مگر شادی کے بعد ان کو مسائل کا سامنا ہوا۔
کچھ ایسے بھی ہیں جو شادی سے پہلے ہر برے کام کرتے تھے مگر شادی شدہ زندگی بہترین ہوگئی ہے 
( بزرگ کہتے تھے ، منڈے دی شادی کروا دیو آپے سدھا ہوویسی ،
مسئلہ کئی مرتبہ خواتین کے برتاؤ اور مالی دباؤ پر ہوتا ہے 
کئی مرتبہ آپ کے دوست اور کام کے ساتھی بھی ۔
ہماری زیادہ تر شادیاں ہی غلط طریقے سے طے پاتی ہے آپ سب سے پہلے کفو کا دھیان رکھیں ۔ یعنی اپنی برابری میں شادی کریں ۔ پسند کے چکر میں اپنی زندگی برباد مت کریں۔
مثلاً: 
ماچس کی تیلی گیلی ہوگئی آپ بار بار تیلی نکال کر جلا کر چیک کرنا شروع کردیں تو جناب ماچس کی ڈبیا ضائع ہوجائے گی 
لہذا چیک کرنا بند کریں ۔۔ باڈی کے دیگر اعضاء سے خود محسوس ہونا شروع ہوجائے گا کہ اپ ریلیپ ہورہیں کہ نہیں ۔ کندھوں کا بوجھ آنکھوں کا دباؤ کولہے کا درد گھٹنوں کی خشکی یہ آہستہ آہستہ نارمل ہورہی ہیں تو مبارک ہو آپ کا جسم اپنی درستگی پر آرہا ہے 
تھکاوت کم ہورہی ہے نیند سہی آرہی ہے سردرد کم ہوتا ہے تو جناب کسی بھی ٹیسٹ کی ضرورت نہیں 
اگر آپ احتیاط نہیں کرسکتے تو خوراک کی تکلیف نہ کریں الٹا نقصان ہوگا
کم خرچے میں علاج۔
پانی کی کمی نہ ہونے دیں سردی گرمی پیاس بھول جائیں۔
اپنی گنجائش سے زیادہ پانی پیئیں ۔ دن کا کھانا لازمی کھائیں سلاد کا معمول بنالیں چاہے صرف بند گوبھی یا پیاز ہی ہو ضرور کھائیں ایک ٹافی کے برابر گڑ چوس لیں ۔ 
مالش کے چکر میں نہ پڑیں جب تک مکمل صحتیاب نہ ہوں۔ 
مزید معلومات کسی دوسری پوسٹ میں ان شاءالله See less"
109,"پورن ایڈکشن "" کتاب ""
 اقتباس "" 
قسط نمبر # 006 
کیا پورن واقعی ایک نشہ یا  "" لت ""  ہے؟
پورن (Porn) یا پورنوگرافی (Pornography) ہمارے ارد گرد ہر وقت موجود ہے۔ اگر آپ کی جیب میں اسمارٹ فون (اینڈروئیڈ فون، آئی فون ) ہے تو یہ آپ کی جیب میں ہر وقت آپ کے ساتھ گھوم رہی ہے۔ البتہ پورن اتنی عام ہونے کے باوجود ہر معاشرے میں آج بھی بہت ہی غیر مقبول، غیر اخلاقی ، اور نا قابل قبول تسلیم کی جاتی ہے۔ بعض افراد کو اس سے کوئی دلچسپی نہیں، مگر بڑی تعداد اس کے لطف لیتی ہے اور ایک خاصی تعداد پوری دنیا میں ان لوگوں کی ہے جو اس کے نقصانات بھگتنے کے بعد اس سے چھٹکارا حاصل کرنا چاہتے ہیں، مگر چھوڑ نہیں پارہے۔ وہ نہ چاہتے ہوئے بھی باقاعدگی سے پورن دیکھتے ہیں۔ تو کیا یہ بالکل ویسا ہی ایک نشہ ہے جیسے افیون ، بھنگ، سگریٹ، چرس، آئس وغیرہ کا نشہ ہے؟ اس سوال میں سادہ سا جواب تو یہ ہے کہ قانونی طور پر، امریکن سائکاٹرک ایسوسی ایشن (APA) کے مطابق، پورن کو آفیشلی نشوں کی فہرست میں شامل نہیں کیا جاتا۔ لیکن چونکہ اس کا چھوڑنا اور اس سے بچنا انتہائی انتہائی مشکل ہے، اس وجہ سے پوری دنیا میں پورن سے پیدا ہونے سے مسائل ہیں اور اسے نہ چھوڑ سکنے کی بنا پر ویسے ہی نشے والے برتاؤ (behavioral addictions) پیدا ہوتے ہیں جیسے کوئی باقاعدہ نشہ ( officially والے بہت سے
recognized by APA) استعمال کرنے سے ہوتے ہیں۔
چنانچہ امریکن سائکاٹرک ایسوسی ایشن پورن کو با قاعدہ ایڈکشن یا نشہ قرار نہیں دیتی مگر ذہنی صحت کے ماہرین ذہن، جذبات اور برتاؤ پر اس کے اثرات کے بنا پر اس کی تشخیص نشہ یا
addiction کے طور پر ہی کرتے  ہیں۔
*چھٹتی نہیں ہے ۔۔۔۔۔۔!یہ کافر*
اس بات میں تو کوئی اختلاف نہیں کہ پورن کو چھوڑنا انتہائی  مشکل ہے۔ بمشکل چند ہی افراد ہوں گے جنہوں نے ادھر اسے چھوڑنے کا ٹھانا ہو، اور اُدھر اسے چھوڑ دیا ہو۔( 2015 )  میں شائع ہونے والے تحقیقی مقالات کے مطابق، انٹرنیٹ پورنوگرافی کا میکانزم substance addiction جیسا ہے۔ ان مضامین میں با قاعدہ پورن دیکھنے والوں اور پورن نہ دیکھنے والوں کے دماغوں کی حالت کا جائزہ لیا گیا ہے، اور بتایا گیا ہے کہ الکحل یا ڈرگ استعمال کرنے والوں کے دماغ اور پورن دیکھنے والوں کے دماغوں کی حالت ایک جیسی پائی گئی۔
*پورن ایڈکشن کی چند عام علامات۔۔۔۔۔۔!*
پورن ایڈکشن کی چند مخصوص علامات ہیں جو کسی فرد کے اندر پائی جائیں تو اس سے یہ اندازہ لگایاجاسکتا ہے کہ وہ کسی نہ کسی درجے میں پورن ایڈکشن میں مبتلا ہو چکا ہے۔
  آپ کو لگے کہ آپ روزانہ بہت زیادہ وقت پورن دیکھنے میں گزار دیتے ہیں کہ جس
سے آپ کی کارکردگی متاثر ہوتی ہے۔
 کسی الجھن یا پریشانی کی صورت میں آپ کو پورن کی طلب (porn fix) ہوتی ہے
اور یہ د یہ دیکھنے سے آپ کو کو تقویت ملتی ہے۔
 پورن دیکھنے کے بعد اسے دیکھنے کا افسوس ہوتا ہے۔
 پورن کے اثرات آپ کی زندگی کے تمام شعبوں میں آپ کو محسوس ہونے لگتے ہیں۔
 آپ کسی بھی کام میں مصروف ہوں، ان چاہے پورن کی طرف توجہ جاتی ہے۔6️
 گھنٹوں پورن ویب سائٹس پر گزار دیتے ہیں جس کا مطلب ہے کہ آپ کے اپنی ذمےداریوں کا احساس ختم ہو گیا ہے یا ہو رہا ہے۔
 آپ چاہتے ہیں کہ عملی زندگی میں پورن مناظر والی حرکات ہوں اور اس کیلئے اپنے
شریک حیات کو مجبور کرتے / کرتی ہیں۔
 پورن دیکھے بغیر جائز ازدواجی سرگرمی میں لطف نہیں آتا ۔
 نقصان اٹھانے کے باوجود ( کام، معاش، صحت وغیرہ) کے بعد بھی اسے چھوڑ نہیں پار ہے۔
  جنسی بھڑک کی وجہ سے اپنے برتاؤ کو کنٹرول نہیں کر پار ہے ۔
جب آپ تنہا ہوں، اور کسی بھی وجہ سے طبیعت میں بیزاری، پستی ، مایوسی، گھبراہٹ ہو توخود بخود پورن کی طرف کھنچے چلے جائیں۔
*جاری ہیں۔۔۔۔۔!* 
*کتاب "" پورن ایڈکشن*
*مصنف "" سید عرفان احمد*
*تحریر وترتیب "" شاہ اسماعیل*
*یہ تحریر دوسروں کی بھلائ کے لئے شئیر ضرور کریں* See less"
110,مذی کے قطرے آتے ہیں کیسے کنٹرول کیا جائے
111,Challenge start dua krna sb Bhai mery liye
112,یا اللہ اس جمعہ کے مقدس دن سب no fap  ممبرز کے لیے اسانیاں پیدا کر امین ثم امین
113,Assalamualaikum kia Hal han sab ke aik Banda ha porn tu ni keh sekh te aus me sex tha Thora bhut bahbhi dodh wali video dekh le Kuch 2 minutes ya 3 minutes phr Allah ka keyal ya wehse foran video dekh na chor de Kya cahlnnge tot jaye ga
114,"Let's welcome our new members:
( اہم گروپ رولز ) جن پر عمل کرنا انتہائی ضروری ہے۔
1) کوئی بھی ممبر کسی بھی پوسٹس یا کمنٹ پر ھنسی 
 اور اینگری 
 والی ایموجی نہیں لگائے گا۔ 
2) کوئی بھی ممبر کسی کو بھی ان باکس نہیں بلائے گا  
3)گروپ میں کسی بھی قسم کی میڈیسن دوائیاں ،نسخے تجویز کرنا سختی سے منع ہے ۔ 
رولز کی خلاف ورزی کرنے کی صورت میں اسی وقت گروپ سے ہٹا دیا جائے گا ۔  ان شاءاللّٰہ 
Shabeer Ahmed
,
Zaid Khan
,
Khan Khan
,
Abdullah Ahmar
,
Imadullah K Imad K
,
Gul Nabi
,
Samrty Blu
,
Shahid Ali
,
Hamid Ali
,
Wãséém Jååm
,
Muhammad Umar
,
Riaz Ahmad BaLoch
,
Talha Balouch
,
Basit Ali
,
Rajpoot Thakur
,
پنکی گوگئ
,
Mian Abrar Mian Abrar
,
Shan Ali
,
شعيب احمد
,
Faisal Khokhar
,
Tribal Cheif
,
Syed King
,
Shoialalisha Sha
,
Shakil Sorathia
,
Urooj Fatima
,
Mohammad Yousuf
,
Sabir Shah
,
Malik Siraj Awan
,
Usman Ali,
Rayees Rajpot
,
Waseem Mehmood
,
Ali Abdullah A,
Haleem Kakar
,
Samandar Pathan
,
Haq Nawaz Malik
,
عبدالرحمان قریشی
,
Muhammad Amir
,
Ahmad Abdul
,
Batool Malik
,
Meer Mallah
,
Samee Khan
,
M S Prizaad
,
Sayed Jafriee
,
Abid Ktk
,
Raja Mehmood Baloch
,
Qais Qais
,
Owais Raza
,
ابو عمر وزیر
,
M. Waleed
,
Àb À Śśį
,
Farman Khan
,
Usman Abbasi
,
Shafi Ullah
,
Muzamil Bhutta
,
Saif Yasir
,
Naseem Baloch
,
Mudassir Nawaz
,
Khan Jee
,
Tahir Khan
,
Good Luck Bro
,
Hafeez Ullah
,
شاہ صیب
,
مجبورہ زندگی
,
Jegar Jan
,
Aftab Saith
,
Taimoor Khan
,
M Shah Sahab
,
Husnain Hussy
,
Romi Mehar
,
Waqas Yousufzai
,
H. Nadar SHah
,
Shahzain Malik
,
Fari Fari
,
Saleem Khan
,
Ishaq Chandia Ishaq Chandia
,
Hassan Bhi
,
Muhammad Abid
,
Masood Shahzaib
,
Mehtab Pmln
,
Malik Bhai
,
Jutt Saab
,
Hasnain Sonu
,
Nomi Ch,
Shahid Blouch
,
اظہر محمود مہر
,
Dani Raja
,
Murshid Jaleel
,
Najaf Raza Sherazi
,
Prince Sufyan
,
Hassan Sha
,
Ãdèéł Aadi
,
Nadeem Zubair
,
Hafiz Anas
,
Chaudhry Abdul Rehman Arain
,
Raa Dilshad Hussain
,
Farida Hussain
,
Gulshan Gohsi,
Kamil Kamil
,
Ali Saim
,
Imran Nasir See less"
115,مجھے پیشاب کے ساتھ قطرے آتے ہیں 6 مہینوں سے ایسا ہو رہا ہے جسم ہر وقت ٹوٹا ہوا رہتا ہے بہت کمزوری ہو گئی ہے چیلنج کو 100   دن ہو گئے ہیں بہت پریشان ہوں
116,aaj Mere 18 din hogy laiken bv k sath 2 Baar himbistari kr lee Kiya challenge toot gya?
117,kia zaitoon aur long ka tail (oil) ham wazan lay ker mix ker lay aur rozana ya week mein 2 bar penis pay sonay say pehlay massage karen tu faida ho ga ya nhi apni rai den meherbani hu gi yeh tail nafas ki sakti kay liay hai ...
118,ma kya kro bht sad hu challang tot gaya..Sara khtak TikToker ki video dekhi wasy TikTok dekh rahta plz Hal btye
119,Maine abi haat mai pkr k hilaya koi porn ya sexual content ni dekha bs thora sa hilaya erection hui phir maine chor diya phir so gyaa mera challenge to ni toota ?
120,"Hi 
Mny kafi saal sy hath ka use kiya h or ab mri 2 month bd shadi h or mjy fikar lgi h bacha ho jay ga ya ni Yr koi bhai is bary m bta sakta h kya m tension m hu"
121,Assalamualaikum kase hn sb member aik masla pochna thabhot preshan hon shadi ko 2 sal ho gey erection problem bhot aa rha ha pehle thek the 5 days hue hn erection problem bhot ho rhe  romance time erection hote h jb hmbestri krne lgta hon erection chle jate h is waja se bhot preshan hon mje admin hazrat bta den homeopathic medicine lene chaheiye ya urologist doc  se medicine lene chaheiye tanke ye masla solve ho jaey hmesha ke leye bhot  tens ho rhe. rehenmai kr den  shukriya See less
122,آج میرا چیلینج 101 دن بعد ٹوٹ گیا آج بہت زیادہ افسوس ہو رہا ہے پلیز دوستوں بتاؤ اب میں کیا کروں
123,Assalam o Aalikum mera challenge thik jaa rha ha bs morning erection mai thora fault ha or size bii chota ha challenge day 05 inshaAllah 30 din py set kiya ha or challenge break ni hoga
124,Meri age 33 hai kia surbex Z doctor kay mashwaray kay baghair use ker saktay hain aur kis istemal krni chahie rehnumae karen aur kitna arsa use krni chahie takat kay liay ??
125,main 2019 se hand practicing krta ahra hn main kuch time skip krta hn phir se krna lag jta hn mere age abi 22/23 he or mujhe blood relations me be sex ki kashish hoti he or involve be rha hn na chata hue be nahi ruk pa raha hn
126,"ایک مسئلہ ہے بد نظری بہت ہوتا ہے اگر کوئی لڑکی کہی جارہی ہو تو بس دل میں غلط خیال آتا ہے اور دل کرتا ہے بس اس کو دیکھ تا رہو اور اس طرح سوشل میڈیا پھر بھی..! 
حل کیا ہے اس کا .؟"
127,"شادی سے کتنا عرصہ پہلے ٹیسٹ کروانے چاہیے تاکہ پتہ چل سکے سب کچھ نارمل ہے 
ٹیسٹ کے لیے مشت زنی کرنی پڑتی ہے؟
یا کوئ اور طریقہ ہے"
128,السلام علیکم دوستو اج میں نے ٹیسٹ کے لیے ایا تھا اور ادھر سیمن کا ٹیسٹ دیا منی کا اس سے چیلنج ٹوٹتا ہے یا نہیں
129,السلام علیکم دوستو ون 103 چیلنج کرنے کے بعد یہ میرا رپورٹ ہے اپ لوگ دیکھیں ور مجھےمجھے بتائی نارمل ہے یا کوئی مسئلہ ہے
130,"السلام وعلیکم 
میری عمر کوئی 21 برس ہے اور مجھے یہ بھی یاد نہیں میں اس فعل بد میں کتنے عرصے سے پرا ہوا ہوں میرا وزن اس وقت 50 کلو سے بھی کم ہے اور  حالت سے کوئی 16 سال کا بچہ لگتا ہوں اِس لت نے جتنا مجھے برباد کیا ہے اتنا کسی اور کو برباد نہیں کیا ہوگا میں نے یہ کام اتنا کیا ہے کہ میرے نفس سے خون جاری ہو جاتا تھا کچی عمر تھی اور کسی کو پتہ بھی نہیں تھا میں کیا کیا کرتا رہا ہوں اب میری حالت یہ ہے کہ میں  میری صحت بہت کمزور ہے نہ چہرے پر رونق ہے میرے ساتھ کے لوگ اپنی تعلیم کر کے کہا سے کہا جا رہے ہیں میں شیشے میں اپنے آپ کو دیکھتا ہو تو مجھے اپنے آپ سے گھن آتی ہے میرا سب بھائیوں کو مشورہ نہی بلکہ نصیحت ہے کہ اِس سے دور رہو یہ آپ کو ختم کر دے گا اور آخر میں اپنے  مجھے کوئی بتاؤ اس سے ریکور کس طرح ہونا ہے جس سے میری صحت بحال ہو سکے اور انسانوں والا حلیہ بن سکے مجھے کوئی باڈی بلڈر نہیں بنا لیکن مجھے اپنا حلیہ درست  کرنا ہے See less"
131,Asalam o alaikum aik bar phir challenge shooro kia he Allah se Dua he is baar Mera challenge poora ho jaye
132,Assalamualaikum umeed karta ho sab thk hoso mare age 21 ha our mare hight 5 foot ha mare hight zeyada nahi ho Rahe ha our ma exercise be karta ho mara weight 55 ha to be zeyada nahi ho Raha ha mana 90 days ka challenge be complete kia howa ha is masla ka koi haal Bata do
133,السلام علیکم دوستوں امید ہے آپ سب خیریت سے ہوں گے آج میرے چیلنج کو 111 دن ھو گئے تھے اور میں نے نفس کو ہاتھ بھی نہیں لگایا اور ٹیوب ویل کے پانی کے سامنے بیٹھا رہا اور اچانک منی کا اخراج ہو گیا تو کیا چیلنج ٹوٹ گیا یا ابھی بھی چیلنج ہے پلیز رہنمائی کر دیں
134,ایڈمن بھائ جو آپ مشہور porn blocker app ریکمنڈ کرتے تھے اس کا لنک دے دو
135,"Assalamualaikum
Day 9
Weight 54 kg
Hight 5feet 6inch
Age 21 
پلیز کوئی اچھی سی خوراک بتادیں ایڈمن صاحب
 بھائی رانا عاطف اینڈ نعمان سعید اینڈ آل ممبر  
جس سے منہ پر خون آجاۓ باڈی جسامت اچھی بن جاۓ دودھ لے رہا ہوں آدھا کلو صبح آدھا کلو شام پکا کر کیا یہ صحیح رہے گا اور جسم میں طاقت محسوس کر رہا ہوں دو تین دنوں سے
باقی اللہ سلامت رکھے آپ سب کو تھینک یو آل ممبر اینڈ ایڈمن See less"
136,"اسلام علیکم ورحمتہ اللہ وبرکاتہ کیا حال ہے جی امید ہے سب بھائی خیریت سے ہوں گے 
الحمد للّٰہ رب العالمین۔ اللّٰہ پاک کا جتنا شکر ادا کرو اتنا ہی کم ہے الحمد للّٰہ رب العالمین اللّٰہ پاک کے فضل و کرم سے آج میرے چیلنج کو 1 سال الحمد للّٰہ رب العالمین مکمل ہو گیا ہے اللّٰہ پاک کا لاکھ لاکھ شکر ہے کہ اللّٰہ پاک نے مجھے اس لت سے بچایا میں کبھی زندگی میں سوچ بھی نہیں سکتا تھا کہ میں اس لت سے بچوں گا لیکن اللّٰہ پاک کے فضل و کرم سے اللّٰہ پاک کا اتنا بڑا کرم ہوا کہ میں سوچ بھی نہیں سکتا اور دوسرا اللّٰہ پاک کی اتنی کرم نوازی ہے کہ مجھے لگتا ہے کوئی معجزہ ہوا ہے الحمد للّٰہ رب العالمین اتنا سکون آ گیا ہے کہ بس اب میں کیا لکھوں اتنی زندگی پر سکون ہو گئ ہے مجھے الحمد للّٰہ 
کہ کبھی کبھی لگتا ہے میں دنیا میں نہیں ہوں 
انسان ہوں غلط خیالات بھی آتے ہیں سوچ بھی آتی ہیں لیکن الحمد للّٰہ اللّٰہ پاک کا لاکھ لاکھ شکر ہے کہ غلط خیالات یا سوچ وقتی آتی ہے اور الحمد للّٰہ اللّٰہ پاک بچا لیتا ہے الحمد للّٰہ میرے دل کو میرے جسم کو ذہن کو اللّٰہ پاک نے اتنا سکون بخشا کہ الحمد للّٰہ میں کیا ہی کہوں 
نوٹ 
میرے بھائیوں زندگی عارضی ہے اک نہ اک دن ہم سے واپس لے لی جائے گی اس سے پہلے اپنے رب کی طرف لوٹ پھر کہیں دیر نہ ہو جائیں ہم انسان سے ہم سے غلطیاں ہو جاتی ہے اپنے رب کے حضور پیش ہوں سچی توبہ کریں اللّٰہ پاک سے مدد طلب کریں کہ یا اللّٰہ پاک آپ مالک ہے خالق کائنات ہے آپ جو چاہیے کر سکتا ہے مجھے بھی اور سب کو گناہوں سے بچا لے اپنے اللّٰہ پاک سے مانگیں رو رو کر مانگیں اللّٰہ پاک اپنے بندے سے بہت محبت کرتا ہے 
میرے بھائیوں نماز کی پاپندی کریں قرآن پاک پڑھیں ذکر و اذکار کریں درود شریف پڑھیں جن بھائیوں کو چیلنج مشکل لگتا ہے وہ اللّٰہ پاک کے فضل و کرم سے روزہ رکھیں اللّٰہ پاک سے گڑ گڑا کر مانگیں اک اللّٰہ پاک ہی تو ہے جو ہم کو سب کچھ عطاء کر سکتا سب کچھ مانگیں ہمارے مانگنے میں کمی ہو سکتی ہے اللّٰہ پاک کے عطاء کرنے میں نہیں 
جو بھائی چیلنج کر رہے ہیں اللّٰہ پاک آپ کو کامیاب کرے دُنیا و آخرت کی کامیابیاں عطاء فرمائے اور ہم سب کےلئے دعا کیجیے اللّٰہ پاک ہم سب کی نیک خواہشات دلی مراد پوری کرے آمین ثم آمین یارب العالمین 
 اگر کوئی لفظ لکھنے میں غلطی ہوئی ہو معذرت خواہ ہوں 
شکریہ مجھے بھی دعائیں میں یاد رکھیں اللّٰہ پاک ہم سب کا حامی و ناصر ہو آمین ثم آمین یارب العالمین 
 شکریہ سب بھائیوں سلامت رہو ایڈمن گروپ ممبر اللّٰہ پاک آپ سب کو جزائے خیر عطاء فرمائے آمین ثم آمین یارب العالمین 
 شکریہ جی See less"
137,"اسلام وعلیکم ۔۔ امید ہے سب بھائی خیریت سے ہوں گے میں ایک میچور اور شادی شدہ آدمی ہوں الحمدللہ 2 بچوں کا باپ ہوں عمر 30 سال ہے۔ شادی سے پہلے اس بری عادت میں 12 سال برباد کیے لیکن شادی کے بعد چھوڑ دی تھی لیکن جب سے سعودی عرب آیا ہوں پھردوبارہ اس جنگل میں گر گیا ہوں ۔۔لیکن الحمدللہ چلینج کا 41 واں دن ہے اور پہلے بھی 40 دن بعد ٹوٹ گیا تھا لیکن اس بار انشاء اللہ رپلیس نہیں ہونے دوں گا ۔۔ایک مسلہ محسوس ہو رہا تھا 12 دن پہلے احتلام ہوا تھا اس۔ میں منی کی مقدار اچھی تھی لیکن آج پھر احتلام ہوا ہے منی بلکل تھوڑی اور بہت گاڑی تھی جب احتلام ہوا تو نفس میں بہت جلن ہوئی ۔۔مجھے لگا کہ گرمی تو نہیں ہو گئی ۔۔میری خوراک صبح ناشتہ میں رات کا پانی میں بھگویا ہوا اسپغول ،توپ ملنگہ ،گوند کتیرا دودھ میں ملا کر پیتا ہوں بعد میں رات کے بھگوے  ہوے بادام اور کشمش کھاتا ہوں اور بعد میں کوئی پھل وغیرہ بھی کھا لیتا ہوں اور دوپہر میں چاول کھاتا ہوں اور ساتھ سلاد میں پیاز،خیرا،ٹماٹر بھی روزانہ کھاتا ہوں ۔شام کو ایک روٹی اور 3 دن بعد ایک انڈا کھا لیتا ہوں ۔۔رات کو روزانہ 45 منٹ ورزش بھی کرتا ہوں ۔۔اب 2 مہینے  میں نے چھوٹی جانا ہے تو خوراک یہی ٹھیک ہے کہ کچھ بہتر ہو سکتی ہے ۔۔ thank u 
 See less"
138,"Assalamualaikum! brothers Meri abhi shadi hoi ha, 2 months hogy, mjy hambistri krty hoye difficulties hoti Hain, errection hota ha jab ma hambistri krny lgta hon errection Kam hojata ha, within minutes 
please Guide me."
139,"میں جانتا ہوں کہ مجھے کیا کرنا چاہیے ، پھر بھی نہیں کرتا ، یہ میری نفسیاتی کمزوری ہے یا میرے دماغ کی کوئی چال؟
تحریر شاہد سید مائنڈ ہیلر
آپ نے کبھی رات کو سوتے وقت خود سے وعدہ کیا ہو کہ کل سے سب بدل جائے گا اور صبح اٹھ کر وہی پرانی زندگی شروع ہو گئی ہو؟ اگر ہاں ، تو یہ آرٹیکل آپ کے لیے ہے۔
عمر پینتیس سال کا ایک ذہین آدمی ہے اسے دیکھنے والے کہتے کہ اس آدمی کو کیا کمی ہے۔ لیکن عمر کے اندر ہر رات ایک عدالت لگتی تھی۔ وہ جانتا تھا کہ اسے صبح پانچ بجے اٹھنا چاہیےنہیں اٹھتا تھا۔ جانتا تھا کہ وہ کتاب جو تین مہینے سے میز پر رکھی ہے اسے پڑھنی چاہیے نہیں پڑھتا تھا۔ جانتا تھا کہ اپنے والد سے بات کرنی چاہیے جو بیمار تھے ٹالتا رہتا تھا۔ جانتا تھا کہ موبائل کم استعمال کرنا چاہیے پھر بھی رات کے دو بجے تک اسکرول کرتا رہتا تھا۔ 
ہر رات وہ سوچتا کہ میں کمزور ہوں۔ میں نکما ہوں۔ مجھ میں ہمت نہیں۔ اور یہ سوچ اسے اگلے دن اور بھی بے بس بنا دیتی تھی۔
 ایک دن اس نے مجھ سے پوچھا شاہد صاحب، کیا میں واقعی اتنا کمزور ہوں؟
میں نے کہا عمر ، آپ کمزور نہیں ہو۔ آپ کا دماغ بالکل ٹھیک کام کر رہا ہے۔ بس آپ اسے سمجھ نہیں رہے۔ انسانی دماغ کا تقریباً پینتالیس فیصد روزمرہ رویہ شعوری فیصلوں سے نہیں بلکہ خودکار نظام سے چلتا ہے۔ یعنی آپ سوچتے ہیں کہ آپ فیصلہ کر رہے ہیں، لیکن دراصل آپ کا دماغ پرانی پروگرامنگ چلا رہا ہوتا ہے۔
آپ کے دماغ میں دو حصے ہیں جو اکثر آمنے سامنے ہوتے ہیں۔ ایک ہے پری فرنٹل کورٹیکس، یہ وہ حصہ ہے جو سوچتا ہے، منصوبہ بناتا ہے، جانتا ہے کہ کیا کرنا چاہیے۔ دوسرا ہے لمبک سسٹم یہ وہ حصہ ہے جو فوری آرام چاہتا ہے، خطرے سے بچنا چاہتا ہے، اور آسان راستہ ڈھونڈتا ہے۔
جب آپ صبح پانچ بجے اٹھنے کا ارادہ کرتے ہیں تو پری فرنٹل کارٹیکس کہتا ہے اٹھو۔ لیکن لمبک سسٹم کہتا ہے ابھی ٹھنڈ ہے، بستر گرم ہے، پانچ منٹ اور۔ اور اکثر لمبک سسٹم جیت جاتا ہے کیونکہ یہ کروڑوں سال پرانا نظام ہے اور بقا کے لیے بنا ہے۔ آپ کا ارادہ صرف چند ہزار سال پرانا ارتقائی ہے۔
یہ کوئی نفسیاتی کمزوری نہیں۔ بلکہ یہ دماغ کی بنیادی ساخت ہے۔ اس سے بھی دلچسپ بات یہ ہے کہ ہارورڈ یونیورسٹی کے ماہر نفسیات ڈینیل ویگنر نے ثابت کیا کہ جب آپ کسی کام کو ""نہ کرنے"" کی کوشش کرتے ہیں تو دماغ اسے اور زیادہ یاد کرتا ہے۔ یعنی جتنا آپ خود کو روکنے کی کوشش کرتے ہیں، اتنا ہی دماغ اس طرف کھینچتا ہے۔ اسے وائٹ بیئر فینومینن کہتے ہیں۔ اسی لیے ""میں موبائل نہیں دیکھوں گا"" کا عزم عموماً ناکام ہوتا ہے۔
یہاں اصل مسئلہ ارادے کا نہیں شناخت کا ہے این ایل پی میں ایک بنیادی اصول ہے کہ انسان کا رویہ اس کی شناخت سے جڑا ہوتا ہے۔ آپ وہی کرتے ہیں جو آپ سمجھتے ہیں کہ آپ ہیں۔
عمر کے ساتھ یہی ہو رہا تھا۔ اس نے سالوں میں خود کو یہ شناخت دے لی تھی کہ میں وہ آدمی ہوں جو شروع کرتا ہے اور پورا نہیں کرتا۔ اور جب یہ شناخت مضبوط ہو جائے تو دماغ ہر بار اسی کی تصدیق کرتا ہے۔ یہ آئیڈینٹٹی لیول بیلیف کہلاتا ہے اور یہ رویے کی سب سے گہری جڑ ہے۔
اس کا حل یہ نہیں کہ آپ زیادہ زور لگائیں۔ حل یہ ہے کہ آپ اپنی شناخت بدلیں۔ یہ نہ کہیں کہ مجھے ورزش کرنی چاہیے بلکہ کہیں کہ میں وہ انسان ہوں جو اپنے جسم کا خیال رکھتا ہے۔ نہ کہیں کہ مجھے کتاب پڑھنی چاہیے بلکہ کہیں کہ میں سیکھنے والا انسان ہوں۔ یہ فرق معمولی لگتا ہے لیکن شناخت کی سطح پر آنے والی تبدیلی دماغ میں نئے نیورل پاتھ ویز بناتی ہے جو رویے کو مستقل بدل دیتے ہیں۔
اللہ تعالیٰ نے سورہ الرعد میں فرمایا کہ اللہ کسی قوم کی حالت نہیں بدلتا جب تک وہ خود اپنے اندر کی چیز نہ بدلے۔ یہ آیت صرف مذہبی نصیحت نہیں  یہ نفسیات کا سب سے گہرا اصول ہے۔ اندر کی چیز کیا ہے؟ وہ شناخت ہے، وہ یقین ہے جو آپ نے اپنے بارے میں بنا رکھا ہے۔ نفسِ امارہ وہ نفس ہے جو فوری خواہش کی طرف کھینچتا ہے، بالکل ویسے جیسے لمبک سسٹم کام کرتا ہے۔ نفسِ لوامہ وہ ہے جو ملامت کرتا ہے، پچھتاتا ہے یہ پری فرنٹل کارٹیکس کی آواز ہے۔ اور نفسِ مطمئنہ وہ سطح ہے جہاں دونوں میں توازن آ جاتا ہے۔ یعنی قرآن نے جو نفس کا نقشہ دیا آج نیوروسائنس اسی کو مختلف ناموں سے ثابت کر رہی ہے۔
میں نے عمر کو ایک سادہ سی بات کہی۔ میں نے کہا کہ کل صبح جب الارم بجے تو اٹھنے سے پہلے تین سیکنڈ کے لیے خود سے کہو کہ میں وہ انسان ہوں جو اپنے وعدے پورے کرتا ہے۔ بس یہی۔ کوئی بڑا منصوبہ نہیں، کوئی بڑی تبدیلی نہیں۔ صرف یہ تین سیکنڈ کا جملہ۔تین ہفتے بعد عمر نے مجھے بتایا کہ وہ لگاتار اٹھارہ دنوں سے صبح پانچ بجے اٹھ رہا ہے۔ اور حیرانی کی بات یہ تھی کہ اسے زیادہ زور نہیں لگانا پڑا۔ شناخت بدل گئی تو رویہ خود بدل گیا۔
عملی مشق شناخت کا بیج
آج رات سونے سے پہلے ایک کاغذ پر لکھیں کہ وہ ایک کام کیا ہے جو آپ جانتے ہیں کرنا چاہیے لیکن نہیں کر رہے۔ پھر اس کام کے ساتھ ایک شناخت جوڑیں۔ یہ نہ لکھیں کہ مجھے یہ کرنا چاہیے بلکہ لکھیں کہ میں وہ انسان ہوں جو یہ کرتا ہے۔ اور کل صبح اٹھتے ہی، آنکھ کھولتے ہی، وہ جملہ تین بار دل میں دہرائیں۔ یہ نیوروسائنس کی زبان میں پرائمنگ کہلاتا ہے اور این ایل پی میں اینکرنگ لیکن اسے صرف اپنا وعدہ اپنے آپ سے سمجھیں۔
آپ کمزور نہیں ہیں۔ آپ کا دماغ بس ابھی تک پرانی زبان بول رہا ہے۔ اسے نئی زبان سکھانا آپ کے ہاتھ میں ہے۔ اور یہ سفر آج رات اس ایک جملے سے شروع ہو سکتا ہے۔
آپ سے ایک سوال وہ ایک کام کیا ہے جو آپ عرصے سے جانتے ہیں کرنا چاہیے لیکن ابھی تک نہیں کیا؟ کمنٹ میں لکھیں  لکھنے کا عمل بھی خود ایک قدم ہے۔ 
شاہد سید See less"
140,"اسلام علیکم کیسے ہیں آپ سب مجھے آپ سب سے ایک مشورہ چاہیے 
میں نے پہلے چیلنج شروع کیا تھا 57 دن کے بعد ٹوٹ گیا پھر سے شروع کیا وہ 12 دن کے بعد ٹوٹ گیا اب چھوڑ نہیں پا رہا ہوں مشت زنی کرنے کے وجہ یہ ہے
الحمداللہ میں پانچوں وقت نماز اور صبح کے وقت قرآن مجید کی تلاوت بھی کرتا ہوں میں مشت زنی عبادت بچانے کے لیے کرتا ہون وہ اس لیے کہ جب میں ایک دن مشت زنی کرتا ہوں تو اگلے دو دونوں تہ سکون رہتا ہے نفس خود با خود کھڑا نہیں ہوتا لیکن دو دن کے بعد نفس کھڑا ہو جاتا ہے اور عبارت کے دوران مذی خارج کرکے عبادت خراب کرتا ہے اور کپڑے بھی ناپاک اور وضو بھی ٹوٹ جاتا ہے۔ ویسے میرا مشت زنی میں کوئی دلچسپی نہیں ہے ممکن ہے کہ سات آٹھ ماہ بعد شادی ہو عمر 18 سال ہے۔ ابھی بھی چیلنج شروع کیا ہوا ہے آج 6 دن پورے ہونگے۔ 
آج بھی مذی خارج کیا کل بھی کیا تھا۔ 
مشورہ دے دیں کیا کروں۔ See less"
141,"assalamualikum 
aaj mera challenge ka 52 days mukammal hogae 
aur ye in 13 saaloun me mera pehla barra challaenga hai 
msla ye hai  ke mjhe aksar khialaat aate hai jis ki waja se peshaab ke baad gharre gharre qatre aate hai  abi kuch din baad shaadi b hai
plz 
ye qatre q aate hai"
142,"Let's welcome our new members:
( اہم گروپ رولز ) جن پر عمل کرنا انتہائی ضروری ہے۔
1) کوئی بھی ممبر کسی بھی پوسٹس یا کمنٹ پر ھنسی 
 اور اینگری 
 والی ایموجی نہیں لگائے گا۔ 
2) کوئی بھی ممبر کسی کو بھی ان باکس نہیں بلائے گا  
3)گروپ میں کسی بھی قسم کی میڈیسن دوائیاں ،نسخے تجویز کرنا سختی سے منع ہے ۔ 
رولز کی خلاف ورزی کرنے کی صورت میں اسی وقت گروپ سے ہٹا دیا جائے گا ۔  ان شاءاللّٰہ 
Ahmad Khan
,
Mussadeq Zaman
,
Muhammad Daniyal
,
Irshadali Aliirshad
,
Harry Roy
,
Bilal Jutt
,
Amir Khan
,
Sajid Chohan
,
Asmatullah Khan
,
Bright Moon
,
Ali Ahmed
,
Zubiyaa Shah,
C M Wattoo
,
Waseem Jaan
,
Sohail Ahmad Ahmad Sohail
,
M Yaseen
,
Syed Hamza,
Muhammad Bilal
,
Muhammad Ashir
,
RJ Kashif
,
Imran Shakir
,
Jamshed Khan
,
Kaleem Awan
,
AamirSjan AamirSjan
,
Atta Gk Hun Yar
,
Zara Noor Khan,
Muhammad Ali
,
علی زرعی کارپوریشن
,
Abu Bakr
,
سرائیکی شہزادہ
,
Abid Maher Sofder
,
Rashid Shahzad
,
Asif Durrani
,
سعد چوہدری
,
Dawood Daud Khaleeq Bhatti
,
Jhangeer Khan
,
Areeb Khan
,
Hussan Fatima
,
Usama Keerio
,
سردار افتخار بلوچ
,
Dewan Husnain Ijaz,
Sadeq Khan
,
Hamza Rana
,
Razaq Razaq
,
ابو ابراہیم
,
Shakeel Butt
,
Masif Asif
,
Sharif Khan
,
Qasim Chohan
,
Lund Ki Diwani
,
Baba Ali
,
Hammad Bin Shafqat
,
AbduRrahman MK
,
Legends Larka
,
Wwqar Ali
,
Muhammad Irfan Muhammad Irfan
,
Tando Alhayr Booy
,
Zubair Shah Zubair Shah
,
Sain Baba Sain
,
Yasir
,
Farhan Pathan
,
Hareem Fatima
,
Abdul Mateen
,
Malik Asad
,
Alo Alo
,
Niaz Aasi
,
Adnan Tabaty
,
Tariq Qamar
,
Mahi Rahi
,
Nimra Mughal,
Saimshah Awan
,
M Jamal Jutt
,
Kashif Manzoor
,
Anaya Khan
,
Irfan Ali Laghari
,
Docter Hon
,
عثمان کشمیری
,
Raza Rajput
,
Muhammad Abdullah
,
Yasir Khan
,
Basharat Ali Tahir
,
Asif Khan
,
Shoaib Khan
,
Younis Narejo
,
Ch Sahb
,
عشق لا حاصل
,
Rehan Amran
,
Mian Aahil
,
Bhagi Awan
,
Azad Qalam
,
محمد عبداللہ
,
Yasin Afgar
,
Muhammad Ahsan Ishfaq
,
Zafar Iqbal Mughal
,
Faisal Mushtaq
,
Amir Wali
,
Irxlan Xaeed
,
Muhammad Amir Khan Qalandar
,
Asmat Bilal
 See less"
143,"Assalam-o-alaikum 
Umeed krta hon ap sb kheriyat se hon gy
Meri umer 26 saal he or me online work krta hon... online working me girls bhi mery sath team me work krti hen jb bhi me unse Kam ke silaaly me  bat krta hon to mery nafs khraa ho jata he or lase dar qatry aaty hen plz hall bta dein"
144,السلام عليكم دوستوں میری شادی کو پانچواں مہینہ ہے سب کچہ ٹیک ہے بس ہمبستری بہت کرتا ہوں جس سے شدید کمزوری کا شکار ہوں ہر روز دو مرتبہ کرتا ہو کوئی دن مس نہیں کرتا ایسی خوراک بتہ دو جس سے کچہ بہتری آسکے جزاک اللہ
145,شیطان نے کہا ۔ اے رب تیری عزت کی قسم میں تیرے بندوں کو بہکاتا رہوں گا جب تک ان کی روحیں ان کے جسم میں ہیں۔۔                               تو اللہ تعالی نے فرمایا ۔ میری عزت و جلال کی قسم میں انہیں بخشتا رہوں گا جب تک وہ مجھ سے مغفرت مانگتے رہیں گے۔۔ See less
146,"الحمدللہ چیلنج مکمل ہوا یہ سب میرے رب کا کرم اور احسان ہے 
لیکن اصل جنگ اب شروع ہو گئی کیونکہ یہ میرا تیسرا چیلنج ہے کہ مکمل ہونے کے بعد ٹوٹ گیا ہے 
پہلا چیلنج 120 دن کا تھا ٹوٹ گیا 
دوسرا 159 دن کا تھا ٹوٹ گیا ہے 
اب یہ نیا چیلنج مکمل ہوا الحمدللہ بس اللہ تعالیٰ سے دعا ہے کہ یہ چیلنج میرا لائف ٹائم چیلنج ہو جائے اور ہم  سب بھائیوں کو چیلنج پر استقامت نصیب فرمائے 
اصل جہاد یہی ہے کہ ہم نفس کیساتھ جنگ جاری رکھیں اور یہ ہمارا اپنا کمال نہیں بس رب سے مانگیں گے کہ اللہ تعالیٰ ہم اس جنگ اور امتحان میں کامیابی عطا فرمائے 
میرے لئے ایک مشورہ چاہیے سینئر احباب سے کہ مجھے چیلنج کو مزید آگے بڑھانے میں کیا کیا کرنا چاہیے تاکہ میں بچ سکو اور اللہ تعالیٰ مجھے حقیقی معنوں میں کامیاب کریں 
اللّٰہ تعالیٰ ہم سب کو کامیاب کریں اللہ تعالیٰ ہم سب کا حامی و ناصر ہو آمین See less"
147,"AoA 
Mere age 22 saal ha or me 12 saal ki age sy is ghatiya addiction me lga hova ho phele baar 2024 me 3 month complete kiye os k 55 days phr 45 days or 30 day. 2 saal me ab 30 din baad challenge tot gia 1 din me 3 bar kr diya control ni kr paya sb kuch boht a6a chal rha tha bs aik dost ny tu kry ga ajj bs us din hoegya 
Me kuch dosto ko khatam krna chahta hamesha k liye is waqt mere boht buri halat ha nmz prne jata ho bs jaldi sy nikal jata hu kuch dafa dill krta ha nmz prta rhu mhr jo maza 2024 me aya tha wo mere puri life abi tk ni aya tu mera yaha post krne ka maqsad ap log mere liye dua kije ta k me sirf hadayat k rasty pr chal saku muje kisi cheez ki kame ni ha bs is addiction sy chut kara mill jaye allah hafiz See less"
148,"الحمدللہ! 30 دن کا چیلنج مکمل ہوگیا۔
مجھے احساس ہوا کہ جب انسان خود کو مفید کاموں میں مصروف رکھتا ہے تو بہت سی بری عادتیں خود بخود کمزور پڑ جاتی ہیں۔
ان 30 دنوں میں مصروفیت، محنت اور اپنے مقصد پر توجہ نے میری بہت مدد کی۔
سبق یہ ملا:
فارغ وقت فتنوں کو دعوت دیتا ہے۔
مصروف رہنا خود پر قابو پانے میں مدد دیتا ہے۔
چھوٹے چھوٹے روزانہ کے فیصلے بڑی کامیابی بن جاتے ہیں۔
آج 30 دن مکمل ہوئے ہیں، لیکن سفر ابھی جاری ہے۔
ایک دن، ایک قدم، ایک کامیابی۔ See less"
149,"admin plzz approve my post 
السلام وعلیکم! 
height 5.9
weight 62kg 
میری عمر 15 سال 6 مہینے ہے اور میں تقریباً 2.5 ساڑے دو سال سے مشت زنی کر رہا ہوں ان ساڑے دو سالوں میں میں تقریبا ہفتے میں 5،4 بار مشت زنی کرتا تھا اور ان ساڑے دو سالوں میں میں نے سب سے ذیادہ کنٹرول 35 دن  تک کیا تھا۔ اب میں نے پھر سے چیلنج شروع کیا ہے آج دسواں دن ہے اور جم بھی شروع کی الحمدللہ۔ لیکن مجھے morning wood نہیں ہوتا اور پوری ذندگی میں صرف دو بار خواب آیا ہے nightfall لیکن جب میں 6,7 دن مشت زنی نہیں کرتا تو میرے پیشاب کے بعد منی خود آتی نکل اتی ہے بلکل ویسے ہوتی ہے جیسے مشت زنی میں نکلتا ہے آب اس کا کیا علاج کیا  ہے اور کیا اسے غسل واجب ہوجاتاہے ؟ میں کیا کروں کوئی مشورہ پلز See less"
150,Aslamoalaikom plz koi bataya ga mera nafs 5.2 inch hy lakin patla hy koi hal batao age 26 hy
151,میرا نام شہزاد ہے عمر 35 سال ہے پچھلے تین دن سے چھوٹے پیشاب میں شدید جلن ہو رہی ہے جس کو لے کر کافی پریشان ہوں۔ کیا کوئی بھائی بتا سکتا ہے کہ اس کا ریزن کیا ہے اور حل پلیز؟
152,Assalamualaikum umeed karta ho sab thk ho ja mara ak masla ha jab sooba ma udtha  to mara nafz khara howa hota ha koi waja ho sajte ha
153,"اسلام علیکم 
کوئی دوست رہنمائی فرمائے کہ حمل ٹھہرانے کے لیے کوئی مخصوص ایام یا طریقہ ہے یا یہ نصیب کی بات ہے ، دوسرا یہ کہ ٹائمنگ کبھی تو کچھ سیکنڈز ہوتی ہے اور کبھی 8,10 منٹس ہوتی ہے کیا یہ چیز اثر انداز ہو سکتی ہے حمل کے مرحلے میں"
154,Assalamualaikum Me ab 29 years ka hone wala hoon me 2009 se is kaam me hoon buhot Koshish ki bachne ki lekin kaamiyab nhi hosakha mujhe aap bhaiyo ki help chaiye mujhe is lat se nikalna hai please
155,"اسلام علیکم 
امید ہے سب خیریت سے ہونگے 
میں نے کچھ عرصہ پہلے ایک پوسٹ کی تھی میں جب ڈسچارج ہوتا ہوں تو میرے منی میں خون ہوتا ہے مطلب خون کے رنگ کی طرح ہوتا ہے اس پوسٹ پر نعمان بھائی نے کمنٹ کیا تھا باقی کمنٹ بند کردئیے تھے انہوں نے کہا تھا آپ خود پہ رحم کروں اور یہ کام چھوڑ دو
تو اس وقت جب میں نے مشت زنی کی تھی وہ تقریباً 200 دن بعد کی تھی اس پہلے بھی میں چیلنج پورے کیئے تھے مطلب یہ ہے کہ یہ کام میں نے تقریباً چھوڑ دیا تھا پھر بھی یہ مسئلہ آریا تھا تو ایڈمن صاحبان سے میری درخواست کہ آپ پلیز اس پوسٹ پر کمنٹ بند نا کرے ہوسکتا ہے یہ مسئلہ کسی اور کے ساتھ بھی آیا ہوں اور وہ مجھے گائیڈ کرے See less"
156,"ایڈمن صاحب پوسٹ کو اپروو کریں پلیز Mashallah day
8
Alhamdulillah ساتھ میں دودھ بھی لے رہا ہوں آدھا کلو صبح آدھا کلو شام کو پکا کر 
امید کی کرن نظر آتے ہوئے بہت بہت شکریہ رانا عاطف اینڈ نعمان سعید بھای آپ کا احسان ہے مجھ پر 
 جو آپ مجھے سہی راہ پر لے آئے 
آج کافی جسم میں طاقت محسوس کر رہا ہوں اللہ کا لاکھ لاکھ شکر ادا کرتا ہوں قسم اس خدا کی جس نے مجھے پیدا کیا ہے میں اپنے وعدے پر قائم ہوں جسم میں تبدیلی محسوس ہو رہی ہے باقی آل ممبر کا شکریہ جو مجھے سپورٹ اور حوصلہ دے رہے ہیں میرے لئیے اتنا ہی کافی ہے
Thanks all members and admin thanks nofape 
 See less"
157,"assalamualaikum bhai, Mere challenge ko aaj 19 din hogaye but jab b peshab karta hoo akhir me garrhe qatre atay he aur neend b bahut kam arahi he."
158,"میرا نفس مشکل سے کھڑا ہوتا ہے۔ اگر ہوا بھی تو فوراً 2 سیکنڈ میں ایریکسن ختم ہو جاتی ہے۔ ۱۵ سال تک یہ غلط کام ہاتھ سے کیا ہے۔ نکسان بھی سامنے ہے فر بھی نہیں چھوٹ رہی عادت ۔ 
اور منی بھی بہت کم نکلتی ہے بس 2 یا 3 بوند۔ ایریکسن کو پہلے جیسی کیسے کریں؟ جو دیر تک رہے۔ اور منی کو زیادہ کیسے کریں یہ کیوں کم آنے لگی ہے؟"
159,"Asalam alaikum Bhai mare age 23 sal hai mani takre ban 10 sal masterbation kya mara pahla challenge 45 dan tak Chala pr tute gya 
 mani new challenge start kya hai os ko 7 dan hu gye hai mein kamzor hu gya hu or muji overthinking buhat zada hu rahi hai ghr mein sub log muj pe has tye hai or kuch yad nhi rahta jo cheez kahi rakhta ta hu bul jata hu or study be nhi kar pata"
160,چیلنج کا اج 35واں دن ہے اور ثابت قدمی اتنی ہے اللہ کے ساتھ۔ کہ مجھے بہت سارے بے غیرت لوگوں نے گندے گروپ میں بھی جوائن کروایا ۔ میسنجر پر لیکن وہ بنا دیکھیں میں نے ڈیلیٹ کر دیا۔ تنہا بھی ہوتا ہوں تو اللہ کو یاد کرتا ہوں ۔ثابت قدم رہیں سب بہترین ہوگا
161,"السلام علیکم، کیا حال ہیں سب بھائیوں کے؟
میری عمر 20 سال ہے۔ میں کافی عرصے سے فحش مواد (Porn) دیکھتا رہا ہوں اور مشت زنی بھی بہت زیادہ کی ہے۔ اب مجھے ایریکشن (Erection) کا مسئلہ بھی محسوس ہو رہا ہے اور ٹائمنگ کا بھی۔ حالت یہ ہے کہ ٹائمنگ تقریباً نہ ہونے کے برابر رہ گئی ہے، صرف 15 سے 30 سیکنڈ تک۔
میں آپ سب سے مشورہ چاہتا ہوں کہ مجھے کیا کرنا چاہیے؟ الحمدللہ، آج سے میں نے سچے دل سے توبہ کر لی ہے اور اللہ تعالیٰ سے وعدہ کیا ہے کہ آئندہ ان چیزوں سے دور رہوں گا۔ براہِ کرم اپنی رائے اور تجربات سے رہنمائی فرمائیں۔ جزاکم اللہ خیراً۔ See less"
162,"ہاے ہاے اللہ 
میں تباہ و برباد ہو گیا ہوں 11 سال ہو گئے اس لت میں 
پلیز کوئی مجھے بچا لو
یا اللہ تو آجا مدد کے لیے"
163,"Assalam o Alaikum 
Mujhe 5,6 sal sy ek issue hai aksr oqat peshab k bad mjhe qatry aty hain us m sy baz oqat to Pani jase maada niklta or baz oqat esy chez niklti jse proper discharge ho rha ho …kafi med b li parhez b ki but still issue ni hal hua isk koi nuqsanat hain? ya jo kamzori is sy ho chuki hai uski recovery kase mumkin hai.. mjhe aksr Penis m pain b mehsus hota or peshab b bar bar ata hai . Hakeem sy med li thi us ny kaha tha ye kabi thk ni ho skta unless k tm shadi krlo See less"
164,"اسلام و علیکم امید ہے سارے بھائی ٹھیک ہے گے چیلنج کا اج یارواں دن جا رہا ہے الحمدللہ چیلنج ٹھیک جا رہا ہے ایک دن چھوڑ کر صبح بھاگنے بھی جاتا ہوں لیکن خوراک کی سمجھ نہیں آ رہی کیا خوراک کھاؤ کے ریکوری اچھی ہو اور جلدی ہو 
نوٹ:ایڈمن اپروو پلیز"
165,"الحمدللہ ایڈمن نعمان سعید 
آج میرا ڈے 7 ہے وہ بھی آپ کی وجہ سے میں آپ کا مشکور رہوں گا یہ سب آپ کی وجہ سے میں نیک رہ پے آ گیا ہوں ورنہ یہ عادت تو مجھ سے چھوٹ بھی نھیں سکتی تھی شکریہ آل ایڈمن اینڈ ممبرز سپورٹ کرنے کا شکریہ"
166,"Let's welcome our new members:
( اہم گروپ رولز ) جن پر عمل کرنا انتہائی ضروری ہے۔
1) کوئی بھی ممبر کسی بھی پوسٹس یا کمنٹ پر ھنسی 
 اور اینگری 
 والی ایموجی نہیں لگائے گا۔ 
2) کوئی بھی ممبر کسی کو بھی ان باکس نہیں بلائے گا  
3)گروپ میں کسی بھی قسم کی میڈیسن دوائیاں ،نسخے تجویز کرنا سختی سے منع ہے ۔ 
رولز کی خلاف ورزی کرنے کی صورت میں اسی وقت گروپ سے ہٹا دیا جائے گا ۔  ان شاءاللّٰہ 
Khan Baba G
,
کاشف انصاری
,
Muhammad Salman Luqman
,
محمد چاری احمدی
,
Hafaz Habib Hafaz Habib
,
Haji Fatiullah Baloch
,
Afaq Ahmad
,
Ubaid Ur Rehman
,
Mirha Malik Malik
,
Rømâñ Raéës
,
ړنګ وجود
,
Wãjëēhä MëHār
,
Khushnood Azam
,
Asim Fx
,
Babar Ali Saith
,
Muhammad Hassan
,
Abbasi Siraj
,
Ayyan Sanaullah
,
Imran Khan
,
Izhan Khan
,
Sadaqat Ali
,
Malik Rayan
,
Zafar Iqbal
,
Syed Azlan Shah
,
SA IF SK
,
حبیب الرحمن ورورک
,
Muhammad Sanwal
,
Babar Hussain
,
Aroohi Khan
,
Sayed Aqil Jaan
,
Shafqat Iqbal
,
Touheed Jan Piandakhel
,
Bed Mundy
,
Adnan Muavia
,
MA Ba
,
Mudassar Nawaz
,
Umer Farooq
,
Naveed Khan
,
Ali Ali
,
رحمت ٹھیٹھیا
,
Nizakat Ali
,
Rizwan Abbaxi
,
Shahid Mughal
,
Muneeb Malik
,
Herbalist M Taimoor
,
Chaudhary Safdar
,
Ahmadullah Ahmad
,
Hassan Solangi
,
Masoom Pathan
,
Mian Muhammad Younas
,
Sohaib Gori
,
Naveed Anjum
,
Ghulam Rasool
,
Malik Bilal Nazar
,
Tʜʋʛ Lɩʆɘ
,
Jalal Khan
,
SaQib Aziz
,
Muzamil Punjabi
,
Muhammad Ahmed
,
Ameen Khan
,
Awais Ur Rehman
,
Muhammad Ahmad
,
Waqas Gull
,
Najam Saher
,
Rehan Khan
,
Sheikh Sheikh
,
Olivia Lim
,
Asif Ayyoubi
,
Hammad Ahmed
,
Umar Ali
,
Zain Malik,
Tabhish Jan
,
Abdulwahab Qureshi
,
Fatima Norr
,
A A Umaina
,
Wahab Khan
,
Muhammad Saad
,
Sehroz Ali
,
Muhammad Sikandar
,
Amjad Ch
,
Ashfaq Ashfaq
,
Zabeh Ullah
,
Zubair Ch
,
Ahad Mahais
,
عضيم خانساره
,
Zeeshan Bull
,
Abadul Rehman
,
Abdul Wahid
,
Qaisar Farooq
,
Snow Bross
,
Awecan Pari
,
Hafiz Ahmad Raza Attari
,
Ch Haris Ch
,
Malik Jamshaid Jamshaid
,
Atta Ullah,
Mojib Helali
,
Hina Ali
,
Ishtiaq Vlogs
,
Raja Shezad Naveed
,
Nasir Sheikh
 See less"
167,اسلام علیکم فرینڈز! اپنے چیلنج پر ثابت قدم رہیں۔ اپنا دھیان کچھ نئی عادت ڈیولپ کرنے میں کرو۔ جب انسان فارغ ہوتا ہے تب یہ خیال آتے ہیں۔ کچھ بھی کرو لیکن اکیلے مت رہو۔ میرا ایڈوائس یہ ہے کہ جو بھی ٹائم بچے دین اور اسلام کا نالج سیکھنے میں لگا دو۔ یہ سب سے بہترین ہے بھائی۔ جیسا کہ میں نے سوچا ہے میں قرآن مجید کی ١٠٠٠ آیات یاد کروں گا ود ترجمہ۔ اور ساتھ اپنا کام بھی کرتا ہوں۔ ہمیشہ جب کام پر بیٹھا ہوتا ہوں آیات کو ریپیٹ کرتا ہوں۔ اس سے یہ ہوتا ہے جب اکیلا ہوتا ہوں بد خیال مائنڈ میں نہیں آتے۔ تو آپ سب بھی اپنے چیلنج پر ثابت قدم رہیں۔ See less
168,"مجھے اس چیلنج کو شروع کیے ہوئے چالیس دن ہو گئے ہیں۔ اس دوران نہ میں نے فحش مواد دیکھا ہے اور نہ ہی مشت زنی کی ہے۔ البتہ کبھی کبھار طبیعت کی کمزوری یا بے چینی کی وجہ سے تین چار نامناسب تصاویر دیکھ لیتا ہوں، لیکن مشت زنی نہیں کرتا۔
Quran pe hat rak kar challange start ke hai islye successful Raha. ( Max 90 days ) Untill marriage.
میری شادی تقریباً 17 یا 18 جولائی کو ہونے والی ہے۔ میں تقریباً دس سال تک مشت زنی کرتا رہا ہوں، جس کی وجہ سے مذی کے قطروں کا مسئلہ رہتا ہے۔ شادی کے بارے میں سوچنے یا جسمانی گرمی بڑھنے کی صورت میں کبھی کبھی قطرے نکل جاتے ہیں۔ اسی وجہ سے میں تقریباً ہر نماز سے پہلے اپنی شلوار دھو لیتا ہوں۔
Age 24 , weight 55 kg
Urdu writing chat gpt se ke hai See less"
169,اللہ کے فضل سے اج 35 دن سے اوپر ہو گئے ہیں چیلنج کو اور اب ذہن اتنا اللہ کی طرف ہو گیا ہے کہ اگر اچانک کوئی گندی ویڈیو یا کوئی ریل سامنے بھی ا جائے تو بالکل اس پر دھیان نہیں جاتا اور فورا اس کو ڈیلیٹ کر دیتا ہوں اپ سب لوگ ثابت قدم رہیں انشاءاللہ بہت بہتری ائے گی
170,"Asslam u Alaikum.. 
Mery Challenge ko aj 50plus Days Ho chukky Hain Lekin Meri Erection Bilkulll Zero Hogai he Bilkull bhi nahi he Iska kia Hall He Any Suggestion plz"
171,الحمدللہ چیلنج کا آٹھواں دن ہے سب ساتھیوں سے دعا کی گزارش ہے
172,پرسوں میرا 162 دن کا چیلنج ٹوٹ گیا اس دوران میں نے تین دفعہ مشت زنی کر دی ہے کیا میری ساری ریکوری ضائع ہو گئی ہوگی ایڈمن پلیز رہنمائی کریں
173,apni life taba kar d age 21 years aur din ma 5/6 bar ho jata koibtarika bht try koa challenge ka lakin hamasha fail koi tarika koi khawarak jis sa thandak mila aur feelings khatam hn asa kuch ka koi feeling na ai koi tarika batow duain b ke lakin qabool ni hoti allah g as chuz sa nikal dain
174,"#AdminApprovePlz 
السلام علیکم امید ہے تمام لوگ خیریت سے ہونگے ۔میرے
 ساتھ یہ مسئلہ چل رہا ہے کہ کل سے پیشاب کے وقت نفس میں تکلیف اور جلن شروع ہوئی رات سویا اور جب صبح اٹھا تو کپڑوں پر نشانات تھے باتھ روم پر جا کر چیک کیا تو پتا چلا کہ نفس سے  پیلا پیپ آرہا ہے ایڈمن پلیز رہنمائی کریں کیا وجہ ہوڈکتی ہے اس مسئلہ کی اور کیا حل ہے اسکا"
175,"ASalam alaikum 
    Maray sperm ma jelly type Kuch HOTA ha is ka Kya waja or elaj ha yaha Kisi ka sat ya ho Raha to batawo please"
176,"اسلام علیکم ورحمتہ اللہ وبرکاتہ ۔
آج چیلینج کا آٹھواں دن ہے ۔ پیشاب کے ساتھ منی بھی آرہی ہے ۔ رہنمائی فرمائیں"
177,السلام و علیکم بھائیوں اللہ پاک کا شکر ہے چیلینج کا 16 دن ہے لیکن ایک مسئلہ ہے چھوٹا پیشاب بہت زیادہ آتا ہے اور کنٹرول بھی نہیں ہوتا بہت پریشانی ہے کوئی بھائی رہنمائی کر دیں پلیز
178,Aslmwalkum everyone Mera challenge ko 4 months hogye ha lakin aje suba mujha bhut tight eraction Aaye uska bad suba Sy itna gussa arha ha sab Sy lar rha hon gussa katam he nhin ho rha ha iske kya wajha ho sagti ha or penis bar bar khara hota ha vibration karta ha  kya ya achii chiez ha ya nhin mainnya healing ke to alamat to nhin ha plz guide me bhut pareshan ho yr
179,Aoa Bhai logo ka kia Hal ha  Bhai pahly mana 2 mhiny ka challenge pura kia Eid ke baad Mera do mahine ka challenge pura huua tha aur Eid ke teesre chauthe din mujhse mz ho gai ek dafa tab Hui ek dafa Raat Hui ek dafa bhi subah Hui hai teen dafa ho gai please koi rahnumae frmay kia Mari sari recovery zaya hogai or ab dubara kb tak recover Hogi or sb Bhai Dua kry Mari is gunah sa Jan chutjay do mhiny mngni ko huy ak mhiny hua bt krty huy ab ma mngatr sa itni bat ni kruga kia ma shadi k bd sai life guzar skuga timing bht Kam ha or nafs b 3 4 inch ka ha patla b ha See less
180,Age 24 aur beard ka hair white huny shuru hu gay ha saudia ma a kr ab ma har time yahi sochta rehta hu please guide kare kabhi ma sochta hu ka shayd mare life Kam ha es lia white hair jawani ma hi shuru hu gay ha
181,AOA Bhai mana 2 mhiny cntrl rkha mz ni ki Eid k bad mjhsy ya gunah 2 dfa hogia plz mara Liye Dua kry is gunah sa Jan chutjy Allah maf krdy mjhy mngatr sa bt krta hu AJ b ki or bd ma romantic video dakhny lag GIA or ya sb hogia  ma kia Kru ASA Jo is gunah sa Jan chutjy kia Mari money bilkul khtm Hogi ya shadi k kabil hu kasa recovery ho skti ha kmzori dur ho skti ha or kitni dar ma
182,"5 din bad phir challenge toot gya 
 khuda ki qasam me tang a gya Hoon bar bar k relapse se bhot sakht halat se guzr rha Hoon Meray Liye Dua kren Allah muje zehni skoon de inshallah aik din challenge zaroor poora Hoga challenge poora krna ab Meri zidd bn gyi he"
183,Ma ne b bht masturbation ki shadi ko 3 saal ho gy Alhumdulliah Allah pak ne beta ata kia ha or ma ne b kafi had tk control kia huwa ha ab masturbation pr
184,نعمان بھائی یے کون بیھودا ھے جو مزاق اڑا رہا ہے پلیز اسے رموو کرو
185,بدقسمتی سے اج میرا چیلنج ٹوٹ گیا سوچا تھا کہ پورے 12 مہینوں  کا چیلنج کروں گا
186,"سلام 
رات کو میرا چیلنج 8دن کے ٹوٹ گیا رات کو تین مرتبہ ماسٹر بیٹ ہوگئی بہت افسوس ہورہا ہے"
187,"میں برباد ہو گیا ہوں اور میں اپنی بربادی اپنے ہاتھوں ہوتے دیکھ رہا ہوں میری شادی چار مہینے بعد ہے اور میں نے ایک اچھے حکیم سے دوائی بھی منگوائی ہوئی ہے تاکہ میری جو مشت زنی کی وجہ سے کمزوری ہو گئی ہے میرے جسم میں وہ ختم ہو سکے اور میں ہوں کہ مشت زنی اور پورنوگرافی مجھ سے چھوٹ ہی نہیں رہی میری سمجھ سے بات باہر ہوتی جا رہی ہے کیا کروں میں اپنی بربادی خود اپنے ہاتھوں کر رہا ہوں اور مجھے وہ بربادی دکھ بھی رہی ہے سارا کچھ پتہ بھی ہے لیکن کیا کروں بات سمجھ سے باہر ہوتی جا رہی ہے ٹرگر کا بھی پتہ ہے ٹرگر یہی ہے جب میں فارغ ہوتا ہوں تو بار بار وہی ذہن میں باتیں اتی ہیں میں بہت خوش تھا اٹھ دس دن سے چینج بھی شروع کیا ہوا تھا کہ میں نے اب اس کو چھوڑ دیا ہے اور کبھی نہیں کروں گا لیکن یہ عادت مجھے چھوٹ نہیں رہی جبکہ پہلے کی طرح مزہ بھی نہیں ہے  اتا کرنے میں لیکن سمجھ سے باہر باہر ہو گئی ہے پلیز مجھے کچھ ایسی ایڈوائس دیں جس سے میری زندگی بچ سکے میری مدد کریں نہ بہت پریشان ہوں مجھے لگتا ہے یہ اج تو میری شادی کے بعد نہیں ٹوٹے گی پیسے بھی لگائے دوائی بھی منگوائی ہو وہ بھی ضائع کر رہا ہوں سمجھ سے باہر ہے بات کیا کروں کیسے مینج کروں۔میں اپ سب بھائیوں کے اگے ریکویسٹ کرتا ہوں پلیز میرے لیے دعا کیجئے اللہ اپ کو جزائے خیر دے گا منت ہے میری اپ کے اگے کہ میرے لیے دعا کیجئے کہ اللہ میری مدد کرے میں اس گندے کام میں سے نکل جاؤں اوکے اگئے میری شادی ا رہی ہے مجھے سمجھ نہیں ا رہا میں کیا کروں کس طرح سے سروائیو کروں گا پلیز میرے لیے دعا کیجئے میں نے بہت دفعہ چیلنج کیے کبھی 30 دن کا کیا کبھی 40 کا ابھی 20 کا ایک دو دفعہ تین مہینے کا بھی کیا ہے لیکن یہ اس کو میں ہمیشہ ختم کرنا چاہتا ہوں ہمیشہ کے لیے مجھے مزہ بھی نہیں اتا پورنوگرافی دیکھ کر یا بس ایک اج تن چیز ہو جاتی ہے بہت زیادہ کام خراب ہو چکا ہے برباد ہو تو نظر ا رہا ہے سارا کچھ
ایڈمن صاحب پلیز میری اس پوسٹ کو اپرو کر لیں See less"
188,"اسلام وعلیکم میرے آج چھے دن مکمل ہو گے ہے 
ان چھے دنوں میں میں نے موبائل استعمال کرنا بہت کم کر دیا ہے میں ایک بار اکیلا ہوا ہو تو خودبخود ایریکشن ہوی ہے میرے نفس میں لیکن ان چھے دنوں میں مجھے کوی غلط خیال نہیں آیا 
کیا میں انشاء اللہ ریکور ہو جاؤ گا اینڈ ایریکشن سے کیا لگتا ہے کے میرا نفس ٹھیک ہے یا نہیں 
پلیز گائیڈ کرے"
189,السلام علیکم کیسے ہیں سب بھائی۔بھائیوں بہت پریشان ہوں بہت بار چیلنج شروع کیا لیکن ٹوٹ جاتا ہے اور آج کل تو 2 3 دنوں سے زیادہ چیلنج نہیں چلتا ہے۔بھائیوں میں کیا کرو۔
190,"ریکوری گائیڈ بک کونسی ہے ؟ 
براہ کرم بتائیے
بعض دوستوں کو بھیجنی ہے"
191,"Alhumdulilah to be Continue 
Pray for me"
192,"Alhamdulillah mery challenge ko 114 din ho Gai hain Raat ko jagta rehta ho ku k Raat time duty hai aur subha 4 bjy kabhi 5 bajy so jata ho aur 1,2 bajy din ko uthta ho Mera wazan 54kg hai aur age 23yr hai"
193,Sir bhot pareshan ho shadi b qareeb he ye adat b ni jarha he hai muj se ek hafte se zeyada ni rok pata ho
194,"قطرے قطرے سے  دریا بنتا ہے اور انشاءاللہ میں اس بار بالکل پختہ ارادے کے ساتھ اس چیلنج کو مکمل کروں گا اور 90 دن کے بعد بتاؤں گا 
خصوصاً دعاؤں میں یاد رکھیں شکریہ"
195,"ALHAMDULILLAH! 
Aaj main ne 5 days challenge ke complete kar liey... IN SHA ALLAH jis asam ke Sath ye group join kar ke start Kia hai wo zaroor Pura ho ga... Mujhy Apne bhaion ko dekh kar aur comments par ke bohat hosla afzai mil rahi hai"
196,Meri age 29 h MN ne 10 12 sal m...z ki h main pichle 5 sal se depression MN hn kuch mahine pehle MN ne apna ilaj shuru kia 3 mahine ilaj jari rha tbyt kch Behtr thi Dr ne kaha tha dawai ahista ahista chorne ki Koshish kro aur mahine bad check krwana MN jesy hi dawai chori kch din bad phr se wahi halat hone lagi Meri shadi ko mahina hone wala hai abhi tak MN humbistry ni kar saka 7 8 bar iss doran bv ke pass gaya hn lkn kch ni hua na shehwat aati h aur na erection sahi se hoti h aur zara si erection hojay to touch krty hi discharge hojata hn ak do dada zara sa intercourse hua lkn insal bahir hi hua mjy sexual performance anxiety hoti h jitni Koshish krta hn khof phr bhi aa hi jata h ab mjy smjh ni aa rhi MN kia kro dar ki wja se ho rha h ya koi msla hai halanke mjy morning erection bhi hoti h kbhi dheele aur kbhi normal MN bht preshan hn hr wqt soch soch ke dimag kharab rehta h mjy kch smjh ni aa rha MN kia kro See less
197,"mein 25 age 10 year HP kr rha tha ab 6 month Sy challenge start Kiya achi diet or exercise ki ess Duran 2 month tak challenge complete nhi howa aista aista mery timing 10 seconds Sy 5 sy 7 minutes hu gae ab msla ya hai ky mein Sara din HP krta rahta mtlb pta hai ky nhi nikly ga kabhi 3, kabhi 5 minutes ya uss sy ziada bilkul Bhi niklwa Wala nhi HOTA na essa feel HOTA ky ab nikly ga phir chor data phir Kuch hours bad phir yahi Kam mein ess ko chorna Chahta hu koi decease nhi quot Bhi pori hai hardness Bhi lkn phir Bhi chrna Chahta hu See less"
198,قطرے قطرے سے  دریا بنتا ہے اور انشاءاللہ میں اس بار بالکل پختہ ارادے کے ساتھ اس چیلنج کو مکمل کروں گا اور 90 دن کے بعد بتاؤں گا
199,"Hadith of the day 
#hadithoftheday #Jumaa_Mubarak"
200,جس بندے کی عمر 30 سال کے قریب ھو 15 سال سے مشت زنی کر رھا ھو اس کے لیے چیلنج کم ازکم کتنا ھونا چاھئے اور خوراک کیا استعمال کرے
201,pyare bahio plzzz mujhe se challenge completely nai hoparaha mei khud dipresion mei ho tauba kerta toot jati plzzz koi challenge
202,میرا ورک اسیل کا مسئلہ ہے کوئی ایسی ٹیبلٹ بتائیں جو   ٹائمنگ میں اضافہ کرے م
203,بھائی رہنمائی فرمائیں کہ ہینڈ پریکٹس مجھے نہ کیے ہوئے کو تین ہفتے ہونے کو ہیں اور اب چھوٹے پیشاب میں بڑی جلن ہے اور ہینڈ پریکٹس کا بڑا دل کر رہا ہے لیکن میں کنٹرول کر رہا ہوں اج کنٹرول نہیں ہو رہا باقی میں کوئی چیلنج وغیرہ تو نہیں کر رہا میں ویسا ہی اپنے اپ سے ایک چیلنج کیا ہوا ہے باقی یہ ہے چہرے پہ کافی رونق آئی ہوئی ہے تو ہینڈ پریکٹس  دو تین دن نہیں کی تھی تو کچھ دنوں بعد بلڈ دینے گیا ہوں تو وہیں سے بس سٹارٹ ہوا ہے میری چیلنج تو میں نے کہا یار ریکوری بھی ہوگی اور خون بھی ضائع نہیں کرنا تو اسی چیز کو مد نظر رکھتے رکھتے آج تین ہفتے کا ٹائم ہو گیا لیکن اج صورتحال کچھ اور ہے دین مجھے ایسی کوئی چیز بتائیں جو معدے میں تیزابیت اور یہ جو پیشاب میں جلن ہے یہ بھی ٹھیک ہو جائے تو مجھے یہ بتائیں سات کے کتنا ٹائم لگے گا اور مجھ سے یاد بالکل ختم ہو جائے گی زیرو ہو جائے گی تو ایک ایسٹیمیٹڈ ٹائم 90 دن ہے یا کم ہے اگر ایسی کوئی چیز بھی ہے جس سے شہوت کم ہو تو وہ بھی مجھے برائے مہربانی بتائیے See less
204,Manay ghalat kam kia hay bohat ziyada vdrl positive aya tpha test positive aya doctor kehta hay syphilis hay please koi icka elaj batao 2 month may shdi hay homoptic elaj kro ya aloptic please
205,Assalamualaikum payrey bahi hard worker hoon ise routine batao jis jis sa main Kam bi asani sa karsakon or chalinge be jarhe Rahe
206,میرے لئے دعا کریں ہم نے مشت زنی چھوڑو دیا 6دن ہوگیا
207,بھائی جب مشت زنی کرتا تھا تو نفس کا سائز ٹھیک تھا اب مشت زنی چھوڑے کو 32 دن ہو گئے ہیں تو اس کا سائز چھوٹا لگتا ہے
208,Asalam a laikum...meri age 29 h meri shadi ko 2 mahine hone wale h lkn me abhi tk apni biwi k sath hum bistari nhi kr paya hun...me romance krta hun to nafs me hardness hoti h lkn jb intercourse k time ata h to hardness khatm ho jati h..me jb bi intercourse ki neyat s biwi k pas jata hun to bht gabra jata hun had se bi ziada..me is masle ki waja se bht pareshan hun...kya mujhe kisi urologist k pas jana chahiye?
209,"چیلنج کا آج 38 واں روز ہے 
لیکن نفس بلکل چھوٹا ہے ایسا لگتا ہے 3 انچ ہے کیا یہ کوئ مسئلہ تو نہیں بن گیا"
210,"الحمدللہ
میرا 3 دن کمپلیٹ ہو گیا ہے آگے اللّٰہ رحم کرے انشاللہ میں اپنے چیلنج اور وعدے پر قائم ہوں 
Thanks nofape challenge
And admin and all members"
211,"Assalamualaikum admin approved please.
Sr mn na 6 sal tk mb ki hy timing ni hy sperm bhut patla hi mera 66 day tk challenge kia hy kl tot gia hy kl JB video dekhi to khud hi legs mn discharge hogia hy with out hands ka mn prone mastebation bhi ki hy ab mn sb khuch chorna Chahta hn phla jisa hona Chahta hn ye mera challenge bhut acha tha koi aisa Banda ho Jo problem mugh mn. Ho aur wo tkh hogia ho members bhi comments kr ka btana Jo aisa phase sa guzar gay hn See less"
212,"Assalamualikum 
Kul jumma hai kul Mai gussal kerkay new dress pehn Ker challenge start kerna Chahta ho
Ye challenge kitnay din ka hota hai aur koi rules wagira details share krain.
Mai 18 years Ka ho."
213,"سوال: کچھ لوگ ایسے بھی ہیں جن کا چیلنج نوے دن سے اوپر جا چکا ہے لیکن پھر بھی ان کا ریلیپس ہو جاتا ہے۔ ایسا کیوں ہے ؟
جواب: اس مسئلے کو ایک مثال سے سمجھنے کی کوشش کیجیے۔ کرکٹ کی دنیا میں آسٹریلیا کو سب سے بہترین اور مضبوط ٹیم سمجھا جاتا ہے۔ آسٹریلیا نے ہی سب سے زیادہ ورلڈ کپ جیتے ہیں۔ آسٹریلین ٹیم کی سب سے بڑی خوبی جو ان کی فتح کی وجہ بنتی ہے وہ یہ ہے کہ انہوں نے کبھی اپنے حریف کو ہلکا نہیں لیا۔ ان کا مقابلہ چاہے دنیا کی سب سے کمزور ٹیم سے ہو ، تب بھی وہ اپنی پوری جان لڑاتے ہیں اور اپنا ہدف حاصل ہونے تک ریلیکس نہیں ہوتے۔ 
جن لوگوں کا چیلنج نوے دن سے اوپر چلا جاتا ہے اگر وہ یہ سمجھنے لگیں کہ اب ان سے غلطی نہیں ہو سکتی یا شیطان اب ان کو بہکا نہیں سکتا تو وہ ریلیکس ہوجاتے ہیں۔ یاد رکھیں ! چیلنج پورا کرنے سے شہوت ختم نہیں ہوجاتی اور ہونی بھی نہیں چاہیے۔ اگر شہوت ختم ہوجائے تو بندہ شادی کے قابل ہی نہ رہے۔ نوفیپ چیلنج شہوت کو ختم کرنے کے لیے نہیں ہے بلکہ شہوت کو مینیج کرنے کے لیے ہے۔ 
چیلنج پورا کرنے سے بندے کی لت یا یڈیکشن کا زور ٹوٹ جاتا ہے۔ دماغ پرانے سرکٹ توڑ کر نئے سرکٹ بنا لیتا ہے۔ ایسے بندے کو پھر اگر کوئی شہوت انگیز خیال آئے تو اس کو زہن سے ہٹانا پہلے کی نسبت آسان ضرور ہوجاتا ہے۔ لیکن اگر یہ بندہ لاپرواہ ہوکر یوٹیوب پہ کوئی نامناسب ویڈیو دیکھ لے یا سوشل میڈیا پہ نیم فحش تصاویر سے بدنظری کرلے تو پھر سے شیطان کے بہکاوے میں آجائے گا اور چیلنج توڑ بیٹھے گا۔ مرد تو نکاح کے بعد بھی بھٹک سکتا ہے اگر وہ اپنی نظر کی حفاظت نا کرے۔
جس طرح کوئی اچھا کھلاڑی کبھی بھی اپنے حریف کو کمزور نہیں سمجھتا اور نا ہی اس سے لاپرواہ ہوتا ہے ، اسی طرح ایک اچھا مسلمان کبھی بھی نفس و شیطان کی چالوں سے بےفکر نہیں ہوسکتا۔ 
اللہ ہم سب کو استقامت سے ہدایت کے رستے پہ چلنا نصیب فرمائے۔ آمین See less"
214,"اسلام علیکم گڈ مارننگ الحمدللہ 
میں نے یہ ایپ انسٹال کرنے سے پہلے 15 دن اپنا چیلنج شروع کیا 15+117 ٹوٹل 133 دن چیلنج کو ہو گئے ہیں۔"
215,"Let's welcome our new members:
( اہم گروپ رولز ) جن پر عمل کرنا انتہائی ضروری ہے۔
1) کوئی بھی ممبر کسی بھی پوسٹس یا کمنٹ پر ھنسی 
 اور اینگری 
 والی ایموجی نہیں لگائے گا۔ 
2) کوئی بھی ممبر کسی کو بھی ان باکس نہیں بلائے گا  
3)گروپ میں کسی بھی قسم کی میڈیسن دوائیاں ،نسخے تجویز کرنا سختی سے منع ہے ۔  رولز پر نو کمپرومائز 
رولز کی خلاف ورزی کرنے کی صورت میں اسی وقت گروپ سے ہٹا دیا جائے گا ۔  ان شاءاللّٰہ 
Muhammad Hassan
,
Ali Rajput
,
Alihamza Hamza
,
Arman Khan,
Fatimah Princes,
Itx Kamii
,
Шеих Васим
,
Muhammad Zada
,
Alina Amir,
Muhammad Rehan
,
Kong Jimin,
M Usman
,
Abd Ul Rehman
,
Aamir Abbass,
CareMed Italia
,
Osama Ali
,
Fatima Anjum
,
Saami Shah
,
Rehan Ali
,
Ahmed Bilal
,
Haseeb Shah
,
Moazzam Bhatti
,
M Hakim M Hakim
,
Ma Hb Oob
,
Mg Khan
,
Muhammad Nouman
,
Waseem Wattoo Wattoo Bro
,
Ahmed Raza Khokhar
,
Aown Shah
,
Syed Tahir Raza
,
Afaq Ali
,
Alyas Mughal
,
Awais Bhatti
,
Khaled Shar
,
Ali Razzaq
,
بیت الله بریالی
,
Malik Murtaza Arbi
,
Shahzaib Ali
,
Price Is Price Is
,
Waseem Waseem
,
Khan Zada
,
Zunish Shabbir,
Ahsan Malik
,
Zohaib Jan
,
Amjad Khan
,
Syeda Kainat Zahra
,
Nofap Guider,
Daniyal Dani
,
Asif Khan
,
Hilal Khan
,
ᏕᎯᏰᎨᏒ ᏕᎻᎯᎻᏃᎯᎠ ᏦᎻᎯᏁ
,
Janan Janan,
Sarfraz Ali Daudani
,
Bilal Ahmed Khan
,
Shahzad Ali
,
Abu Bakar Slahudeen
,
Salman Khan
,
Amaan Khan
,
Shehzad Rajpoot
,
Malik G
,
Waleed Abdullah
,
Atiqa Awan
,
Salman Malk,
Kims Kims
,
Struggler LifEanytime
,
P Arain,
Arman Khan
,
Sameena Khan
,
Muhammad Aqib Javed
,
Azan Khan
,
Barkat Ali
,
Rashid Khan
,
Kaleem Saqib
,
Irfan Khan
,
Ali Hasnain Ali Hasnain
,
Nasirkhan Nasir
,
Siasi Paradox
,
ژوند پرست
,
Doctors Shine
,
ش و ا ل
,
Sikandar Khan
,
Tayyab Baig Baig
,
Javed Javed
,
Qadri Hingoro
,
Yasir Ali
,
Itx Danish,
Allam Geer
,
Umar Azam
,
Hina Shehzadi
,
Malik Esham
,
Abu Zeyad Afridi
,
Masood Anwar
,
Zameer Khan
,
Mujtaba Ali
,
Raza Muhammad
,
Shahzad Munna
,
Knig Shaib
,
Sana Sana
,
BaBa YaGa
 See less"
216,Inshallah goal 365 days or ma ab challenge kro ga inshallah life time challenge ha mera ab inshallah
217,میں نے ہاتھ اتنا استمعال نہیں کیا زیادہ رگرتا ہوں کیا  دوبارہ حالت میں واپسی ا سکتی ہے 35 دن ہو گئے ہیں کچھ نہیں صرف ایک دفعہ احتلام ہوا ہے
218,میں تو اب تنگ آگیا ہو ، ایک دن سوچو ہا بھائی کل سے نہیں کرونگا اور کجھ دن گزرنے بعد بھر وہ ہے سائیکل شروع جاتی ہے
219,"پورن ایڈکشن "" کتاب 
اقتباس "" 
قسط نمبر # 002
پورن کی لت اس وقت پوری دنیا میں عام ہو چکی ہے ۔
بیسویں صدی کے وسط میں عریاں فلموں (پورنو گرافی ) کی تخلیق اور ترویج شروع ہوئی تو انہیں اس مقصد کے ساتھ پیش کیا جاتا تھا کہ شادی شدہ جوڑے انہیں دیکھ کر اپنی ازدواجی زندگی کو زیادہ پر لطف اور پرکیف بنا سکیں لیکن ایک عشرہ پورا نہیں ہوا تھا کہ یہ لطف اور کیف، لذت میں بدل گیا۔ اکیسویں صدی میں ہی تحاشا تیز رفتار کمپیوٹر ٹیکنالوجی اور انٹرنیٹ نے اسے بڑھانے میں پورا کردار ادا کیا، کیوں کہ نئی ٹیکنالوجی کی مدد سے یہ چیزیں بہت ہی آسانی کےساتھ، بغیر پیسہ خرچ کیے ہاتھ میں آگئیں ۔
دوسری جانب قانون سازی میں بھی آسانی کی وجہ سے  امریکا سمیت پوری دنیا میں پورن کی تیاری کا رجحان بڑھا۔ غیر معمولی منافع کے باعث اس صنعت نے خوب ترقی کی۔
لیکن یہی ترقی انسانی اخلاقی زوال اور پیچیدہ نفسیاتی مسائل کا پیش خیمہ بھی بن گئی ۔ 
آج مختلف مشاہدات، مطالعات اور تحقیقات کے بعد پوری دنیا اس پر متفق ہے کہ پورن کے استعمال سے کردار میں جھجک، ڈپریشن، گھٹن جیسی کیفیات پیدا ہوتی ہیں، حتی کہ آدمی خود کشی بھی کر سکتا ہے۔ بہت سے افراد پورن دیکھنے کی وجہ سے غصیلے ہو جاتے ہیں اور ان کے لیے رات کی نارمل نیند لینا دو بھر ہوتا ہے۔ یہ بھی دیکھا گیا ہے کہ پورن دیکھنے والے بعض افراد غیر قانونی اور خطرناک سرگرمیوں کی طرف بھی راغب ہو جاتے ہیں جیسے چائلڈ پورنوگرافی ، ناجائز تعلقات، کوٹھوں پر
کثرت سے حاضری وغیرہ۔
سب سے بڑا مسئلہ یہ ہے کہ جو لوگ اس ” لت “ کے نقصانات بھگت لیتے ہیں اور جنہیں خدا کے فضل سے اس کا شعور آجاتا ہے، وہ بھی اسے چھوڑنے کے قابل نہیں رہتے۔ یہ بالکل وہی معاملہ ہے جیسے لوگ الکحل ، سگریٹ، نشہ آور اشیاء کے استعمال کا خمیازہ بھگتنے کے بعد، بار بار کی
کوشش کے باوجود، انہیں چھوڑنے سے قاصر ہوتے ہیں۔
پورن کا ایک بہت بڑا نقصان یہ ہے کہ اس سے جنسی افعال کے بارے میں جو غیر حقیقی فینٹیسی جنم لیتی ہے، وہ ہر وقت ذہن میں گھومتی رہتی ہے، جس کے نتیجے میں حقیقی زندگی میں کام کی کارکردگی متاثر ہوتی ہے تو ازدواجی تعلقات میں دوری آتی ہے۔ ایک کام جو لطف اور مزے کے لیے شروع کیا گیا تھا، وہ آدمی کو ایسے بھنور میں پھنسا دیتا ہے جس سے نکلنے کی کوشش کرنا بے سود لگتا ہے۔ جیسے آدمی صحرا میں چلتے چلتے اچانک ریت کی دلدل میں پھنس جاتا ہے، ویسے ہی پورن آدمی کو بہت تیزی سے غیر محسوس طور پر اپنے سحر میں مبتلا کر لیتی ہے کہ آدمی کو یہ احساس ہی نہیں ہو پاتا کہ وہ کب پورن کے اس چنگل میں پھنس چکا ہے۔ پھر، ایک وقت وہ آتا ہے کہ اس آدمی کی صحت، شخصیت، ملازمت یا کاروبار، ازدواجی زندگی اور زندگی کے خواب ... سب کچھ ملیا میٹ ہو جاتے ہیں۔
لیکن بات صرف یہیں تک ختم نہیں ہوتی ، پورن ایڈکشن میں مبتلا فرد کے علاوہ اس کا شریک حیات بھی شدید جذباتی اور نفسیاتی مسائل کا شکار ہوتا ہے، لہذا اسے بھی کاؤنسلنگ اور کو چنگ کی ضرورت پڑتی ہے۔ امریکن اکیڈمی آف میٹریمونیل لائیرز (وہ امریکی قانون داں جو صرف ازدواجی کیس لیتے ہیں) کے دو تہائی ارکان نے بتایا کہ پچاس فیصد سے زیادہ طلاقوں کی وجہ انٹر نیٹ ، خاص کر پورنوگرافی ہے۔ 1990ء کے عشرے میں طلاق کے بنیادی اسباب میں اس کا کوئی تصور نہیں تھا۔پہلے تو مسئلہ میاں بیوی کا تھا، مگر اب یہ خوف کہ میرا بچہ پورن سے متاثر نہ ہو جائے ، والدین کو بھی گھیر چکا ہے۔ اوسطاً آٹھ سال کا بچہ کم از کم ایک بار پورن کا تجربہ کر چکا ہوتا ہے۔ اور اگر والدین پورن کا با قاعدگی سے استعمال کر رہے ہیں تو بچے کے لیے اس میں مبتلا ہونے کے امکانات کہیں زیادہ ہوتے ہیں۔ والدین ایک جانب خود پورن سے چھٹکارا حاصل نہیں کر پاتے تو دوسری جانب ان کے بچے بھی اس کا شکار ہو سکتے ہیں۔ گویا یہ بات کہی جاسکتی ہے کہ پورن کا چنگل صرف اسے استعمال کرنے والے ہی کو متاثر نہیں کرتا ، بلکہ اس کے اردگرد موجود افراد اور پورے خاندان تک کو اپنے جال میں پھانس لیتا ہے۔
*جاری ہیں۔۔۔۔۔!*
پورن ایڈکشن کتاب سے اقتباس ""
مصنف "" سید عرفان احمد 
ترتیب وتحریر ""  شاہ اسماعیل 
*یہ تحریر دوسروں کی بھلائ کے لئے شئیر ضرور کریں* See less"
220,اسلام علیکم عمید ھے سب ٹھیک ٹھاک ھوگے یا اللہ مجھے صبر دے اور مجھ پر رحم کر افسوس آج چیلینج ٹوٹ گیا
221,"نوفیپ گروپس میں بہت سے بھائی صرف اللہ کی رضا کے لیے پریشان لوگوں کی رہنمائی کر رہے ہیں۔ لیکن ان گروپس میں ایسے لوگ بھی موجود ہیں جو کسی کی پریشانی والی پوسٹ دیکھ کر یا تو اسے انباکس میں بلاتے ہیں یا خود اس بندے کے واٹس ایپ یا فیس بک انباکس میں آجاتے ہیں اور جعلی دوائیاں بیچتے ہیں۔ 
 ایک کم عمر لڑکے نے واٹس ایپ پر بتایا کہ ایک حکیم صاحب اسے 5000 روپے میں ایک تیل بنا کر دیں گے جو نفس کو ایک انچ لمبا کرے گا۔ (اس تیل کی اصل قیمت 6000 تھی لیکن اس لڑکے کو 1000 کا سپیشل ڈسکاؤنٹ ملا تھا)۔ میں نے اس نوجوان کو سمجھایا کہ نفس کا سائز بڑھانے کی کوئی دوائی دنیا میں موجود نہیں اور یہ بات بہت سے مستند ڈاکٹر کہہ چکے ہیں۔ لہذا ایسے فراڈ انسان سے دور رہے۔ 
اللہ ایسے لوگوں کو ہدایت دے جو بھولے بھالے نوجوانوں کو لوٹتے ہیں۔ خدا کے لیے اس سائز کے احساسِ کمتری سے نکل آئیے۔ جنسی اعضاء کا بڑا سائز تو بہت سے جانوروں کے پاس بھی ہے لیکن اس سے وہ انسان سے افضل نہیں ہوجاتے۔ اللہ رب العزت نے آپ کو اشرف المخلوقات بنایا ہے۔ اپنی جگہ اور مقام کو پہچانیے۔
کبھی بھی کوئی بندہ انباکس بلائے اور دوائی بیچنے کی بات کرے تو اس سے دور رہیں۔ اگر علاج کی کوئی ضرورت ہو بھی تو کسی مستند ڈاکٹر سے اس کے کلینک یا ہسپتال جا کر ملیے تاکہ آپ دوبارہ مل کر اپنی پراگریس بتا سکیں۔
انباکس میں دوائی بیچنے والے زیادہ تر لوگوں کا نہ کوئی تو مستقل اتا پتہ ہے نہ ٹھکانہ۔ آپ کا جسم اور صحت بہت قیمتی ہے۔ اس پہ تجربات نا کیجیے۔ See less"
222,"اسلام علیکم 
مجھے ایسا وظیفہ بتائے کے دوسرو کو مطلب بھائی یا رشتے دار کم عمر لڑکوں کو جو ابھی ابھی بالغ ہوگئے ان کو کیسے مسٹربیشن سے بچائے مجھے ایسا طاقتور وظیفہ بتائے کے وہ زندگی بھر یہ کام نا کرے 
میں آپ لوگو کا شکر گزار ہو 
اور دوسری بات یہ کے احتلام کیسے کم کرے میں بہت زیادہ احتلام ہوتا ہے ہے ہفتے میں تین دو بار ضرور ہوتا ہے اسے کیسے کم کرے میں شام کو سورہ طارق ہر روز پڑھتا ہو لیکن احتلام پھر بھی زیادہ ہوتا ہے مجھے کوئی اور طاقتور وظیفہ بتائیں میں آپ کو اللہ کی قسم دعائے دو گا 
شکریہ See less"
223,Aj challange tott gia kese camplete karen na koi galt video dekhi nhi photo dehkhi ha m sni  hogi ha khuda ka wasty kuj madad karen kese kamyab hojay callange kamplete karen
224,"اسلام علیکم
نعمان بھائ کیگل ایکسرسائز کے حوالے سے سوال ہے
کے میں نے ایک ڈاکٹر عمران خان کا ویڈیو دیکھا۔ جس میں وہ کیگل ایکسرسائز کا طریقہ مختلف تھا اور اپ نے جو لنک بھیجا ہے وہ مختلف ہے تو یہ بتای کی کونسا زیادہ مفید ہے شکریہ 
 PLEASE APPROVE"
225,"Yar maghzarat Chahta hu,,,lekin mujha koya Bhai samjaya mi abhi tak Nahi samjhtha ho k ya challenge keya HOTA ha aye Kss tra shoro hota ha"
226,"Jo Bhai Chahta Kai hum apna question krna Chahta ha Jo ya p??n video bnatai ha
WO khud kahta sab fake ha 
Mere dost ha main yaha south America main ho Colombia main 
Or Maine khud sub recording daikhi ha 
Sub fake ha Zayada video ab Ai s jenrate ki Jatai ha 
Ya Kam wagaira galat Chor do mere Pakistani bhaiyo See less"
227,"*قرآن مجید کی روشنی میں سچی توبہ*
اللہ تعالیٰ سچے دل سے توبہ کرنے والوں کو بہت پسند فرماتا ہے۔ قرآن میں توبہ کے بارے میں کئی آیات نازل ہوئی ہیں:
1۔ اللہ کی رحمت سے مایوس نہ ہونے کا حکم
*آیت:*
قُلْ یٰعِبَادِیَ الَّذِیْنَ اَسْرَفُوْا عَلٰۤی اَنْفُسِھِمْ لَا تَقْنَطُوْا مِنْ رَّحْمَۃِ اللّٰہِ  
*ترجمہ:*  
""فرما دیجیے: اے میرے بندو! جنہوں نے اپنی جانوں پر زیادتی کی ہے، اللہ کی رحمت سے مایوس نہ ہو۔ بے شک اللہ سارے گناہ معاف فرما دیتا ہے۔ بے شک وہ بڑا بخشنے والا، نہایت مہربان ہے۔""  
[سورہ زمر: 53]
2۔ سچی توبہ کا حکم
*آیت:*
یٰۤاَیُّھَا الَّذِیْنَ اٰمَنُوْا تُوْبُوْۤا اِلَی اللّٰہِ تَوْبَۃً نَّصُوْحًا  
*ترجمہ:*  
""اے ایمان والو! اللہ کے حضور خالص اور سچی توبہ کرو۔""  
[سورہ تحریم: 8]
3۔ توبہ قبول ہونے کی بشارت
*آیت:*
وَھُوَ الَّذِیْ یَقْبَلُ التَّوْبَۃَ عَنْ عِبَادِہٖ وَیَعْفُوْا عَنِ السَّیِّاٰتِ  
*ترجمہ:*  
""اور وہی ہے جو اپنے بندوں کی توبہ قبول فرماتا ہے اور گناہوں سے درگزر کرتا ہے۔""  
[سورہ شوریٰ: 25]
4۔ گناہوں کا نیکیوں میں بدلنا
*آیت:*
اِلَّا مَنْ تَابَ وَاٰمَنَ وَعَمِلَ عَمَلًا صَالِحًا فَاُولٰٓئِکَ یُبَدِّلُ اللّٰہُ سَیِّاٰتِھِمْ حَسَنٰتٍ  
*ترجمہ:*  
""مگر جس نے توبہ کی اور ایمان لایا اور نیک عمل کیا، تو اللہ ان کی برائیوں کو نیکیوں سے بدل دے گا۔""  
[سورہ فرقان: 70]
---
*سچی توبہ کی شرطیں دوبارہ یاد رکھیں:*
1. گناہ فوراً چھوڑ دینا  
2. دل سے ندامت کرنا  
3. آئندہ نہ کرنے کا پکا ارادہ  
4. اگر بندے کا حق ہے تو اسے واپس کرنا
اللہ آپ کی توبہ قبول فرمائے اور آپ کو نیکی پر ثابت قدم رکھے۔ آمین See less"
228,جب تک ہمارے پاس موبائل ہے تب تک چیلنج میں بہت مشکلات آۓ گی میں موبائل سیل کرنے لگا ہو اور ایک مکمل طور پر زہنی سکون سے بغیر موبائل کے چیلنج شروع کرنا چاہتا ہو
229,"117 Din ke bad Mera challenge toot gya..or pehly ki thra he 1..2 sec mai discharge ho gya
Bohat sharminda Hun ITNi mehnat ke bad b challenge nhi continue Rakh saka...ESA lag rha sb khtm ho gya mai Phir SE purani zingadi ma Ka rha Gunaho wali"
230,اسلام و علیکم ورحمۃ اللہ وبرکاتہ امید ہے سب خیریت سے ہوں گے الحمدللہ چیلنج کو37 دن ہو گئے موٹیویٹ کرے اچھے مشورہ دے تا کہ میری حوصلے افزائی ہو سکے مشت زنی فحش ویڈیوز اور غلط کام کے نقصان اور چیلنج کرنے کے فوائد بتائے اپکے کومنٹس سے نا صرف میری حوصلے افزائی ہو گئی بلکہ نئے لوگوں کو بھی بہت کچھ سیکھنے کو ملے گا انشاءاللہ
231,"اسلام علیکم و رحمۃ اللہ وبرکاتہ 
اِس گروپ کو وقت دینے والے بھائیوں کا بہت 
شکریہ کافی دیر بعد گروپ کھولا ہے میں کام کی میں
سروفيت کے بعد الحمد للہ الحمد للہ 4
 ماہ گزر گئے ہیں اِس گناہ کو چھوڑے ہوئے اور مجھے بہت اچھا فیل ہوتا ہے پہلے سے بہت شکریہ ان دوستوں کا جو اس نیک کام میں اپنا وقت لگا رہے ہیں اللہ آپکو اجر دے آمین"
232,Hi everyone.mera aik buhat serious masla hai.mers penis buhat sensitive hogiya hai buhat jaldi discharge hojata hai.november may meri shadi hai likn mujay buhat tention hai.timming belkul kam hai 10 sec may discharge hojata ho.please koi married brothrr meri guide karay buhat pareshan ho may.please admin approve my post
233,Aoa if during cleaning private part kch bad thoughts aaen or Halka Sa sticky water mehsos ho or thori der bad  urine me bh thori Si thicknesses ho Kia ye challenge tor deta h?
234,"السّلام علیکمُ اَحْبَاب!
راقم کی عمر سترہ برس اور چند ماہ ہے جب کہ وہ عرصہ دو سال سے خود مشت زنی کا شکار ہے جب کہ فحش مواد شاذ و نادر ہی قلت کے ساتھ دیکھتا ہے-  جس کی وجہ سے سستی، جسم میں درد، چڑچڑاپن اور مایوسی کا شکار ہے بعض اوقات خود کشی کی سوچیں غالب آتی ہیں-
بندہ سال اول کا طالب علم ہے جب کہ میٹرک میں امتیازی نمبروں کی بدولت کالج میں سکالرشپ پر تعلیم حاصل کر رہا ہے جہاں اسے بہت اچھے اساتذہ سے پالا پڑا جس کی بدولت اخلاقیات کی دیواروں کی بنیاد فولادی ہے لیکن تنہائی کے گناہ اسے تباہ کرچکے ہیں مختلف جسمانی اور قابلیتی لحاظ سے خود پر شک کرتا ہے مختلف وساوس کا شکار رہتا ہے اِس ماہ اُس کے پیپر جبکہ وہ انتہائی سست ہوچکا ہے اور اپنے اساتذہ و والدین کو مایوس کرنے والا ہے-
مطالعہ اور سیکھنے کی جستجو بہت زیادہ ہے لیکن اب آنکھوں کی چمک اور چہرے کی رونق معدوم ہو رہی ہے شاید ایک ستارہ چمکنے سے قبل ہی بجھنے کو ہے-
میری آنکھوں میں تھکن اور درد عام بات ہے بعض اوقات آنکھیں کھولنے کا دل ہی نہیں کرتا ایسے تھکتی ہیں- اوور تھنکنگ کا شکار ہوں دماغ پر وزن سا محسوس ہوتا ہے جیسے وہ تھک گیا ہے اور اب چاہتا ہے کہ کرشمہ ہو اور وہ ری سیٹ ہو جائے گھنٹوں نیند لینے کے باوجود نیند پوری نہیں ہوتی جبکہ گھریلو پریشانی نے میری مشکلات بڑھا دی ہیں جس کی بدولت عرصہ دو سال سے ڈپریسڈ ہوں اور چاہتا ہوں چاہے کوئی پانچ ہزار دے گھر سے نکل جاؤں- رات کو سوتے وقت ماں کی آنکھ میں آنسو دیکھتا ہوں صُبْح کو آنکھیں مل رہا ہوتا تو تب بھی ماں کی آنکھوں میں آنسو ہوتے ہیں- مختصر یہ کہ دُکھ میری تلاش میں ہیں ایک کم ہوا نہیں دوسرا آ جاتا ہے اور شاید ایسے ہی ٹھکانے لگ جاؤں گا- خیر آپ میری راہنمائی فرمائیں کہ کیسے اس لت سے نکلوں دوسرے مسائل کا اللہ مالک ہے
نعمان صاحب براہ کرم اپروو کر دیں یہ ایک بیزار نوجوان کے دل کا غبار جو رونا چاہتا ہے لیکن رو نہیں سکتا ہوسکے تو میری راہنمائی فرمائیں چاے پرسنل رابطہ کرلیں- See less"
235,اسلام علیکم میرے نفس میں سختی حتم ہوگئے ہے 6دیں پہلے کڑے ہوئے مشت زنی کی پیر شام کو جب پر سیکس کر رہا تھا تو سکتے حتم ہو گئے ابی تک ٹیک نہیں ہوئے بہت پریشان ہو آج 7 دے ہے چیلنج کا
236,"Bhai please meri post approve karey bar bar post kar raha hun ap approve nahi kar rahey 
السلام علیکم پیارے بھائیو!
میں نے تقریباً 11 سال تک مشت زنی کی۔ پھر میری شادی ہو گئی اور شادی سے 10 دن پہلے میں نے مشت زنی مکمل طور پر چھوڑ دی۔ اب اسے 4 ماہ ہو چکے ہیں، لیکن میری شہوت (Libido) اور ایریکشن ابھی تک تقریباً صفر ہیں۔
شادی کے ایک ہفتے بعد میں نے یورولوجسٹ سے رجوع کیا۔ انہوں نے میرے مختلف ٹیسٹ کروائے، اور الحمدللہ تمام ٹیسٹ نارمل آئے۔ ڈاکٹر کا کہنا تھا کہ مجھے Performance Anxiety ہے۔ انہوں نے ایریکشن کے لیے دوا اور ذہنی سکون کے لیے بھی دوا دی، اور کہا کہ 6 ہفتے استعمال کریں، آپ ٹھیک ہو جائیں گے۔
لیکن اب مجھے سمجھ نہیں آ رہی کہ تمام ٹیسٹ نارمل ہونے کے باوجود میری شہوت اور ایریکشن اتنے کم کیوں ہیں۔ میں یہ جاننا چاہتا ہوں کہ کیا یہ Flatline ہو سکتی ہے جو اتنا لمبا عرصہ چل رہی ہے؟
کیا کسی بھائی کے ساتھ ایسا ہوا ہے کہ اس کی Flatline کئی مہینوں تک رہی ہو؟ اگر کسی کا تجربہ ہے تو براہِ کرم ضرور شیئر کریں۔
ایڈمن صاحب! میری پوسٹ منظور کر دیں اور براہِ کرم کمنٹس بند نہ کریں تاکہ زیادہ سے زیادہ لوگ اپنی رائے اور تجربات بتا سکیں۔
آپ سب کا بہت شکریہ۔ See less"
237,"Assalamualaikum 
Noman Bhai agar MB sy agar insan kamzor hota ja Raha hota hai tu 
Phir oske shahwat Kam
Kyon nahe hojate 
Mtlb jitna Banda MB karta rehta hai dosre din oss sy zyda  shehwat aate hai TU esa kyo.hota hai ?
Mtlb esa kyon nahe HOTA k Mb zyada karny sy shahwat Kam hojae ? See less"
238,34 دن ہو گئے ہیں صرف ایک دفعہ احتلام ہوا ہے اور ایسا لگ رہا ہے نفس مر گیا ہے کوئ فرق محسوس نہیں ہو رہا ہے
239,"Let's welcome our new members:
( اہم گروپ رولز ) جن پر عمل کرنا انتہائی ضروری ہے۔
1) کوئی بھی ممبر کسی بھی پوسٹس یا کمنٹ پر ھنسی 
 اور اینگری 
 والی ایموجی نہیں لگائے گا۔ 
2) کوئی بھی ممبر کسی کو بھی ان باکس نہیں بلائے گا  
3)گروپ میں کسی بھی قسم کی میڈیسن دوائیاں ،نسخے تجویز کرنا سختی سے منع ہے ۔ 
رولز کی خلاف ورزی کرنے کی صورت میں اسی وقت گروپ سے ہٹا دیا جائے گا ۔  ان شاءاللّٰہ 
Ahmad Wazir
,
Allauadin Allauadin
,
Zeeshan S
,
Irfan Abbas Fani Khan
,
S Khan S Khan
,
Malik Amir
,
Fayaz Shinwari
,
Ikram Gulosh Mamund
,
Jutt Hkhk
,
Darru Smith
,
Ghulam Haider
,
Awais Shail
,
Zubair Tailors
,
Katlang zalmai
,
Hamza Manzoor
,
Hamza Qureshi
,
Innoccent Monsters,
Raja Tahir
,
Mohib Afridi
,
Usman Ali
,
Alla Rakha Ma
,
السادات نیوز پاکستان
,
جاوید احمد وفا
,
Ali Haider
,
Ali Ali,
Hamdan Dikhan
,
Malik Usman Khokhar
,
اسد- حسرت بهشت خاموش
,
Husnain Sajid Qureshi
,
Kashan Kashan,
Mustafa Manthar Ali
,
Pakistani
 ,
Safi Ur Rehman
,
Nadeem Kamboh
,
Ahsan Kamal
,
Waqar Ali
,
Adnan Swati
,
Nalen Vlog
,
Prince Chucha
,
Hamdan Bin Noor
,
Muhammad Naeem
,
ذیشان جدون
,
Baynaqaab X Adi Memer II,
YazdAn Haider
,
Farman Ullah
,
No Names Skt
,
Hammad Hussan
,
Ziddi Chhokri
,
شریف لڑکا
,
Hafeez Rao
,
لاہوری منڈا,
Ali Hamza
,
علی جان
,
Sarim Sheikh
,
Tajammal Hussain Gujjar
,
Imran Khan
,
Rana Ahsan
,
Abdul Majeed
,
Nayab Nayab
,
Shahbaz Bhatti
,
Sohail Naz
,
Islam Ali
,
برادر اینڈ سسٹر
,
Aman Islam,
Umer Ali Umer
,
Hamid Af
,
Muhammad Junaid
,
Naeem Khan
,
Syed Rameez Ul Hassan
,
Amir Amirali
,
Jawaid Jawaid
,
Muhammad Saddam
,
Adnan Khokhar
,
Yasin Chaudhary
,
Furqan Bhatti
,
Hania Ali
,
Naseem Nawaz
,
MyLife MyFamily
,
Rafi Ullah
,
Sohail Muhammad
,
Rawalpindi Bou,
ĶHâłıđ MêhmoØđ
,
Haris Badshah
,
Iqra Iqra,
Saman Khan
,
Sabir Ali
,
Mahmood Ahmed
,
گردے نکالنے والى,
کـــــشـــــمــــیـــری مــــــلـــــــک,
Umair Jti
,
Waseem Iqbal
,
Rana Adnan
,
Danish Dh
,
Ali Hamza
,
SheharYar Khan Baloch
,
Abdul Bais
,
Nasir Khan
,
Faheem Khan
,
Mohsin Mohsin
,
Zeshan Malik
 See less"
240,Salam.. Brother ya mary dost ki report ha shadi ko 5 month ho gy han Hamal ni ho rha abi us ny ya report krowaii ha plz kisi ko knowledge ha tu Rehanmaii kr dy
241,"الحمدللہ! آج مجھے ماسٹر‌بیشن چھوڑے 22 دن ہو گئے ہیں۔
ہر دن ایک نئی کامیابی ہے۔
نفس سے لڑنا آسان نہیں، لیکن ناممکن بھی نہیں۔
جب ارادہ مضبوط ہو، اللہ پر بھروسہ ہو، اور مقصد پاک ہو تو انسان اپنی عادتیں بدل سکتا ہے۔
""جو شخص اللہ کے لیے کسی چیز کو چھوڑ دیتا ہے، اللہ اسے اس سے بہتر عطا فرماتا ہے۔""
22 دن مکمل، ان شاء اللہ آگے کا سفر بھی جاری رہے گا۔
اللہ ہم سب کو پاکیزگی، صبر اور استقامت عطا فرمائے۔ آمین۔ 
 See less"
242,"Inshallah kl see Mera challenge start ho ga 
Pkky yaqeen k saath main jis adat main pra hoo vo mujh see chottey he nahi inshallah main pure mehnat k saath apny miyyar k saath utroon ga thanks for all members"
243,"Mari age 17 ha or weight 90kg ha 
Mara nafs ha ak finger sa b chota ha 
Kya kru ma pershan hu"
244,"السلام علیکم،
میری عمر تقریباً 30 سال ہے۔ میں گزشتہ 4 ماہ سے مشت زنی نہیں کر رہا۔ میری جسمانی صحت اچھی ہے، میں پچھلے 2 ماہ سے باقاعدگی سے جم جا رہا ہوں، میرا وزن اور مسلز بھی بڑھے ہیں، اور میری خوراک بھی کافی صحت مند ہے۔
تاہم مجھے ایک مسئلہ پریشان کر رہا ہے۔ میری ایریکشن (Erection) پہلے کے مقابلے میں کمزور محسوس ہوتی ہے۔ کبھی کبھار ایریکشن ہو جاتی ہے لیکن وہ مکمل طور پر مضبوط نہیں ہوتی۔ ظاہری طور پر میری فٹنس اور جسمانی صحت اچھی ہے اور دوست بھی میری فزیکل اپیئرنس کی تعریف کرتے ہیں، لیکن اس مسئلے کی وجہ سے میں کافی فکر مند ہوں۔
کیا کسی نے ایسی صورتحال کا سامنا کیا ہے؟ اگر ہاں، تو براہِ کرم اپنی رائے، تجربہ یا کوئی مفید مشورہ شیئر کریں۔
شکریہ See less"
245,"آج کی حدیث شریف 
15 ذوالحج 1447ھ
01 جون 2026ء پیر 
#hadithoftheday 
#likecommentsharefollowsupport See less"
246,السلام علیکم کیا حال چال ہیں سب بھائیوں کے ایڈمن بھائیوں کے بھائی مجھے کل سے پرسوں سے میں بہت زیادہ سیکس کے خیال ا رہے تھے ہونگے تو سی بات کر رہا تھا اس سے بھی رومینٹک باتیں کر کرنے لگ پڑا ہے اور پھر مجھ سے کچھ ایسا ویڈیو چاہیے پورن ویڈیو نہیں دیکھی ویسے ہی ٹک ٹاک پر ہی اور اب میں نے منگیتر سے بات کی رومینٹک باتیں کی سیکس والی باتیں کی اور کچھ ایسی بس اگے میں نہیں بتا سکتا پہلے تو میں نے منگیتے سے بات کرنے سے منع کر دیا تھا وہ بھی مان گئی تھی کہ نہ کرنا پھر میرا دل کیا کہ چلو تھوڑی تھوڑی کر لیا کریں گے لیکن ایک ہفتے سے کچھ زیادہ بات کر رہے تھے تو اب مجھ سے سے مشت زنی ہو گئی ہے ستون دنوں کی بات میرا چیلنج ٹوٹا ہے میرا نفس بھی تین چار انچ کا ہے میں نے ایک دفعہ چیلنج کمپلیٹ کیا تھا دوسری دفعہ دو تین دو مہینے چلا تیسری دفعہ 20 15 دن سے چلتا رہا اور اس دفعہ ستنجا دن چلا اس سے میری ریکوری ضائع ہو گئی ہے ساری جو میں نے کی تھی پلیز مجھے رہنمائی فرمائیں اور سب بھائی دعا کریں کہ اسے گندی لت سے چھٹکارا حاصل ہو جائے ویسے تو نہیں کبھی مشت زنی کرنے کا دل کیا جب میں نے گیتے سے بات کی دو تین دن ہو گئے پھر میرے ذہن میں غلط خیالات ائے پہلے میں بالکل کم بات کرتا تھا سلام دعا لے کے بس حال چال پوچھ کے بس تین چار دنوں سے کافی باتیں کی ساری ساری رات کی پھر میں ٹھیک باتیں کرنے لگ گیا اہستہ اہستہ مجھ سے بہت بڑی غلطی ہو گی اب میں بہت پچھتا رہا ہوں کہ میں بات نہیں کرنی تھی کیونکہ ادھر سے ایسی باتیں نہیں کرنی تھی سب بھائی میرے لیے دعا کریں کہ اس لیٹ سے چھٹکارا مل جائے اور اللہ مجھے معاف فرمائے اور میرے سب بھائیوں کو اس غلیظ کام سے دور رکھے امین See less
247,"مشت زنی (Masturbation) کے بارے میں مختلف آراء پائی جاتی ہیں، لیکن اگر یہ عادت حد سے بڑھ جائے یا روزمرہ زندگی پر اثر ڈالے تو بعض مسائل پیدا ہو سکتے ہیں:
وقت کا ضیاع اور اہم کاموں سے غفلت
فحش مواد کی لت لگنے کا خطرہ
احساسِ جرم یا ذہنی پریشانی
توجہ اور یکسوئی میں کمی
ازدواجی زندگی پر منفی اثرات (بعض افراد میں)
عام طور پر مشت زنی سے مستقل جسمانی کمزوری، نابینا پن یا بانجھ پن جیسی باتیں سائنسی طور پر ثابت نہیں ہیں۔
فحش مواد کے نقصانات:
ذہنی آلودگی اور خیالات پر منفی اثر
عبادات اور روحانی زندگی میں غفلت
حقیقی رشتوں سے دلچسپی میں کمی
لت (Addiction) کا خطرہ
اگر آپ اس عادت کو چھوڑنا چاہتے ہیں تو ورزش، مصروفیت، دینی سرگرمیوں اور فحش مواد سے دوری مددگار ثابت ہو سکتی See less"
248,"میرا پانچ مہینوں کے بعد چیلنچ ٹوٹ گیا ہے اور اب پینس نے سوجن کر لیا ہے اس کے کیا نقصان ہیں کوئی میڈیسن بتا دو کہ سوجن ختم ہو جائے 
بہت افسوس ہوا ہے لیکن اب کچھ نہیں کر سکتا"
249,"aj challenge k 48 din ho gye hain 
mujy ahtalam nhi ho rha Kya waja ho skti hy"
250,"السلام وعلیکم 
میرا وزن 100 ہے کیا یہ میری sextual لائف امپیک کر رہا ہے"
251,Asalam o alaikum aj phir challenge shooro kr diya he asl maza apne nafs se larne me ha inshallah is baar Allah pak k hukum se challenge poora kroonga
252,me 6.7 month phly ghr rehta tha job nhi thi to preshan sy mera khara nhi hota tha to ab me job kr rha hon rozana job py jaty hue 2 km chal kr jata hu 2km wapsi py to  halat ab asi ha k chlyy chlyy khara hojata ha soty hue uthty bethty khara hojata bgair kisi bury khyal k...iski kia wajah hoskti ha
253,Mera challenge tot geya hain mena rat ho poran dekh kar mb kar leya ta mujhe 1ya1.5 mint Laga or subha per hoon gaye mb Lekin subha time boot zeyada lag geya 7ya 8 mint mujhe Laga ka aj Mera timing boot auchi ten Kya ya timing Tek hain or shade ka bad koi masla to nhi hoon ga me per sa challenges start kar rahan hoon
254,"افسوس میرا چیلنج ایک دن سے آ گے نہ بڑھ سکا بہت دکھ ہوتا ہے تین دن میں دو دفعہ ٹوٹ گیا حالانکہ میں شادی شدہ ہو اور چار بچے ہیں میرے الحمدللہ ،
لیکن میری بیوی اس معاملے میں کمزور واقعی ہوئی ہے وہ میری ضرورت پوری نہیں کر سکتی۔
 بہت پریشان ہو ، تقریباً 20 بیس سال سے زیادہ عرصہ ہواہے کہ اس تباہ کن مرض میں گرفتار ہوں،
حتی الامکان نیٹ سے دور رہتا ہو ، صرف واٹس ایپ استمعال کرتا ہوں ،کبھی کبھار فیس بک۔
لڑکیوں کی طرف میلان حد سے زیادہ ہے، اگر کبھی موقعہ ملا تو شاید زنا سے بھی بچ نہ پاؤ ، شکر ہے کہ اللہ موقع نہیں دیتے۔
بنیادی وجوہات دو ہے اول بد نظری کہ یہ عادت بد بہت پختہ ہوچکی ہے اور اس سے بچنا ناممکن حدتک مشکل ہواہے، دو سوچ پر عدم کنٹرول، گندے خیالات،یہ آج کل زیادہ ہوا ہے ورنہ اس سے کافی حدتک نکل آیا تھا لیکن اب پھر اس کا غلبہ ہے، خاص کر دوپہر یا رات کو لیٹتے وقت۔
براہ کرم کوئی ماہر ایڈمن پرسنل میں مجھے گائیڈ کرنا شروع کریں ، نہایت پریشان ہوں تمام صلاحیتیں اور پوری جوانی ضائع ہو رہی ہے، بیس سے پچیس کا عرصہ کوئی معمولی زمانہ نہیں ، سب اس ٹینشن میں ضائع ہوا حالانکہ بہترین صلاحیتوں کا مالک ہوں۔ See less"
255,Dry fruit milkshake mein gondh kateera kitni mikdar mein dalna chahie kiu wo jab kateera pani mein raat bhar bhigo du tu bht thora bhi bht ziada jell ban jata hai aur kia badam akhrot kay shake mein gondh kateera dalna chahie koi faida deta hai recovery mein ya nhi ??
256,"Today I start my challenge 
May 31, at 4:00 pm
I will drop every day about my challenge"
257,"Hadith of the day 
#hadithoftheday #photographychallenge #likecommentsharefollowsupport"
258,"Assalamu Alaikum! Main pechlay bohat arsay se MB se Chutkara pa Raha hon but ho nai  Raha. Kabhi 3 month, 2 month ya 1 month baad challenge toot jata hai. Main ne ab ye group 2 years layer again join Kia hai. Kue keh main bohat serious hon is gunah se Jaan churane ke liey. 
Ab main ne ye soch kar again group join Kia hai ta keh main apni progress ko Sath Sath share kro, is se na Sirf mujhy hosla mily ga, balky ho Sakta hai mere Bhai jo pareshan hai unko bhi encourage mily See less"
259,"السلام علیکم ایک سال سے مکمل کوشش کر رہا ہوں لیکن آج تک مکمل چیلنج نہ ہوسکا لیکن آج پھر ایک نئے عزم کے ساتھ شروع کررہا ہوں ہوں انشاء اللہ اس بار مکمل کرنا ہے 
تقریباً سات سال سے مشت زنی کررہا ہوں بہت کمزور ہو گیا ہوں کوئی خوراک"
260,اسلام علیکم ورحمتہ وبرکاتہ امید ہے سب بھائی خیریت سے ہوں گے پیارے بھائی میں بہت پریشان ہوں مجھ سے یہ کام نہیں چھوٹ رہے اور ایک ایپ ہے میں اس سے بات کرتا ہو لڑکیوں سے اور روزانہ مشت زنی کرتا ہوں چھوڑنے کی بہت کوشش کی ہے ایک مرتبہ 56 دن کیے اس کے بعد اب ایک دن مشکل سے کرتا ہو پھر دوسرے دن دو مرتبہ کر دیتا ہوں میں  نے ریکوری گائیڈ بھی پڑھی ہے لیکن پھر بھی نہیں چھوٹ رہے کام کیا کروں
261,"میں رات فورن ویڈیو دیکھی ہے
میں نے مشت زنی نہیں کی ہے 
پھر مجھے رات کو احتلام ہوا۔
یہ مشت زنی میں آتا ہے"
262,"یہ جو آپ کا دل ہے نہ ،اس کو عربی میں ""قلب""  کہتے ہیں اور قلب کا معنی ہوتا ہے ؛اُلٹنا پلٹنا۔ یہ دل بھی ایک حالت میں نہیں رہتا۔ کبھی تو اتنا خوش ہوتا ہے جیسے ساری دنیا کی خوشیاں اس کو مل گئی ہیں، کبھی ایسا اداس ہو جاتا ہے جیسے ساری دنیا کا غم اس پر اُنڈیل دیا گیا ہے۔
جس دور میں ہم زندگی گزار رہے ہیں، اس میں دل کی اُداسی اور بے سکونی میں اضافہ ہوا ہے۔ ہمارے دل بہت کمزور ہو گئے ہیں۔ بادِ مُخالف کا ایک ہلکا سا جھونکا اسے اپنی طرف جھکا لیتا ہے۔ہر لمحہ آنکھ کے ذریعے گناہوں کے مناظر اور کان کے ذریعے گناہوں کی آوازیں دل کی پاکیزہ زمین کو نجاست زدہ کر رہی ہیں۔ طرح طرح کے بُرے جذبات پیدا ہو رہے ہیں جن سے یہ دل کمزور ہو جاتا ہے۔
جب آپ کا کوئی عضو کمزور ہو تو اسے آپ مضبوط باندھ لیتے ہیں۔ خدا نخواستہ اگر کسی کا ایکسیڈنٹ ہو جائے اور ہاتھ میں چوٹ آئے تو وہ پلستر لگا کر اسے مضبوط کرتا ہے۔سر پر چوٹ آئے تو اُس پر پٹیاں باندھی جاتی ہیں، گھٹنے کمزور ہوں تو آپریشن کر کے اس کا علاج کیا جاتا ہے۔
ایسے ہی آپ کا دل بھی کمزور پڑ جاتا ہے۔ذرا سا برائی کا منظر دیکھا اور ارتکاب کر بیٹھا۔ ذرا سی مصیبت آئی اور لوگوں کے سامنے شکوے شکایات کی پٹاری کھول دی۔ ذرا سی کسی نے راز کی بات بتائی  اور پوری دنیا کو بتا دیا، ذرا سی خبر چلی اور اس پر دل نے بریکنگ نیوز بنا ڈالی۔ دل کمزور ہونے کی ہزاروں نشانیاں ہیں اور اس پر شیطان اور نفس کی طرف سے چوٹیں بھی لگائی جاتی ہیں، ایسے میں آپ دل کو کیسے مضبوط کریں گے؟؟اس پر کیسے پٹی باندھیں گے؟؟ کس پلستر سے اسے حوصلہ اور ٹھہراؤ دیں گے؟؟ کس چیز سے اُسے بکھر کر ٹوٹنے سے بچائیں گے اور کس چیز سے جوڑیں گے؟ تو وہ چیز قرآن نے بتائی۔
قرآن کہتا ہے: (جب )حضرت موسی کی والدہ( اپنے معصوم اور چھوٹے سے بیٹے کو دریا میں ڈالنے لگیں تو ان ) کا دل بے قرار تھا۔ قریب تھا کہ وہ یہ سارا راز کھول دیتیں ،اگر ہم نے ان کے دل کو سنبھالا ( اور مضبوط) نہ کیا ہوتا۔
یہاں قرآن نے دل کے ساتھ ""ربط"" کا لفظ ذکر کیا ہے جس کا معنی ہوتا ہے: کسی چیز کو باندھنا، مطلب یہ ہے کہ ہم نے موسی کی والدہ کے کمزور دل کو ڈھارس بندھائی جس کی وجہ سے وہ مضبوط ہوگیا۔ اتنا مضبوط کہ اب اگر اس پر مصیبتوں کا احد پہاڑ بھی رکھ دیا جاتا تو ڈگمگاتا نہیں۔ 
یہی بات اصحاب کہف کے بارے میں بھی کہی گئی ہے کہ:
و ربطنا علی قلوبھم 
ہم نے ان کے دلوں کو (باندھ کر)مضبوط کر دیا تھا۔ کیونکہ اس وقت ان کے دل کمزور پڑ سکتے تھے۔ ان کے دلوں کو ایمان ، اُس پر ثابت قدمی اور اپنے وطن کو چھوڑنے پر صبر کے ذریعے سے مضبوط کیا گیا۔
 اور پھر یہی تسلی بھری الفاظ اصحابِ بدر کے بارے میں بھی اترتے نظر آتے ہیں۔
فرمایا: لیربط علی قلوبکم یعنی ہم نے بدر کے دن تم پر غنودگی طاری کی اور آسمان سے پانی اس لیے برسایا کہ اس کے ذریعے تمہارے دلوں کو ڈھارس بندھائیں۔
ان تمام آیات میں تدبر کرنے سے معلوم ہوتا ہے کہ جب بھی کسی موقع پر آپ کو محسوس ہو کہ میرا دل کسی معاملہ میں کمزور پڑ رہا ہے، اسے اس وقت مضبوطی اور ڈھارس کی ضرورت ہے تو آپ اللہ سے کہیں:
اے موسی کی والدہ کے دل کو ڈھارس دینے والے اللہ!!!!
اے اصحابِ کہف کے قلوب کو مضبوطی اور سہارا دینے والے اللہ!!!!
اے اصحابِ بدر کے ٹوٹتے دلوں کو جوڑ دینے والے اللہ!!!!
فلاں معاملہ میں میرا دل بکھر رہا ہے، میں ٹوٹ رہا ہوں، میرے جذبات منتشر ہو رہے ہیں،میرا دل بے صبرا ہو رہا ہے، اس میں کمزوری ،عجلت(جلدبازی) اور برے احساسات جنم لے رہے ہیں،میں تنہا ہوں، صرف آپ ہی دیکھ رہے ہیں،میرا دلِ ناتواں شیطان اور زمانے کا مقابلہ کرنے سے عاجز ہے، آپ ہی  میرے دل کو ڈھارس اور مضبوطی دیجیے۔
جب دل کی گہرائی سے یہ آواز نکلتی ہے تو آسمان کے دروازے کھل جاتے ہیں اور ایک دم سے انسان رحمت الہی کے سمندر میں جا گرتا ہے ، پھر دنیا کی کوئی طاقت اور معاصی کا کوئی منظر اس کے دل کو ڈگمگا نہیں سکتا کیونکہ اب اس کو باندھا ہے سوہنے رب نے۔
#محمد_اکبر
10 مئی 2023 See less"
263,"AoA admin plz approve my post.
Post tora lamba ha ap sb bhaio sy request he mra help kre. 
Bht ye k mra aik larki k sath relation ta. 
Jo k larke na hud start kia ta hm dono phon pr ya audio ya kbe vediu call pr bht krty ty. Ab pechle eid sy phly oske shads ho gye me blkul akly tanha reh gya. Aik to me sochta bht zyada hn osk bary me hr time sad dill bs bhr gya ha dunya sa. Dosre bht me ne bht zyaada mushat zani ke ha osk sath audio ya vediu call krty hoi oo ab b rbta krte ha or mje lhte hn k me ne hubby k sath asa kia asa kia jo mje oor tension ma dal dte ha. 
Isk sath he me mushat zani dobara start kr deta hn. 
Ab mry nafs ma oo sakhte nhe rahe na he jalde kara hota ha bht tension ma hn hr trf sy. Plz mje koi mashwara den 
 See less"
264,"اسلام وعلیکم دوستوں 
بہت ہی نازک بات کررہا ہوں میری اس گروپ کے ممبران سے بھر امید ہے اچھے مشورے کی 
  میری ایج 23 سال ہے میں Bsc کا سٹوڈنٹ ہوں مسلا یہ ہے کہ میرا چیلنج بہت ہی کم جاتا ہے ایک تو مشت زنی سے تنگ ہوں اور ایک مسلا یہ ہے کہ میرا بڑے بھائی کی بیوی پہلے میں بنا کسی دوسرے مسلے کے کرتا تھا بٹ اب سے کچھ وقت پہلے میں نے ایسے ہی اس کے ساتھ مزاق میں گندی باتیں کی جس کا اسنے مسبت جواب دیا اب جب بھی ایرکشن ہوتا ہے میرا دماغ اس کی طرف مائل ہوجا تا ہے اور غلط حرکات سے پھر مشت زنی کر بیٹھتا ہوں وہ بھی اکثر بار کچھ نہیں کہتی جس پر میرا دماغ اور بھی مائل ہوجا تا ہے میں نے بہت کوشش کی دور رہنے کی آتا کے اس کے ہاتھ کا کھانا پینا بھی چھوڑ دیا ہے بٹ جب ایرکشن آتا ہے سب کچھ پھر سے خراب ہو جا تا ہے کیسے جان چھڑاو اس دلدل سے ایک ساتھ رھتے ہیں See less"
265,"Asalam o alaikum yar bhayion aj challenge toot gya pooray 30 din bad 
  aj tou Dil hee toot gya he yar kitni mehnat kee thee in 30 dino me Kitna khush tha k is baar challenge poora Hoga lekin aj Mera khuwab toot gya suba tak challenge bhot acha chl rha tha lekin achanak se pata ni Kya hova or challenge toot gya abi tk soch soch k pagl ho rha Hoon k akhir kese toot gya challenge yaqin nhi a rha Meray Liye Dua kro k ya to Allah muje is burai se bacha Len ya muje mot de dain q k me thak gya Hoon me andr se toot gya Hoon 
 See less"
266,Asslamoalikum mari age 42 hai 25 saal se Iss addiction ka shikaar hun ab 14 din se kuchh nai Kia or har roz gond katira or tukhm balgan dudh main daal kar use karta hun ALLHAMDULILLAH bohat saray maslay hall ho chalay hain itnay kam waqt main morning main shahwat b aati hai or timing b thik ho rahi hai
267,Aoa umeed ha sb thk hoga mere challenge ko Allhamdulilah 60 hogae ha lkin ma jb subha uthta hu fresh nhi uthta anxiety bhe rehti ha koi tareeqa btae ka ma fresh uthu subha stiffness rehti ha neck kandho ma pairon ma age 20 ha plz approve krda
268,"السلام و علیکم و رحمتہ اللہ وبرکاتہ 
کیسے ہے آپ سب بھائی 
                                                           الحمدللہ رب العالمین 
زندگی میں پہلی بار اتنے دن کا چیلنج کیا ہے الحمدللہ اللہ پاک کا بہت بہت شکریہ ادا کرتا ہو اور نعمان بھائی کا جنہوں نے مجھے ہوسلا دیا ک آپ یہ کر سکتے ہے اور بہت ساری کوششوں کے بعد ایک نہ ایک دن میں کامیاب ہو ہی گیا مجھے ناممکن لگتا تھا لیکن زندگی میں کچھ بی نا ممکن نہیں ہے اللہ پاک ہمیں معاف کریں 
 اور ہمیں سمجھنے کی توفیق عطا فرمائے آمین"
269,السلام علیکم پیارے بھائی اپ سے ایک مشورہ کرنا ہے پلیز غلط کمنٹ نہ کرنا میں نے تقریبا 13 سال مشت زنی کی ہے 12 13 سال کی عمر میں شروع کی تھی میری ایج اب 26 سال ہے اور میں  چار پانچ ماہ سے مشت زنی چھوڑنے کی کوشش کر رہا ہوں کبھی دس دن کبھی 12 دن کی کر پاتا ہوں اور میں بہت کمزور ہوں میرے جسم بہت دبلا پتلا ہے اور میں پریشان ہوں میں نے اپنے ایک قریبی ڈاکٹر سے اس کے بارے میں مشورہ کیا تھا تو اس نے اس میں بولا کہ اپ نے یہ بہت اچھا کام شروع کیا ہے پر اس نے ایک اور بات بھی بولی ہے اس نے یہ بات بولی ہے کہ اپ پہلے دن میں یا ہفتے میں چار بار یا پانچ بار کرتے تھے تو اب ہفتے میں ایک بار ضرور کیا کریں کیونکہ اگ مکمل طور پہ پرہیز کریں گے تو اپ ریکور نہیں ہو پائیں گے بلکہ اپ کو نقصان ہوگا کیا یہ سچ ہے See less
270,"اسلام و علیکم آل ممبر
میں نے یہ گروپ آج 
31مئی 2026
ٹائم صبح
7:19 پر جوائین کیا ہے مجھے مشت زنی  کی عادت ہو گئی ہے خدا کی قسم اپنے آپ کو کھائ جا رہا ہوں 8 سے 9 سالوں سے قسم سے کوئی حل بتاؤ جو چھوٹ جائیے ۔میری عمر 21 سال ہے اور وزن 54 کلو 
منہ پر خون ہی نہیں چڑھ رہا ایڈمن سے گزارش ہے کہ کوئ حل بتائیں پلیز حد سے زیادہ پریشان ہوں 
خدا کےلیے 
 See less"
271,اگر past relation بھی نہ رہا ہو، اور idea بھی نہ ہو کہ محبت کیسی ہوتی ہے، تو کیا شادی کے بعد شوہر کے ساتھ محبت ہو جاتی ہے؟ جیسے ڈراموں میں ہوتا ہے کہ 1 منٹ بھی نہیں رہا جاتا، ایسی محبت؟
272,Aslmwalkum everyone mujha 4 months main 4 5 bar athlam huwe tha or morning eration be 5 6 bar huwe tha ab eration nhin hota main 30 min walking karta ho suba or sham phir nhin ho rha ha wajha kya ha plz guide kro
273,assalamualaikum admin bhai apse mashwra chahiye mene yaha puri bat likhny ki koshish ki  nai hua adhi b ni mehrbani kry me bahut ziyada preshan hu
274,assalamu alaikum Mera aap sab bhaiyon se ek sawal hai k mobile mein social media aur dusri apps ko band karne ka tarika Bata de bht bht shukaria vaise alhamdulillah mere challenge ko aj 50 din pury ho gy ha
275,"And now i am at this level STAY HARD The fuc*ing man . As a man there is no way to go .
You must face it . STAY HARD"
276,"Let's welcome our new members:
( اہم گروپ رولز ) جن پر عمل کرنا انتہائی ضروری ہے۔
1) کوئی بھی ممبر کسی بھی پوسٹس یا کمنٹ پر ھنسی 
 اور اینگری 
 والی ایموجی نہیں لگائے گا۔ 
2) کوئی بھی ممبر کسی کو بھی ان باکس نہیں بلائے گا  
3)گروپ میں کسی بھی قسم کی میڈیسن دوائیاں ،نسخے تجویز کرنا سختی سے منع ہے ۔ 
رولز کی خلاف ورزی کرنے کی صورت میں اسی وقت گروپ سے ہٹا دیا جائے گا ۔  ان شاءاللّٰہ 
Ali Ahmad
,
Shaikh Writes
,
Sikandar Khan
,
M Ramzan
,
Nazir Khan Khan
,
Anam Anam,
Abdullatif Abdullatif
,
جام ارباب دھاندو
,
Kinza Khan
,
Qadeer Ahmed
,
Shahzaib Zaibi
,
Khalil Ahmad
,
صحابہ صحابہ
,
DrTouqeer Offic
,
Rana Asif
,
Hassan Ali
,
Ayat Malik
,
Pandu Baba Rajpoot
,
Sameer Abbas
,
Farah Janii
,
Sapna Gul
,
,
Abdullah Afzal
,
Sunny G
,
Shadi Mubarak
,
Haji Khan
,
Imran Butt
,
Trend Daily
,
Alee Saqib Jafri
,
Bhi Bhan,
Khan Ahmad
,
Mudassar Nadeem Aashir,
Ilm-o-Imaan
,
Abu Bakar Qureshi
,
Prince P
,
Lov Ly
,
Hasnain Sahoo
,
Malik Asim
,
Anas Malik
,
Farman Ali
,
MaLik ZaDa
,
Irfan Baloch
,
Laiba Khan
,
Clip Viral
,
عبدالباسط منور السروري
,
Ahmed Ali
,
Makhdoom Anjum
,
Saber Khan
,
Khizar Mukhtiar
 ,
Akhtar Rehan
,
الـــولــــد المــُحب
,
Kamran Khan
,
Ahmad Hassan
,
Habib Khan
,
Nadir Reacts
,
Mohammed Mandhrani
,
Rao Awais
,
Ali Usama
,
Abdul Latif Awan
,
Syeda Afshan Rizvi
,
Ali Hassan
,
رضا حنفی
,
Aftab Saleem
,
Fareed Alam
,
Mustafa Ali
,
Zaroon Khan,
Sajid Jutt
,
Anabiya Rajpoot
,
Naveed Ismail
,
Hafeez Rahman
,
Rizwan Khan
,
Naeem Khan
,
Shadab Khan
,
Danish Ali
,
Mirza Saeed Mirza Saeed
,
Amanullah Omerzai
,
Hafiz Bilal
,
Anaya Rao
,
Bunnty Man
,
Saif Ullah Khan
,
Gullo Badshah
,
Yamna Naz,
فارس مئیو
,
Nimra Fatima
,
Ghazanfar Ghazanfar
,
Mehmood Ahmad
,
Sikandar Kazmi
,
Usman Bhutta
,
Asas Raza
,
M Sajjad
,
Imtiyaz Hussain
,
Jd Langove
,
Adnan Hassan Tarar
,
Adii Shah
,
Rahman Ali
,
Henry Oliver William
,
ZeeShan Bukhari
,
Shaharyaar Gujjar
,
Kamran Chandio
,
Trynafind Abdullah
 See less"
277,"السلام وعلیکم ورحمتہ اللہ وبرکاتہ 
تمام ممبر سب بھائی کیسے ہیں ایڈمن حضرات سب ٹھیک ہیں خیریت سے ہیں امید کرتا ہوں سب خیر وعافیت سے ہونگے 
میری عمر تقریباً 23سال ہے اور میں نے یہ کام کوئی 10سے 12سال کیا ہے پہلے میرے پاس موبائل نہیں تھا لیکن پچھلے تین سال سے میں موبائل فون استعمال کر رہا ہوں فحش ویڈیوز پورن ویڈیوز وغیرہ بھی دیکھتا ہوں پچھلے کئی دنوں سے مسلسل میرا چیلنج تین چار دن بعد ٹوٹ رہا ہے کبھی ایک ہفتہ بعد بھی ٹوٹتا ہے لیکن جب ریلیپس ہوتا ہے تو کمفرٹ زون میں پھنس جاتا ہوں دن کبھی دوبار کبھی تین بار بھی ماسٹر بیٹ ہوجاتی ہے میں اس لت کی وجہ سے بڑا ہی پریشان ہوں اس نے میرا بڑا نقصان کیا ہے میرا نفس بھی سکڑ چکا ہے مجھے اریکشن کا بھی تھوڑا بہت مسئلہ ہے ٹائمنگ بھی ایک منٹ سے کم ہے سایز بھی چھوٹا ہے اس کے علاوہ قطروں کا مسلہ بھی ہے یہ تھا جنسی مسائل اور جسمانی مسائل بھی ہیں جسم میں کمزوری محسوس ہوتی ہے بہت زیادہ ہاتھ کی کلائیاں اور بازوں اور ٹانگیں پتلی پتلی ہوچکی ہیں چہرہ بھی اندر کی طرف دھنستا جا رہا ہے لیکن یہ سارے مسائل اور ان وجہ معلوم ہونے کے باوجود بھی اس لت کو نہیں چھوڑ پارہا ہوں موبائل فون بھی بہت زیادہ استعمال کرتا ہوں پلیز ایڈمن حضرات میری رہنمائی فرمائیں اس حوالے سے مکمل طور پر گائیڈ کریں مُجھے اور ہاں تین چار ماہ تک شادی بھی ہونے والی ہے میری کوئی ایسی خوراک بتائیں کہ میرے یہ سارے مسائل بھی ٹھیک ہو جائیں اور اس لت سے بھی آزادی ملے اور شادی تک بالکل فٹ ہو جاؤں جزاک اللہ خیرا See less"
278,Meri shadi last month hui koe 8 Saal sy mastzani kr raha tha ab feel ho raha kitna galat Kiya khud k st mein ny shadi sy phly koe 3 n.month chori thi sb saakti nhi ati or bhTt preshan hu mein please koe achi advise kr Sakta h
279,"AoA omed hay sb kheryt sy hongy .
Mera swal ye hai k Mera nikah hochuka hai or apni wife k Saath milny ka moqa milta hai abhi rukhsati nai hui or hmbstri agar karooo toh Islam my ya na jaiz ya gunah toh nai Hoga mujhy ye weham rehta hai k agar karunga toh gunah Hoga wghera wghera or sehat par kor bura asar toh nai parega ,"
280,"السلام علیکم دوستوں 
میری عمر 21 سال ہے غیر شادی شدہ ہو ۔
مجھے رات کو گندے خواب آتے ہیں جس سے منی نکل جاتی ہے ۔
اس کا علاج بتائیں ۔۔۔"
281,میں نے آپ لوگوں سے اپنا مسلہ شیئر کیا تھا لیکن مجھے کسی دوست نے مطمئن جواب نہیں دیا ڈپریشن اور انزائٹی بدن میں توانائی کی کمی گبھراہٹ اور مایوسی اور اس لت میں بار بار جانا میں یہ ادویات بھی استعمال کرتا ہوں prothiaden 25gm aur morcet 10 mg ایک ماہ ہوگیا لیکن کوئی زیادہ فائیدہ نہیں ہوا
282,"#لمبی_ٹائمنگ_کا_فائدہ_یا_نقصان؟
  کچھ لوگ اس بات پر فکر مند ہوتے ہیں کے ٹائمنگ 5 منٹ سے زیادہ نہیں ہیں کوئی طریقہ یا دوائی بتائیں کیونکہ جنسی ملاپ کے دوران انزال میں تاخیر خوشی میں اضافے کے لیے اچھا ہے،
لیکن طبی حقیقت کچھ اور کہتی ہے۔
   دیرپا انزال کے ممکنہ خطرات:
  خصیوں اور کمر کے نچلے حصے میں درد یا کھچاؤ
  پٹھوں میں تناؤ اور تکلیف
  کبھی کبھی اعصابی تناؤ اور سر درد
  جنسی احساسات کے قدرتی توازن میں خلل
   اہم بات:
  انزال کو قدرتی طور پر نرم اور صحت مند طریقے سے کنٹرول کرنا کوئی بڑا مسئلہ نہیں ہے لیکن مسلسل ""زبردستی یا کسی بھی دوا کی مدد سے انزال میں تاخیر"" جسم کے قدرتی نظام میں خلل پیدا ہو سکتا ہے۔
   نتیجہ:
  جسم کو اپنے فطری عمل کو انجام دینا چاہیے، زیادتی اور تناؤ مسائل پیدا کر سکتے ہے۔ See less"
283,کیا چیلنج مُکمل کرنے کے بعد بندے کے دل سے مشت زنی کا ہواهش حتم ہو سکتا ہے وہ لوگ بتائے جن نے پورا کیا ہے چیلنج
284,"اللہ تعالیٰ آپ کو وہ سب عطا کرے جس میں آپ کے لیے خیر ہو
اور ان سب سے بچائے جو آپ کے لیے شر ہو آمین یا رب"
285,"اسلام علیکم
کیسے ہیں سب بھائی
میں نے مشتزنی اور زنا چھ سال کیا ہے 
اب پکی توبہ کی ہوئی ہے الحمدللہ
یہ میرا دوسرا چیلنج ہے پہلے والا پینتالیس دنوں کا تھا
کل مجھے بہت شہوت تنگ کی زنا کرنے کا بہت خیال آیا یہ سوچ آئی کہ آج کر لیتا زنا اور پھر توبہ کر لوں گا
لیکن میں نے خود سے ایک بات کی کہ میں نے کس حالت میں مسجد میں بیٹھ کر توبہ کی تھی تو اب میں توبہ توڑ نہیں سکتا
پتا نہیں مجھے بتانا چاہیے یا نہیں! 
میں نے آخری دفعہ جب گناہ کیا تو اس کے بعد نماز پڑھنے گیا اور توبہ کی تو میں سجدے میں تھا تو مجھے عجیب محسوس ہوا کہ میں مرنے والا ہوں اگر اس حالت میں میں مر جاتا تو کیا ہوتا۔ 
یقیناً یہ اللہ پاک کی طرف سے مجھے سدھرنے کا ایک موقع دیا گیا ہے۔۔ 
اب مجھے آپ لوگوں سے مشورہ یہ چاہیے کہ میں کافی کمزور ہو چکا ہو
مجھے اچھی سی ڈاءیٹ بتاءیں جو ٹھنڈی ہو کیونکہ گرم چیزیں میرا معدہ گرمی میں برداشت نہیں کرتا جزاک اللہ See less"
286,"السلام علیکم ورحمت اللہ 
امید ہےگروپ کے تمام ساتھی خیریت سے ہوں گے 
آج میرا چیلنج کا پہلا دن ہے ، تین چیزوں سے بچنے کا چیلنج شروع کیا ہے اول نیٹ پر نیم عریاں وغیرہ ویڈیوز و تصاویر ، دوم فحش خیالات سے، سوم م ش ت سے ۔
سب سے کامیابی کے لیے راہنمائی اور دعا کی گزارش ہے ۔شکریہ"
287,"شریعت اسلامی میں مشت زنی کرنا حرام ہے۔ اسے نہیں کرسکتے ہیں اس پر قران مجید کی آیات اور احادیث دلالت کرتی ہیں۔ ایک بار مولائے کائنات علی ابن ابی طالب (علیہ السلام) کی خدمت میں ایک ایسے آدمی کو لایا گیا جس نے مشت زنی کی یہاں تک کہ اس پر غسل واجب ہو گیا تو مولا کائنات نے اسکے ہاتھ پر اتنا مارا کہ وہ لال سرخ ہو گیا اور پھر مولا نے بیت المال سے اسکی شادی فرمادی جیساکہ روایت کا متن یہ ہے :
عَنْ زُرَارَةَ، عَنْ أَبِي جَعْفَرٍ 8 عليه السَّلام أنَّهُ قَالَ: ""أُتِيَ عَلِيٌّ عليه السَّلام بِرَجُلٍ عَبِثَ بِذَكَرِهِ حَتَّى أَنْزَلَ، فَضَرَبَ يَدَهُ حَتَّى احْمَرَّتْ، وَ زَوَّجَهُ مِنْ بَيْتِ الْمَالِ""
حوالہ: عوالي اللئالي العزيزية في الأحاديث الدينية: 2/357، لإبن أبي جمهور، محمد بن زين الدين، الطبعة الأولى، سنة: 1405 هجرية، قم ــ إيران.
خود لذتی سے  چھٹکارا کیسے پائیں؟
 استمناسے بچنے کا طریقہ یہ ہے کہ انسان پرہیزگاری اختیار کرے اور ایسی چیزوں سے دوری اختیار کرے جو اس کی شہوت کو ابھارنے کا موجب بنیں اور ایسی جگہوں پر جانے سے اجتناب کرے جہاں جانے سے اس کی شہوت میں اضافہ ہو اور جب شیطان استمنا کرنے کی طرف اکسائے تو زیادہ سے زیادہ ذکر خدا شروع کر دیں۔ سب سے بہترین حل جلدی شادی کرنا ہے۔
 روایت کہتی ہے: الذُّنُوبُ كُلُّهَا عَظِيمٌ عِنْدَ اللَّهِ لِأَنَّهَا مَعَاصِيَ، و أَنَّ اللَّهَ لَا يُحِبُّ مِنَ الْعِبَادِ الْعِصْيَانَ، و قَدْ نَهَانَا اللَّهُ عَنْ ذَلِكَ لِأَنَّهَا مِنْ عَمَلِ الشيطان،
گناہ تمام کے تمام اللہ تعالیٰ کے نزدیک بڑے ہیں کیونکہ یہ گناہ ہیں اور اللہ تعالیٰ بندوں سے نافرمانی کو پسند نہیں فرماتا۔ اور اللہ تعالیٰ اس سے منع فرمایا کیونکہ یہ شیطانی عمل ہے 
لہٰذا گناہ سے اجتناب کریں  اور حلال طریقہ اپنائیں۔
توبہ کا طریقہ:
توبہ دو لفظ میں ندم اور عزم کا نام ہے یعنی گزشتہ گناہوں پر نادم ہو نا اور آئندہ گناہ نہ کرنے کا پختہ عزم کرنا اور استغفار کرو یقینا خدا تعالیٰ معاف فرمانے والا ہے۔ See less"
288,"Salam mere sath koi challenge shru kro gay aur dost ban ke dono motivate hongay
Maine kafi baar Koshish kia hai nahi ho paya .
koi hai Jo aj se shru kare"
289,Yrr ma penis ki MOTi ko la kr Pershan ho Raha ho Meri 4.3 sa 4.4 tak ha kahta ha ka 4.5 Kam sa Kam honi chaiya ??
290,"Asalam o alikum Piyry bhaio
Ajj phukhta irda kiya ha k mein ayedna masturabtion ni kroga mein na nimaz sharu krdi hai kafii din sy ni ki ydd ni mujhy ab rozy bhi rkh rha hoo 5 saal sy(MASTURABTION)lgtar krha tha masla haya ky khilf ha mgr pochra ho janab mein shadi kr sku ga mujhy bachy bhtt psnd ha meri auld hogi meri timming ab kam hoghi ha me apni energy wapis lena chhtahoo plzzz mujhy koi guide kry mein ab kia kro khuraq kia khyo exercisees kia kro mera MERA nafs chota hogya HA increase HOGA aur timing bary gi gi AUR plzzz timing increase ka tariqa btye plzz aur mein Alhamdullilah nimz ki pabandi me kr rkhi ha Alhamdullilah surah yaseen bhi prhta ho plzzz Allah ky Wasty koi achi trah sy guide krdy Allah ajry Azemm ata frmye
Jazakallah 
Jawab ka muntazir rhuga 
Fee imanillah 
 See less"
291,پچیس25  دن بعد میرا چیلنج ٹوٹ گیا ہے بڑی محنت کر کے یہاں پہنچا تھا اور پھر بھی کامیاب نہ ہو سکا
292,challenge toot gia mara 11 dayes ka ahtlam Howa pir kudh kar dia lakin pata ni Laga ka Mani nikli ha buth parshan hoo ma please guide me
293,الحمدواللہ سفر جاری ہے چیلنج کے ان دنوں میں صرف ایک بار ویڈیو دیکھی ہے میرا الٹا لیٹنے کی طرف رحجان بڑھ رہا ہے میرے ساتھ پچھلے دس دنوں سے ایسا ہے ارجز تنگ کرتی ہیں جب ویڈیو دیکھی تھی ماسٹربیشن نہیں کی تھی ایڈمن صاحبان اپروو پلیز See less
294,"Kia ap Meri help kr skty hai.
mujy 2 din phly night match khailty us jaga par ball lagi hai right side wali jaga kafi swell hogai hand lagoo to pain Hoti hai Kal faraq tha Thora boht paidal chala to raat ko soty time again se pain start hogai ab 18 hour hogay hai me gahr se bahir nhi nikla pain Hoti hai jab bi chalta ho right side waly par kamzoori bi hoagi esi waja se please guide kry mujy Boht preshn ho"
295,"Aoa___Umeed krta Hu sab Bhai achy ho Gain 
masht zani Kafi Time se Mubtala Tha Group Join Kia sochta Tha start krooo Aik Din Namaz Prh ke Khuda Toba Ki Qabristaj maun ja ke Toba ki Allah mjhe tofeeq de gunnah se bacha isy 
Issi Trah Krty hoay aj 45/48 days ho gye Hain Shuru main preshani hoi Bht But Dimag busy Rakhta Tha wela naii rehta tha Naha leta tha 
Pehle bv man Intrest naii Tha ab har 2 din bad Dil krta har Roz Dil krta main mutwaja hu Gya bv ki Taraf 
ab atay Hain asal msly ki Taraf Koi 10 din se subba main Jab Oth ta bht kmzore or thaka Hua feel krta buri Trah Muh ka zaiqa ajeeb rehta I don't know q hai kis waja se hai Kindly rehnumai Krain 
Chalenge poora hu jaye To inshallah Phr Sath Sakhti ke liye Cheezain use krunga abhi Bhi behtar hai 
Mjhe solution dein kindly See less"
296,"2 منٹ کی عادت… پوری زندگی کی کمزوری بن سکتی ہے 
توبہ استغفراللہ… 
آج کل ہر دوسرے لڑکے کا یہی مسئلہ بنتا جا رہا ہے۔
چند لمحوں کی خواہش کے لیے غلط عادتوں میں پڑ کر لوگ اپنی صحت، ذہنی سکون اور مستقبل کو نقصان پہنچا رہے ہیں۔ پھر بعد میں شادی، ذمہ داری اور رشتوں سے ڈر محسوس ہونے لگتا ہے۔
بھائیو!
آپ مرد ہو، خود کو مضبوط بناؤ۔ 
اپنی طاقت اور جوانی کو ایسی چیزوں میں ضائع مت کرو جو وقتی مزہ دے کر اندر سے کمزور کر دے۔
یاد رکھو…
شادی کے بعد انسان اپنی بیوی کے ساتھ محبت اور فطری طریقے سے زندگی گزارتا ہے،
لیکن غلط عادتیں انسان کی سوچ، عادت اور کنٹرول کو خراب کر دیتی ہیں۔ 
خدا کے خوف سے ڈرو پلیز… 
گناہ بھی ہے،
اور اپنی زندگی و صحت کے ساتھ ظلم بھی۔
نماز کی طرف آؤ،
اپنے وقت کو اچھے کاموں میں لگاؤ،
ورزش کرو،
اور اپنے نفس پر قابو پانا سیکھو۔ 
اصل طاقت یہی ہے کہ انسان اپنی خواہشات کو کنٹرول کرے، نہ کہ ان کا غلام بن جائے۔ 
 See less"
297,"alhimdullih Meri Zindagi ka sab sa behtreen din 122 din ho Chuka ha es Gandi lat sa nikla howa 
masla ya ha ki depression or anxiety ni ja rhi es wja sa ki  Mera nafs 4 inch sa uppar 5 inch ka qareeb ha jab soya hota ha to 1 inch ka ho jata ha 
pehla Meri timing seconds ma thi ab pata ni ha lakin Mujha shuhwat bhout a rhi ha Nazar par control ni ho rha ab 
alhimdullih ma 5 waqat namaz be parhta ho lakin shadi sa khouf atta ha ki shadi Kamiyab ni Jaye gii wagera 10/12 years es gandi lat ka guzar kar sab sa bada challenge par chal rha ho alhimdullih 
please approve admin See less"
298,Kya chelenge say Kisi ke sakhti aye ha wapis     honestly batwo please please please please please please please please please please
299,"**خود کو جیتنا ہی سب سے بڑی فتح ہے!** 
ہر وہ لمحہ جب آپ اپنے نفس کی خواہش کو ٹھکراتے ہیں، آپ حقیقت میں اپنی شخصیت کو نکھار رہے ہوتے ہیں۔ نو فیپ صرف برائی سے دوری کا نام نہیں، بلکہ خود کو بہتر ورژن (Better Version) بنانے کا ایک سفر ہے۔ اپنی توانائی ضائع مت کریں، اسے اپنے مستقبل کی تعمیر میں خرچ کریں۔
**فیصلہ آج آپ کا ہے!** 
 بلکہ خود کو بہتر ورژن (Better Version) بنانے کا ایک سفر ہے۔ اپنی توانائی ضائع مت کریں، اسے اپنے مستقبل کی تعمیر میں خرچ کریں۔
**فیصلہ آج آپ کا ہے!** 
 See less"
300,"السلام علیکم امید ہے تمام دوست و احباب خیرو عافیت سے ہوں گے،میں 18 سال کا ہوں اور مجھے تین سال ہو گئے پورن اینڈ ماسٹر یشن کی عادت ہو گئی ہے،بہت کوشش کی کہ چھوڑوں لیکن پھر ہو جاتا ہے،میں بہت پریشان ہوں،
 جب یہ کرتا ہوں تو کمزوری محسوس ہوتی ہے جسم پر کوئی فرق نہیں پڑتا اچھا دکھتا ہوں
 پلیز کوئ بھائ میری رہنمائی فرماۓ پلیز۔بڑی مہربانی ہو گی"
301,"Let's welcome our new members:
No Fear
,
CH Usman
,
Hassam Ud Din
,
Iltaf Hussain Malik
,
Shahid Awan
,
Raja Faizan
,
ملک شانی کھوکھر
,
Manzoor Hussain
,
عبدالله مساوي
,
Rafiq Jan
,
Amir Ali
,
Bilal Hassan
,
Salman Malik
,
Abbas Ras
,
Ziddiawan Awan
,
Muhammad Sibtain
,
Ayan Khan
,
Ali Khan
,
Muhammad Faaiz
,
Inam MAlik
,
Muhammad Irfan
,
Muhammad Nadeem
,
Shariq Salman
,
Muhammad Sadiq
,
Gujjar Badshah
,
Khateeb Usman
,
Sheikh WAlo Anas
,
Mufti Ijaz
,
Sf Gre
,
Danish Ali
,
Ishaq Khan Ishaq,
Ayesha Khan
,
Sherree Bhai
,
Asif Khan
,
Maria Batol
,
Ayaash 
 ,
بنی آدم
,
Mnoory Abid
,
Mark Maddison
,
Sami Khan,
Saifurehman Saif
,
Syed Usman Shah
,
Iqra Aziz
,
Sohna Bacha
,
Unofficial: Sanasi Hikmat House
,
Sheraz Malik
,
Ahmad Siddique
,
M Sohail
,
Asif Malik
,
Huda Ch
,
Ramzan Jutt
,
Samii Khan
,
Fuzzi Gaming
,
رانا سالار خاں
,
Inam Issa Khan
,
Sardar Baloch
,
Khizar Abbas
,
Ahmed Ali,
M Suliman
,
Saif Ahmad,
بشیر نورزهی
,
Talat Masood Uttra
,
Sufian Ali Jutt
,
Asad Ali
,
Muhammad Iqbal
,
HaSsan PaSha
,
Ashfaque Ahmed Solangi
,
Malik Mustafa Lurka
,
Ahmad Gul Majrooh,
Hashir Jarwar
,
Shamsher Aslam
,
Nofap Guider
,
Awaz E Haq
,
اداس زندگی
,
Ahmed Ali
,
Shahzad Shahzad Ali
,
Ali Faraz Khan
,
Muhammad Danyal
,
Roman Khan
,
Nawab Zada
,
Awais Munir
,
Sarfraz Ansari
,
M Ejaz M Ejaz
,
Ayeshly Nazir Nazir
,
Zafar Siddiqi
,
Muhammad Tashbib Sahu
,
Expertpointfor Digitalissues
,
قاسم حسن صديقى
,
Fayaz MirZa
,
Sardar Sohrab
,
Adil Arman
,
Sohail Khan
,
Zara Bismil Zara Bismil
,
Mafir Wafi
,
Jutt Jutt
,
Raheela Memon
,
Kendrick cervantez
,
Ahmad Ali Ali
,
Naeem Khan
 See less"
302,"اسلام علیکم 
میں نے چیلنج سٹارٹ کیا ہے کیا چیلنج کے مکمل ہونے کے بعد کیا میرے نفس میں سختی آ جائے گی 
جس نے پورا کیا    بہت زیادہ پریشان ہو"
303,"Aj mera 4 day ha or mujy galat was wasy aty ha jab wo aty tu halka halka drop be aty phir but me apny tarf sy es gandy kamo sy dour hona chata meri age 22 ha 1 year tak meri shadi be ha 
 ab me kya kro mujy samj ni ari koi samja dy ?"
304,اسلام علیکم سب  گروپ میبرس کو عید الاضحی مبارک ہو
305,"Assalamu Allikum bhai Eid Mubarak m Allah ko hazir jaan I chalng start kia tha ireection issue 22 days Allhamdillah ho gye but mri shadi h December m kia mri ireection thik ho skti hai..... Please btyen kia m thuk ho jao ga nmaz perhta hun but excercies ni because busy hota please btyen
 milk Rox pita hun kia muj dr k pas jna chshy???"
306,"یار کوئ مجھے بھی چیلنج شروع کروا دے ۔
۔۔لنک بھجو ۔۔مئں نوٹ کر کے شروع کرو گا"
307,اسلام علیکم بھائی کیسے ہیں میں چلیج  شروع کیا  8 دن ٹوٹ گیا اور ایک ماہ بعد شادی ہے اب کیا کرو
308,"اسلام علیکم 
آج میرا چیلنج 100 دنوں کا ہو گیا 
مگر اس میں کچھ گڑبڑ بھی ہو گئی تھی 80 اور 99 دن کے قریب اور میں نے صرف نازیبا ویڈیوز دیکھی کچھ وقت کے لیے کیونکہ یہ میری زندگی کا سب سے بڑا چیلنج ہے 
آج سے پہلے میرا چیلنج 80 دن یا 70 دن تک رہا ہے 
اللہ مجھے استقامت دے اب دیکھتے ہیں کہ یہ کب تک چلتا ہے"
309,Ma bhot bar toba karta hon  allah sa ro ro kar phir bi ho jata ha koi is sa nikal do allah pak duniya akhrit makamiyab kara
310,"قرآن مجید نے تفکرِ زائد (Overthinking) اور اضطراب کا علاج کس طرح پیش کیا؟
اللہ تعالیٰ نے انسان کو عقل کی نعمت سے نوازا ہے، لیکن زندگی کے حالات بعض اوقات اس عقل کو تفکرِ زائد (Overthinking) اور ذہنی بے چینی کی دلدل میں ڈبو دیتے ہیں۔ قرآن کریم صرف احکامات کی کتاب نہیں ہے، بلکہ یہ ""شِفَاءٌ لِّمَا فِي الصُّدُورِ"" (دلوں کی بیماریوں کی شفا) ہے۔ اس نے ان نفسیاتی عوارض کا علاج کرنے اور دل کو دوبارہ اطمینان بخشنے کے لیے ایک جامع طریقہ کار وضع کیا ہے۔
قرآن کریم نے تشویش اور بے جا سوچوں کا جو حتمی اور جڑ سے خاتمہ کرنے والا علاج پیش کیا ہے، وہ یہ ہے:
1۔ مستقبل کے بارے میں زاویہ نظر کی تبدیلی (اضطراب کا علاج)
تفکرِ زائد کی سب سے بڑی وجہ مستقبل اور نامعلوم حالات کا خوف ہے۔ قرآن مجید تقدیر اور توکل کے تصور کو دل میں راسخ کر کے اس راستے کو ہمیشہ کے لیے بند کر دیتا ہے:
اس بات کا یقین کہ فیصلے اللہ کے ہاتھ میں ہیں: جب انسان کے دل میں یہ آیت بیٹھ جاتی ہے:
﴿قُل لَّن يُصِيبَنَا إِلَّا مَا كَتَبَ اللَّهُ لَنَا هُوَ مَوْلَانَا﴾ [التوبة: 51]
""کہہ دیجئے! ہمیں ہرگز کوئی تکلیف نہیں پہنچ سکتی بجز اس کے جو اللہ نے ہمارے لیے لکھ دی ہے، وہی ہمارا کارساز ہے۔""
تو ذہن میں چلنے والا یہ وسوسہ ختم ہو جاتا ہے کہ ""اگر ایسا ہو گیا تو کیا ہوگا؟"" جو کہ تفکرِ زائد کو ہوا دیتا ہے۔
نتائج کے بارے میں اچھا گمان رکھنا: حد سے زیادہ سوچنا ہمیشہ برے نتائج کا تصور پیدا کرتا ہے، جبکہ قرآن اس کے برعکس رہنمائی کرتا ہے:
﴿وَعَسَىٰ أَن تَكْرَهُوا شَيْئًا وَهُوَ خَيْرٌ لَّكُمْ ۖ وَعَسَىٰ أَن تُحِبُّوا شَيْئًا وَهُوَ شَرٌّ لَّكُمْ ۗ وَاللَّهُ يَعْلَمُ وَأَنتُمْ لَا تَعْلَمُونَ﴾ [البقرة: 216]
""اور عجب نہیں کہ تم کسی چیز کو ناپسند کرو اور وہ تمہارے حق میں بہتر ہو، اور عجب نہیں کہ تم کسی چیز کو پسند کرو اور وہ تمہارے لیے بری ہو، اور اللہ جانتا ہے اور تم نہیں جانتے۔""
یہ آیت انسانی ذہن سے ""ہر چیز کا پہلے سے اندازہ لگانے"" کا بھاری بوجھ اتار دیتی ہے۔
2۔ منفی سوچوں کی مینجمنٹ (وسوسوں کے سلسلے کو توڑنا)
تفکرِ زائد کا بڑا سبب ""وسوسے"" اور خطرات کو بڑھا چڑھا کر دیکھنا ہوتا ہے۔ قرآن اس کیفیت کی درست عکاسی کرتا ہے اور اس کا فوری علاج بتاتا ہے:
فوری استعاذہ (اللہ کی پناہ مانگنا): قرآن ہمیں سکھاتا ہے کہ گھوم پھر کر بار بار آنے والی تاریک سوچیں اکثر شیطان کی طرف سے ہوتی ہیں جن کا مقصد انسان کو غمگین کرنا ہوتا ہے۔ اس کا علاج کیا ہے؟
﴿وَإِمَّا يَنزَغَنَّكَ مِنَ الشَّيْطَانِ نَزْغٌ فَاسْتَعِذْ بِاللَّهِ ۚ إِنَّهُ سَمِيعٌ عَلِيمٌ﴾ [الأعراف: 200]
""اور اگر شیطان کی طرف سے کوئی وسوسہ آپ کو ابھارے تو اللہ کی پناہ مانگ لیا کرو، یقیناً وہ خوب سننے والا، سب کچھ جاننے والا ہے۔""
اللہ کی پناہ مانگنا (استعاذہ) منفی سوچوں کی ٹرین کو روکنے کا ایک ""فوری بٹن"" (Stop button) ہے۔
خوف کی حقیقت کو سمجھنا: اللہ تعالیٰ فرماتا ہے:
﴿الشَّيْطَانُ يَعِدُكُمُ الْفَقْرَ وَيَأْمُرُكُم بِالْفَحْشَاءِ ۖ وَاللَّهُ يَعِدُكُم مَّغْفِرَةً مِّنْهُ وَفَضلاً﴾ [البقرة: 268]
""شیطان تمہیں مفلسی (اور تنگی) سے ڈراتا ہے اور تمہیں بے حیائی کا حکم دیتا ہے، جبکہ اللہ تم سے اپنی مغفرت اور فضل کا وعدہ کرتا ہے۔""
یہ آیت خوف اور تشویش کے تانے بانے کو توڑ دیتی ہے۔ اضطراب آپ کو صرف نقصان، ناکامی اور فقر دکھاتا ہے، جبکہ اللہ کے فضل کا شعور آپ کے ذہن کو متوازن کر دیتا ہے۔
3۔ عملی علاج: توجہ کو دوسری طرف موڑنا (Distraction)
جدید سائنس کہتی ہے کہ اوور تھنکنگ کا علاج یہ ہے کہ انسان ""اپنے دماغ کے اندر سے"" نکل کر ""حقیقی دنیا کے کاموں"" میں لگ جائے۔ قرآن نے یہ طریقہ ان صورتوں میں پیش کیا ہے:
قرآنی ذریعہ تفکرِ زائد پر اس کا نفسیاتی اثر
باطنی ذکر اللہ تعالیٰ فرماتا ہے: ﴿أَلَا بِذِكْرِ اللَّهِ تَطْمَئِنُّ الْقُلُوبُ﴾ [الرعد: 28] (آگاہ ہو جاؤ! اللہ کے ذکر ہی سے دلوں کو اطمینان نصیب ہوتا ہے)۔ ذکر الہیٰ انسان کی ذہنی صلاحیت (Working Memory) کو اس طرح بھر دیتا ہے کہ پریشان کن سوچوں کے لیے کوئی جگہ باقی نہیں رہتی۔
حال (موجودہ لمحے) پر توجہ قرآن انسان کو آج کے دن عمل کرنے کی ہدایت دیتا ہے: ﴿وَقُلِ اعْمَلُوا﴾ [التوبة: 105] (اور کہہ دیجئے کہ تم عمل کرو)۔ تفکرِ زائد تب ہوتا ہے جب آپ ماضی یا مستقبل میں جی رہے ہوں، جبکہ عمل آپ کو موجودہ لمحے سے جوڑ دیتا ہے۔
خشوع کے ساتھ نماز نماز انسانی ذہن کو دنیا کی تمام مصروفیات سے عارضی طور پر الگ (Disconnect) کرنے کا نام ہے۔ نبی کریم ﷺ فرمایا کرتے تھے: ""اے بلال! ہمیں نماز کے ذریعے راحت پہنچاؤ۔""
4۔ تسلیم و رضا اور بوجھ اتار دینا (عملی توکل)
تفکرِ زائد دراصل اپنے اردگرد کے تمام حالات و واقعات پر کنٹرول حاصل کرنے کی ایک لاحاصل انسانی کوشش کا نام ہے۔ قرآن آپ سے ایک سمجھدارانہ سپردگی (توکل) کا تقاضا کرتا ہے:
﴿وَمَن يَتَوَكَّلْ عَلَى اللَّهِ فَهُوَ حَسْبُهُ﴾ [الطلاق: 3]
""اور جو اللہ پر بھروسہ کرتا ہے تو وہ اس کے لیے کافی ہے۔""
""حَسْبُهُ"" کا مطلب ہے وہ اسے کفایت کر گیا۔ جب آپ اپنے معاملات اللہ کے سپرد کر دیتے ہیں، تو آپ عملی طور پر اس مسئلے کی فائل اپنے محدود اور کمزور دماغ سے نکال کر اللہ کی لامحدود تدبیر کے حوالے کر دیتے ہیں، جس سے آپ کے ذہن کو سکون مل جاتا ہے۔
تفکرِ زائد (Overthinking) کے علاج کا قرآنی خلاصہ:
اگر کبھی آپ پر حد سے زیادہ سوچنے یا پریشان ہونے کا دورہ پڑے، تو قرآن کے بتائے ہوئے اس روڈ میپ پر عمل کریں:
رک جائیں اور اعوذ باللہ پڑھیں (تاکہ سوچوں کا تسلسل ٹوٹ جائے)۔
گہرا سانس لیں اور توکل پر مبنی کوئی آیت یا دعا پڑھیں (جیسے: حَسْبُنَا اللَّهُ وَنِعْمَ الْوَكِيلُ یا وَأُفَوِّضُ أَمْرِي إِلَى اللَّهِ)۔
کوئی عملی کام شروع کر دیں (وضو کریں، نماز پڑھیں، یا کوئی ادھورا کام نمٹائیں) تاکہ آپ کا ذہن مسلسل تجزیہ کرنے (Analysis mode) کی بجائے عمل اور پروڈکٹیوٹی (Action mode) کی طرف راغب ہو سکے۔
ثناءاللہ حسین: 27/5/26... اسلام آباد See less"
311,Mra chalnge chl rha hai me 1 bar 89 tak chalnge kr b Chuka ho pr mra sawal h mre kapoore ek chota h ek bara hai nhate waqt jb b dkhta ho to schta ho yr ye sb mre gunahon ka nateeja hai pr ab unko shi kse kro agr me shadi kro to ksa rahega q darr lgta h Kya pta shadi me shadi k layek ho b nhi ab to Alhamdulilah 5 ki bajamat namaz b parhta pr Jo kr Chuka ho us se darr lgta h
312,"ٱلسَّلَامُ عَلَيْكُمْ وَرَحْمَةُ ٱللَّٰهِ وَبَرَكَاتُهُ
Sab bhai kese hn umeed krta hun sab thiik hongy sab 
 Mera sab se bra masla mera dost hy mera dost mujhy ghalat rasty p lay ata hy her time mne 50 time challenge start kia lekin majaal k 4 din se oper gia hun to mera dost k sath karobar hy acha khaasa hamri online quran academy hy ham or hamri academy city me h or hmara khandan gaon me hi rehtay hn lekn jab hamm city me jaty  hn to rozana wo mujyy apni trf maail krta h Matlab jese kese wo mujhy is kaam me lay ata hy ab me usko gan*o smjho ya kuch bhi lekin mera karobar hy uskay sath bhot Koshish kia hy asa na ho lekin wo apny ooper mujhy maaail kr leta hy qk uski dhaari mooch nhi hy lekin age ka bra hy is kam k liye larki k sath nhi larkay k sath double gunnah mujhyy bhot afsoos hota h big issues k me usko chor nhi skta ik chalta hua system kese chor dun kia is cheez ka koooi haal btaain ap please meherbani apki me ye cheez apky sath share krha hun ye ik asa kaam hy jo k me apny ghar me kisi k sath share nhi kr skta please achi advise dena 
Apky taabsry ka intezaar krun ga See less"
313,السلام علیکم کیا حال ہیں گروپ والوں سب کے اپ مجھے شہوت بہت زیادہ تنگ کر رہی تھی اور میں نے نہانے بھی جانا تھا تو میری نیت صرف مزے لینے کی نہیں تھے نہ میں نے مشت زنی نہیں کی نہ میں نے پورن ویڈیوز دیکھی بس ایک کپڑے سے نفس کو لپیٹ کر تھوڑا دیوار دیوار کے ساتھ رگڑ دیا دو تین بار یا چار بار ایسا کیا بس چوری شہوت ٹھہر گئی تو پھر میں نے چھوڑ دیا تو کیا میرے چیلنج ٹوٹ جائے گا کیونکہ اس وقت بہت ہی زیادہ مجھے تنگ کر رہا تھا اور میں نے نہانے بھی جانا تھا کیونکہ کپڑے بہت گندے ہو گئے تھے See less
314,assaulam alaikum everyone acha mana hand practice chora di ha ab muja kabi kabi jab bi chota pasheb krta ho hoo to Mani ka Qatari ata ha kia reason ha is sa gusal wajab ho jata ha
315,"Assalam o Alikum me takreeban 10 12 sal se musht zani kar rha hu mera size 12 13 saal ki age me tha ab b wohi hai barha hi ni bht chota or ptla hai me chorna chahta hu lekin chor ni parha or size normal ni hai
Meri age 25 hai abhi"
316,اگر سیکس ٹائمنگ بڑھانی ھے تو روز سیر کرنی ہے کم سے کم 1 گھنٹہ اور روز دو کیلے لازمی کھانے ہیں اور گندی فلموں سے دور رہنا ہے۔  کوشش کریں رات کو 11 بجے سو جائیں۔  حسد کرنا بند کریں۔  پریشانی ختم معدہ درست اور دماغ بھی۔  اپنے معدے کو بس 80% کھانے سے بھریں اتنا مت کھاؤ ڈاکٹر کے علاج کی ضرورت بڑھے۔
317,"،۔                          103 دن الحمدللہ۔                     ،،،،
پتا نہیں میری پوسٹ گروپ میں کیوں اپرو نہی ہو رہی ویسے میں بس اپنے لیے لکھتا ہوں اس سے حوصلہ اور پھر سے اپنے ساتھ وعدہ یاد آتا رہتا ہے 
میرا چیلنج ہارڈ موڈ میں چل رہا کوئی پورن تو کیا سیکسویل ویڈیوز بھی نہی 
نہ مست زنی اور نہ کوئی اور طریقہ 
گروپ ایڈمن کا شکریہ جنہوں نے گائیڈ کیا پھر موٹیویشن دیتے رہے"
318,اج ایک سوال ہے آپ سب سے Relapse کر کے کبھی خود کو دوسرا موقع دیتے ہیں یا Relapse کیے جاتے ہیں بار بار
319,اج الحمدللہ 25 دن مکمل ہو گیا اپ سے ایک سوال ایا کہ اج رات مجھے احتلام ہوا ہے یعنی منی خارج ہو گئی ہے تو کیا اس سے میرا چیلنج ٹوٹ سکتا ہے کیونکہ دونوں تو سیم ٹو سے میں نا خواب میں بھی کرنا یا ہاتھ سے دونوں ایک ہیں نا مطلب چیلنج میرا ٹوٹ گیا ہے کیا ہو گیا پلیز میری رہنمائی کریں صبح سے پریشان ہوں یار
320,"Asalam o alikum 
Mera challenge ko 16+ days ho chuka ha Khana be acha khata hu, energy be sahi Hoti ha but Mera body ke condition bohot ziyada arsa hoa ha teek NAI ho rahi , chahe Kitna be Khao Kuch b kro body shape nahi bar Rahi , for your information ma takreeban 3 sal sy in Gunnah sy bachna ke Koshish ma Laga hoa hu kabhi 50 din kabhi 20 kabhi 10 din , lakin body ke shape bar he nahi Rahi bohot tension ho rahi or bari sharmindagi apni shadi KY bad wali Zindagi py Hogi , barai qaram is ka solution batai please 
Jazakallah See less"
321,"EMara aj phar tot gey may kafe bhtir tha asy bar kise na mujha gilta group ma add kar dy jas ma bhat se video ayi hoe the asy waja sa mayn phr hiat ka istmal kar ley
 Asy app waly sire episodes saezan bhe phir ley tha 
Or eid kay 10dan bad mare shadi ha ab may kia karo koey help pileaz See less"
322,"ہمارے پیارے نبی صلی اللہ علیہ وسلم نے حضرت ابو ذر غفاری رضی اللہ عنہ کو یہ چھ نصیحتیں فرمائیں:
1. مسکینوں سے محبت کرتے رہنا۔
2. جب بھی دیکھنا اپنے سے نیچے والوں کو دیکھنا اوپر والوں کو مت دیکھنا۔
3. ہر حال میں حق بات کہنا اگرچہ وہ کڑوی ہو۔
4. الله کے معاملے میں کسی کی پرواہ نہ کرنا تم رب کے راستے پر چلتے رہنا ملامت کی پرواہ نہ کرنا۔
5. اگر رشتے دار تم سے تعلق توڑیں بھی تو تم تعلق نہ توڑنا صلہ رحمی نہ چھوڑنا۔
6. الله کے عرش کے خزانوں میں سے یہ ""لا حولَ ولا قُوَّةَ إلّا باللهِ العَليّ العَظيم."" خزانہ ہے اسے ہمیشہ پڑھتے رہنا اسے کبھی نہ چھوڑنا۔ See less"
323,"Admin Sir please approve my post
میرا مسلہ یہ ہے کہ  میں لگا تار 8 سال مشت زنی کرتا رہا ہوں کئی بار چیلینج بھی کیے مگر بے سود اور اب مجھ سے لا شعوری طور پر زنا ہوا پانچ سے چھ بار 
جیسے ہی میں قریب جاتا تو فارغ ہو جاتا پھر میں نے eraction کی گولیاں لینا شروع کر دیں اس سے میں تسلی سے ہم بستری کرتا 
اب میں یہ گناہ چھوڑ رہا ہوں میں اب اس کے قریب نہیں جاؤں گا
مجھے خوف آتا ہے بہت زیادہ 
تو کیا میں شادی کے قابل ہو جاؤں گا یا ساری زندگی انھیں گولیوں سے ہم بستری کروں گا 
پلیز مجھے سمجھا دیں
میری شادی کو ابھی دو سال دیر ہے See less"
324,Aoa umeed krta hu Sb thk hoga 2 month hogae challenge ko lkin jism drd rehta ha or anxiety ka msla bhe ha aj mujhe aisa hua dupeher khane or chai ka baad ka mujhe lga meri dharkan ruk gai ha dil tez tez dharkane lg gya mera smjh nhi lgti plz approved krdena
325,"Hi guyr boht pareshn hu 
 chanlng tuth gya after 10 days porn k wga se yr kese apni ap ku control kro es se pehli 10 den boht acha mhsos Kya ...apni timing ku kese barw"
326,"اسلام علیکم۔
مجھے کبھی بھی احتلام نہیں ہوا۔۔۔۔ شادی شدہ ہوں ۔۔لیکن کبھی کبھی ٹروزر کچھ کچھ گیلا محسوس ہوتا ہے ۔۔۔۔ مجھے رات کو سوتے ہوئے کبھی کوئ فیلنگ نہیں آئ لیکن تھوڑا سا ٹروزر گیلا ہوتا ہے بس۔۔۔"
327,"Let's welcome our new members:
Rizwan Azher Nawab Bahtti
,
Kamran Ismail
,
Ali Raza Laghari
,
M Talha
,
Pindiz Psl
,
Abdul Rehman
,
Asim Khan
,
Arslan Shani Shani
,
Majid Ali Dogar
,
Naseerullah Khan
,
Nawazish Ali
,
Faisal Khan
,
Faizan Gay,
AL Watan Aluminium
,
Aishafarwa Aishafarwa
,
Zindagi Anayat
,
Sehar Zaib,
Kewal Kamar Kewal Kamar
,
Arif Shehzad
,
Waqas Khãñ
,
Dh Umar,
Asad Ali
,
Saim Khan,
Ramzan Khan
,
Slow Starter
,
Prince Shehzadi
,
Malik Younas
,
Shahid Arain Shahid Arain
,
حواي البنت,
Taj Muhammad Khan
,
Sa Mar
,
Sohail Jamil
,
Khan Khan
,
RX Silver
,
Koko Koko
,
Zohaib Khan Khalil
,
Akela Bacha,
Ali Raza
,
اسامہ فاروق کھوکھر
,
Rehmat Ali
,
H Khan
,
Alina Fatima
,
Fahad Mir
,
M Akram Tanoli
,
Farman Ahmêd
,
Hussnain Ali
,
Fahad Kayani
,
Rashid Khan
,
Shaikh Jameel
,
Aliza Sheikh
,
Sohail Faisal
,
Umar Gujjar
,
Abu Bakar
,
Sajid Hussain
,
Haroon Jan
,
Ebad Khan
,
Um Ar,
Umar Qadri
,
Humain S
,
Raj Veer
,
یاراں دہ یار پریمی
,
Khan Khan Ok
,
Jamal Ahmed
,
Kala Lun Live Dekho,
Ahmad Afd
,
Ayaz Khan
,
Jamal Gul
,
Zain Jatt
,
Aadil Shahzad
,
Muhammad Umar,
Sonya Jan
,
ĀLōñē LōvēLy
,
Mughal Muhammad Abdullah
,
Muhammad Bilal
,
Uns Azadi
,
Salman Khan
,
Zain Zain
,
Kaleem Ullah
,
M Imran
,
علی ثقلین
,
Shahzad Hussain
,
Intazar Shah
,
مہر بادشاہ
,
Sattarlhan Sattarkhan
,
وصال اِحمد
,
Muhammad Numan
,
M Umar
,
Usama Awan
,
Akmal Bhatti
,
Arshman Ali
,
Jahangir Azazi
,
AqiB SuLemAn
,
Umair Rajput
,
Moneeb Qureshi
,
Ahsan Khokhar
,
Zahid Khan
,
Tayyab Ali
,
رومانی عشق
,
Sanullah Khan
 See less"
328,M saudia m hun challenge shuroh Kiya h Raat ko Kuch badam Kuch akhrot kajo anjeer or 3 khajor pani m bigo k Rakh deta hun suba uth k wo kha leta hon or Sath wo pani b pi leta hun ya phr ak glass dod Dal k juice bna k pi leta hun btaen Kya iska Kya faida h ya isy kesy istemal kro to zyda faida h
329,"السلام علیکم دوستوں ۔
میری عمر 21 سال ہے ۔
میری ایک دوست ہے قریبی شہر سے ۔
اس کی عمر 24سال ہے ۔۔ہم دونوں کی دوستی کافی گہری ہے ۔تو ۔ہم وڈیو کال تو کرتے ہیں ایک دوسرے کو ۔۔پر اب کچھ دن پہلے اس لڑکی نے مجھے ملنے کا کہا تھا ۔جس پر میں نے انکار کر دیا کے میرے پاس ٹائم نہیں ہے ۔۔تو وہ چپ ہو گئ ۔۔۔اس کے بعد اس لڑکی نے میرے ساتھ بات نہیں کی آج 4 5 دن ہو گئے ہیں ۔۔۔
۔تو پوچھنا یھ تھا کہ میں نے غلط کیا جو جانے سے انکار کر دیا ۔۔یا درست کیا ہے میں نے ۔۔ضرور جواب دینا۔۔۔۔
۔کیو میرے دل میں اللّٰہ کا خوف تھا ۔
میں زنا کے قریب نہیں جانا چاہتا تھا ۔
اس لیے انکار کیا ۔۔۔کیو کے میں چلا جاتا تو ہم نے سیکس کرنا تھا ۔ایسے سمجھ لو کہ آگ کے پاس گھی پڑا ہو تو پگھل ہی جائے گا۔۔۔۔۔۔۔میں کسی وجہ سے نہیں گیا ۔۔پر اب اس دن سے اس لڑکی کا مجھے جواب نہیں آیا ۔میں مسیج کرتا ہوں انگور کر دیتی ہے ۔۔۔ہماری دوستی بھی کافی گہری ہے ۔۔۔۔
پر اس لڑکی کو کیسے مناؤ ۔۔۔۔۔کوئ حل بتائیں ۔۔
کیو میرے دل میں اللّٰہ کا خوف ہے میں زنا کے قریب بھی نہیں جانا چاہتا ۔۔
۔باقی ۔مجھے جنسی کمزوری بیکل بھی نہیں ہے الحمدللہ میں بیکل ٹھیک ہو ۔۔
پلیز رہنمائی کریں جزاک اللّٰہ See less"
330,"sab kuch thik h 
Or thik chal ra h
Puchna ye tha k shadi k bad start k dino me timing ka masla ho ga mean na hone k brabar to kya is bat pr kya biwi ko koi masla ho sakta hai mean wo agr chahy k zada kre to pls meri bat ko samjiaay me kya kehna cha ra
Jin ahbab ki shadi hui mean un ka experience..
Hmary liaay koi raay"
331,"Ma na 5 dafa masterbation Kiya ha 
10 + cy kar raha ho 
Plz help agga mara final ha mara cy kch nhi ho raha ma bhut pareshan ka ma bhut ghunna gar ho Allah PTA nhi maaf kary ya nhi ......ma Apne ap cy nafrat ho rehe ha plz guide karo aur mobile bhut zaida use karte ho"
332,"ایڈمن پلیز اپروو پوسٹ
کوئی ایسا نسخہ علاج بتائیں عضو تناسل میں سختی آجاۓ بہت پریشان ہوں تین یورالو جسٹ کو بھی دکھایا ہے مگر کوئی فرق نہیں پڑرہا ٹائمنگ بھی ٹھیک ہے مگر سختی نہیں آتی پلیز رہنمائی فرمائیں مذاق مت اڑائیے گا"
333,"اسلام علیکم 
دوستوں سخت شرمندہ ہوں میں 
چیلنج ٹوٹ گیا وجہ کیا بنی 
بھائیوں 
میں نے اللہ تعالیٰ سے وعدہ کیا تھا میں کوئی بھی غلط کام نہیں کروں گا 
لیکن میرا ایک دوست ہیں جو مجھے پاؤں پر ٹچ وغیرہ کرتا ہے تو ڈسچارج والی فیلنگز آجاتی ہے  مجھے 
تو میں کہتا ہو کہ چلو ویسے بھی ڈسچارج ہونے والا تھا کچھ کرلو
استغفر اللہ 
بھائیوں پلیز مجھے بتاؤ کہ اگر ڈسچارج والی فیلنگز آئے اور ڈسچارج نہ ہو تو کیا منی اپنی جگہ سے نکل گئی اور نقصان   ہوگیا  کیا ؟
اور میرے لئیے پلیز دعا کریں See less"
334,"السلام علیکم ورحمۃ اللّٰه وبرکاته 
کیسے ہیں تمام ایڈمنز بھائی 
فیس بُک کا ایک مسئلہ بن گیا تھا میری ایڈ نہیں چل رہی تھی رمضان المبارک تک میں گروپ سے جڑا رہا ہوں اور وقتاً فوقتاً اپنی معمولات زندگی اپنے چلینجز کے بارے میں گروپ میں پوسٹ کر کے بتاتا رہا ہوں رمضان شریف کے ںعد موبائل کی خرابی کی وجہ سے یہ آئی ڈی نہیں چل رہی تھی آج جا کر چکی ہے مشکل سے رمضان المبارک کے بعد نیرا چیلنج چلتا رہا ہے مجھے اپنے اندر تبدیلیاں محسوس ہوئیں ہیں جن میں تھوڑا بہت مسئلہ پیشاب کے قطروں کا بھی تھا چیلنج 5 سے زائد مہینے چلا اس کے بعد ایک دو ہفتوں بعد ٹوٹتا رہتا ہے اب بہت پریشان ہوں نفس ٹھیک سے کھڑا نہیں ہوتا تناؤ نہیں ہے 
رہنمائی کریں تمام ایڈمنز بھائی جزاک اللّہ See less"
335,"اسلام علیکم
کیسے ہو سب بھائی
یار میرت ساتھ آج پہلی دفعہ ایسا ہوا ہے
میں رات کو سو کے اٹھا تب ٹھیک تھا اور جب دوبارہ سویا صبح اٹھا تو دیکھا میرا انڈر ویر گیلا تھا اور میرا ٹراؤزر بھی
اس کی کیا وجہ ہے؟ 
چیلنج بھی شروع ہے See less"
336,"یہ گروپ کی وجہ سے چیلنج شروع کیا تھا اج ایک ہفتہ پورہ ھوگیا ہے اج خواب میں بہت کچھ کیا لکین احتلام نہیں ہوہ 
بہت مشکل ہے لکین نامکمن نہیں ہے"
337,"السلام علیکم بھائی میں بہت گنہگار ہوں کل میرے سے زنا ہو گیا
 میری عمر 26 سال ہے اور میں پچھلے 15 سال سے اس مشت زنی  کی بری لات میں مبتلا ہوں اور میرا چیلنج 15 دن کا چل رہا تھا تو میری ایک کزن ہے اس سے میری دوستی ہے ہم ایک ہی گھر میں رہتے ہیں تو کل رات کو سارے گھر والے شاپنگ پہ چلے گئے تو میں نے اپنی دوست کو سیکس کرنے پر مجبور کیا اور وہ راضی ہو گئی پہلے ایک دو منٹ ہم نے گس کیا پھر جیسے ہی میں نے اندر ڈالا تو اندر ڈالتے وقت ہی فارغ ہو گیا پھر اس نے مجھے تھپڑ مار کر چلی گئی میں بہت پریشان ہوں اپ اگے کیا ہوگا گھر والے میری شادی کا سوچ رہے ہیں کیا میں اپنی بیوی کا حق ادا کر پاؤں گا پلیز میری مدد کریں
 See less"
338,"Mein aik healthy man hu erection level 10 bye 10 hai size Bhi thek hai almost 5.7 inch or  10 Sy 12 Saal Sy addicted hu lkn koi bemari nhi bas msla ya hai month mein aik bar HOTA kabhi essa nhi howa ky pehly Kiya hu minimum 30 maximum 45 din lkn ess ko chorna Chahta hu chor nhi pa rha Dil Bhi nhi krta phir Bhi hu jata ,,na music lissner hu, na film dekhta na p*rn dekhta Kuch Bhi nhi dekhta phir Bhi kr bathta hu..
Mein msla ya hai ky rat ko HOTA hu erection hu jaty hardness ki wja shalwar ky opr nzr ata phir kapra dalna parhta 2,3 hours tak essa rahta suba othty phir essa HOTA boaht tang hu mein shrm aty essy koi dekh na ly..
Sath chest heavy rakhty kha makha Dil krta Dewar mein moky maro ya kessy laro See less"
339,مجھے erection کی کمزوری ہے۔ نفس میں پوری سختی نہیں آتی یا جلدی ڈھیلا ہو جاتا ہے۔ تقریباً 10 سال سے مشت زنی کی عادت رہی ہے۔ اب شادی/ازدواجی زندگی کے بارے میں پریشانی ہے۔ اب اسکا حل کیا جائے کوئی میڈیسین یا کوئی علاج جس سے بہتری آ جائے جزاک اللّٰہ
340,میرا چیلینج کو آج 53 دین اورہا ہے اللّٰہ پاک کی لاکھ شکر ہے مگر اج میں اپنی بیوی کو ویڈیو کال پے ننگا دیکھا گیا میرا چیلینج ٹوٹ گیا میں بہت پریشان ہوں پلز سیریس عذرات رہنمائی فرمائے
341,"honestly 
batwo ap sab ma Kisi ka timing zyada. howa ache diet sa ya challenge say be honestly"
342,Assalamu alaikum mera nofap challenge 200 say zayada dino k ho chuka hy meri age 23 sal hy or meiny last 8 saal say hath k  ghlt kam kia hy.mera urine drops k issue thk nhi ho rha jb bhi urine krta hon to drops aty hn any solution
343,Mere challenge ko 36 days ho gaye hain urges naa hone k barabar hain aisi lg raa libido or testosterone bht low ho gaye hain
344,"Alhamdulilah Alhamdulilah Alhamdulilah Alhamdulilah 
 زندگی می پہلی مرتبہ اتنے دن کا چلنیج کیا ہے کچھ بھی زندگی می ناممکن نہی ہے بس آپ کو اپنے آپ پر یقین ہونا چاہیے کہ میں یہ کر سکتا ہوں اور الله پاک سے یہ امید رکھے کہ الله مجھے ضرور اس گلط کام سے نکلنے میں مدد کرے گا 
 امید صرف اللہ پاک پر رکھنی چاہیے پہلے مجھے بھی لگتا تھا کہ یہ ناممکن ہے لیکن میں گلط تھا پھر الله پاک نے میری مدد کی اور آج اتنے دن ہو گئے ہیں گلط کام کیے الحمد اللہ میں بہت خوش ہوں اور اپنی سوچ کو ہمیشا مثبت رکھا کریں اللہ پاک ہمیں معاف کریں اور سمجھنے کی توفیق عطا فرمائے آمین جزاک اللّہ خیرا
Numan Saeed
 See less"
345,"ٹوٹ گیا ۔
پچھلے دو دن سے شہوت بہت زیادہ تھی ۔ 
آج قابو نہیں رہا۔"
346,"مشت زنی کی وجہ سے انسانی جسم کن پیچیدگیوں کا شکار ہوجاتا ہیں۔
دور جدید کی سب سے خوفناک عادت جس میں کم و بیش سبھی نوجوان ملوث ہیں. شاید ہی کوئی اس سے بچا ہو. 
ھاتھ سے یا مختلف غیر فطری طریقوں سے سر چشمہ حیات یعنی کہ مادہ منویہ کو خارج کرنے کا نام. ""جلق"" ہے. اور اس فعل بد کو سر انجام دینے والے کو"" مجلوق"" کہا جاتا ہے. 
ھاتھ سے مادہ منویہ گرانے والے کو ملعون قرار دیا گیا ہے. اور لعنتِ خداوندی کا مستوجب ہے.
آئیے اس فعل بد کی حولناکیوں پر نظر دوڑاتے ہیں.
ھاتھ کی غیر فطری رگڑ کی وجہ سے عضو تناسل کے پٹھوں کی حساسیت بڑھ جاتی ہے. جس سے عضو تناسل میں بار بار تناؤ آتا رہتا ہے. نتیجتاً مریض بار بار اس فعلِ بد کا مرتکب ہوتا ہے. بار بار اخراج سے مادہ منویہ صحیح طور پر میچور نہیں ہو پاتا. مادہ منویہ کے خام رہنے اور کثرت سے بار بار زائل ہونے کا اثر تمام اعضاء و قوتوں پر ہوتا ہے. جس سے تمام اعضاء و قوتیں کمزور ہو جاتی ہیں.
ھاتھ کی غیر فطری رگڑ سے عضو تناسل کو خون پہنچانے والی شریانیں متاثر ہوتی ہیں جس سے عضو تناسل کا دوران خون متاثر ہوتا ہے. جس کا نتیجہ نامکمل انتشار و عین موقع پر انتشار ٹوٹ جانے کی صورت میں ظاہر ہوتا ہے. عضو تناسل کی رگیں پھولی ہوئی اور جڑ سے پتلا، ایک طرف کو مُڑا ہوا یعنی کہ ٹیڑھا پن پایا جاتا ہے.
مادہ منویہ کے بار بار اخراج سے خزانہ منی کی قوت امساکیہ کمزور پڑ جاتی ہے. یعنی کہ خزانہ منی، مادہ منویہ کو اپنے اندر نہیں ٹھہرا پاتا. پاخانہ کے وقت زور لگانے یا وزنی کام کرنے پر بھی مادہ منویہ کا اخراج ہو جاتا ہے. پیشاب کرنے سے پہلے یا یا بعد میں لیس دار قطرے خارج ہوتے ہیں. جوں جوں مرض پرانا ہوتا جاتا لییس ختم ہوتی جاتی ہے اور مریض سمجھتا ہے کہ وہ ٹھیک ہو گیا ہے. آہستہ آہستہ نوبت یہاں تک پہنچ جاتی ہے کہ ذرا سی شہوت، رگڑ، جماع کے خیال، صنف نازک کے خیال سے ہی قطرے نکل جاتے ہیں. بعض حالات میں حساسیت اتنی بڑھ جاتی ہے کہ اپنی بیوی سے بات  چیت کرنے یا پاس بیٹھنے سے ہی مادہ منویہ کا اخراج ہو جاتا ہے. 
مادہ منویہ کے بے جا اخراج کا سب سے زیادہ اثر حرارت غریزی پر ہوتا ہے. اس بے جا اصراف کے نتیجہ میں جتنی حرات غریزی ضائع ہوتی ہے اتنی مقدار میں پیدا نہیں یوتی جس کا نتیجہ اعضاء کے ضعف کی صورت میں پیدا ہوتا ہے. خفقان قلب ، بے رغبتی جیسی صورتحال پیدا ہو جاتی ہے. 
اب ہم. مختلف اعضاء پر مرتب ہونے والے بد اثرات کو دیکھتے ہیں. 
( جگر )
چونکہ مشت زنی سے حرارت کا بہت زیادہ ضیاع ہوتا ہے. اس ضیاع کو پورا کرنے واسطے جگر کو زیادہ کام کرنا پڑتا ہے. چونکہ ایک طرف سے حرارت کا ضیاع ہو رھا ہوتا ہے اس وجہ سے جگر کا زیادہ کام کرنا بھی بے سود رہتا ہے. زیادہ کام کر کر کے جگر کمزور ہو جاتا ہے. ھاضمہ خراب ، کھانا منہ کو آنا، سینے میں جلن، گیس، قبض، جسم می دردیں، بھوک نہ لگنا وغیرہ اس فعل بد کی عام پیچیدگیاں ہیں.
(دماغ)
جلق سے دماغ کو بہت زیادہ نقصان پہنچتا ہے. چونکہ جلق میں تصورات اور تخیلات کا بہت عمل دخل ہوتا ہے جس سے دماغ کے خلیات بہت زیادہ حساس ہو جاتے ہیں. ان میں ضعف پیدا ہو جاتا ہے. ضعف بعض اوقات اس حد تک ہو جاتا ہے کہ مخالف جنس کی موجودگی میں بھی انتشار نہیں ہو پاتا. سر درد اور چکر آنا عام بات ہو جاتی ہے. بیٹھے بیٹھے ایسا محسوس ہوتا ہے جیسے جسم پھڑک رھا ہے یا زلزلہ آ گیا ہے. بیٹھے ہوئے اگر اچانک اُٹھنا پڑ جائے تو آنکھوں آگے اندھیرا آ جاتا ہے. جنسی عمل میں لذت کم. ہو جاتی ہے. بعض صورتوں میں دماغ اتنا کمزور ہو جاتا ہے کہ ذرا سا بھی ڈر خوف والی بات ہو یا جوش والی کوئی صورتحال پیدا ہو جائے تو خود بخود انزال ہو جاتا ہے. اس  صورت حال میں علاج معالجہ بہت پیچیدہ ہوتا ہے
( خصیتین )
خصیتین کا کام سپرم سیل بنانا ہوتا ہے. خصیتین میں موجود خاص قسم کے خلیات ٹیسٹوسٹیران نامی ھارمون بناتے ہیں جو کہ نہ صرف سپرم سیلز بنانے میں اہم کردار ادا کرتا ہے بلکہ ثانوی جنسی خوبیوں جیسا کہ مسلز سائز، ہڈیوں کا حجم اور بالوں کی افزائش میں اہم کردار ادا کرتا ہے. 
مردانہ نظام تولید میں خصیتین کے ساتھ دوسرے غدودوں کا کام مادہ منویہ پیدا کرنا ہوتا ہے. مشت زنی کے دوران چونکہ مادہ منویہ کو مسلسل ضائع کیا جاتا ہے جس سے خصیتین اور اس کے ساتھ موجود دوسرے غدود اس کمی  کو پورا کرنے واسطے زیادہ کام کرنا پڑتا ہے جس سے ان  میں ضعف پیدا ہو جاتا ہے. ان کی قوتیں کمزور پڑ جاتی ہیں. جس وجہ سے خام مادہ منویہ پیدا ہوتا ہے. جس میں بچہ پیدا کرنے کی صلاحیت کمزور پائی جاتی ہے. خصیتین میں درد رہنے لگ جاتا ہے. 
مریض کی خود اعتمادی ختم ہو جاتی ہے. دنیا کا سامنا کرنے سے گبھراتا ہے. دوسروں سے آنکھ ملا کر بات نہیں کر پاتا، یاد داشت کمزور، دل کمزور، ہر وقت گبھراہٹ کا شکار، طبیعت میں سستی اور کاہلی پیدا ہو جاتی ہے، کام میں دل نہیں لگتا، رنگت زرد، آنکھوں کے نیچے سیاہ ہلکے پڑ جاتے ہیں، نظر کمزور، طبیعت میں چڑچڑا پن غالب رہنے لگ جاتا ہے. جنسی کمزوری کا شکار، ایسے مریض جنون، مالیخولیا، رعشہ، شوگر   ٹی بی جیسی بیماریوں کا با آسانی شکار ہو جاتے ہیں.۔۔ 
از خود سلیم) See less"
347,Assalam u Alekum. Meri age 36 he. Me bohat pareshan hun. Shadi ka dusra mahina he. Nafs khara ho jata he. Lekin andar dalte time bilkul naram. Bohat zyada pareshan hun. Kya karun?
348,"مشت زنی کی وجہ سے انسانی جسم کن پیچیدگیوں کا شکار ہوجاتا ہیں۔
دور جدید کی سب سے خوفناک عادت جس میں کم و بیش سبھی نوجوان ملوث ہیں. شاید ہی کوئی اس سے بچا ہو. 
ھاتھ سے یا مختلف غیر فطری طریقوں سے سر چشمہ حیات یعنی کہ مادہ منویہ کو خارج کرنے کا نام. ""جلق"" ہے. اور اس فعل بد کو سر انجام دینے والے کو"" مجلوق"" کہا جاتا ہے. 
ھاتھ سے مادہ منویہ گرانے والے کو ملعون قرار دیا گیا ہے. اور لعنتِ خداوندی کا مستوجب ہے.
آئیے اس فعل بد کی حولناکیوں پر نظر دوڑاتے ہیں.
ھاتھ کی غیر فطری رگڑ کی وجہ سے عضو تناسل کے پٹھوں کی حساسیت بڑھ جاتی ہے. جس سے عضو تناسل میں بار بار تناؤ آتا رہتا ہے. نتیجتاً مریض بار بار اس فعلِ بد کا مرتکب ہوتا ہے. بار بار اخراج سے مادہ منویہ صحیح طور پر میچور نہیں ہو پاتا. مادہ منویہ کے خام رہنے اور کثرت سے بار بار زائل ہونے کا اثر تمام اعضاء و قوتوں پر ہوتا ہے. جس سے تمام اعضاء و قوتیں کمزور ہو جاتی ہیں.
ھاتھ کی غیر فطری رگڑ سے عضو تناسل کو خون پہنچانے والی شریانیں متاثر ہوتی ہیں جس سے عضو تناسل کا دوران خون متاثر ہوتا ہے. جس کا نتیجہ نامکمل انتشار و عین موقع پر انتشار ٹوٹ جانے کی صورت میں ظاہر ہوتا ہے. عضو تناسل کی رگیں پھولی ہوئی اور جڑ سے پتلا، ایک طرف کو مُڑا ہوا یعنی کہ ٹیڑھا پن پایا جاتا ہے.
مادہ منویہ کے بار بار اخراج سے خزانہ منی کی قوت امساکیہ کمزور پڑ جاتی ہے. یعنی کہ خزانہ منی، مادہ منویہ کو اپنے اندر نہیں ٹھہرا پاتا. پاخانہ کے وقت زور لگانے یا وزنی کام کرنے پر بھی مادہ منویہ کا اخراج ہو جاتا ہے. پیشاب کرنے سے پہلے یا یا بعد میں لیس دار قطرے خارج ہوتے ہیں. جوں جوں مرض پرانا ہوتا جاتا لییس ختم ہوتی جاتی ہے اور مریض سمجھتا ہے کہ وہ ٹھیک ہو گیا ہے. آہستہ آہستہ نوبت یہاں تک پہنچ جاتی ہے کہ ذرا سی شہوت، رگڑ، جماع کے خیال، صنف نازک کے خیال سے ہی قطرے نکل جاتے ہیں. بعض حالات میں حساسیت اتنی بڑھ جاتی ہے کہ اپنی بیوی سے بات  چیت کرنے یا پاس بیٹھنے سے ہی مادہ منویہ کا اخراج ہو جاتا ہے. 
مادہ منویہ کے بے جا اخراج کا سب سے زیادہ اثر حرارت غریزی پر ہوتا ہے. اس بے جا اصراف کے نتیجہ میں جتنی حرات غریزی ضائع ہوتی ہے اتنی مقدار میں پیدا نہیں یوتی جس کا نتیجہ اعضاء کے ضعف کی صورت میں پیدا ہوتا ہے. خفقان قلب ، بے رغبتی جیسی صورتحال پیدا ہو جاتی ہے. See less"
349,"mjy ni pta k ye normal h ya ni, ma bht arsy sy hand practice kr ra hn, shadi sy phly bht zyda krta tha ik din mein 2,3 dfa b phr km kr di, shadi k bd b jb job py hota out of city tb b kr leta,  mjy ehtlam na hony k brabr hota, kbi kbar ja k, bki Abi tqrebn agr job py hn to agr hafta hand practice na kron to mera jeena Mushkil gu jata, rat ko system bht tang krta but ehtlam na hony k brabr hota to kya ye normal h, or jb bv k pas jata hn to ma tqrebn 15,20 minutes asaaani sy lga leta, but es k bd foran sy dobara tyar ni hota, us k liye km z km 3,4 gnty bd tyar hota, agr jldi tyar kr b lu to phr discharge krny me msla ata, discharge ni hota or dheela hu jata, to pochna kya ye sb normal h, main exercise b bht zda krta, gym running wghera See less"
350,"Hadith of the day 
#hadithoftheday 
#LikeFollowShare #PostViral See less"
351,"*
 نو فَیپ چیلنج — خود کو جیتنے کا سفر 
*
بھائی!  
ہر وہ لمحہ جب تم نے اپنے نفس پر قابو پایا، سمجھو تم نے اپنے مستقبل کی ایک اینٹ رکھ دی۔
*نو فَیپ کے چند انمول فائدے:*
- ذہن صاف، سوچ مثبت اور ارادے مضبوط ہوتے ہیں  
- جسم میں نئی توانائی اور چہرے پر نور آتا ہے  
- خود اعتمادی بڑھتی ہے اور لوگوں میں عزت بڑھتی ہے  
- اللہ کی رضا اور دل کا سکون نصیب ہوتا ہے  
یاد رکھو:  
*""کمزور وہ نہیں جو گر جائے، کمزور وہ ہے جو گر کر اٹھنے کی کوشش ہی چھوڑ دے۔""*
آج صرف آج کے لیے لڑو۔ کل کا بوجھ کل پر چھوڑ دو۔  
ہم سب اس سفر میں تمہارے ساتھ ہیں۔ ہار ماننا نہیں ہے! 
*#خود_کو_بدلو #نو_فَیپ* See less"
352,"Admin please approve
میرا عمر 20 سال سے اور وزن نہ ہونے کے برابر اور شادی شدہ نہیں ہوں اور مشت زنی بھی نہیں کرتا اور بہت زیاده پتلا ہوں اور  چہرے پر بھی دانے اور جوریاں اور کئی بار علاج بھی کرچکا ہوں کوئی طریقہ بتا دیں وزن کیلئے"
353,"اسلام وعلیکم ایڈمن نعمان بھائی اور دوسرے معزز گروپ ممبر 
۔۔۔۔۔۔۔۔۔۔
میں  کم وپیش8 سال تقریبآ مشت زنی کی ہے 
 اس گروپ سے پہلے وقفے سے چیلنج شروع کر تا لیکن ٹوٹ جاتا تھا ۔۔۔۔
اس سال ۔ماہ رمضان المبارک میں اللہ سے توبہ کی   ۔۔۔۔لیکن ماہ  رمضان کے بعد 22 اپریل کو پورن وڈیوز دیکھی جس سے میں فارغ ہوا ۔۔۔اس کے بعد  ندامت محسوس ہوئی تو میں نے  دوبارہ دیکھنا چھوڑ دی  ۔۔۔۔اب چیلنج میں ہو ایک ماہ ہو گیا ہے ۔۔۔
۔۔۔۔۔۔۔
1۔ مجھے گیس ہوتا ہے جس سے نماز میں دشواری ہوتی ہے  اس کا علاج بھی بت دے ۔۔۔۔
۔۔۔۔۔۔۔۔۔۔۔۔۔۔۔۔۔۔۔۔۔۔۔۔۔۔۔۔۔۔۔۔۔۔۔۔۔۔۔۔۔
      تجربہ کار ساتھی جنہوں نے مشت زنی کی ہوں اتنا عرصہ ۔ان پر جو  نقصانات ہوئے ہوں ۔۔اور بھر چیلنج سے جو ٹھیک ہوا ہو۔ وہ سب اپنا تجربہ مجھے بتائے ۔۔خوراک بھی بتائے  ورزش بھی بتائے مطلب معمول زندگی سب بتائے ۔۔۔۔....حسان مند رہوں گا بھائیوں کا ۔۔۔
Admin Approved this post Thanks thanks again thanks See less"
354,"ASSLAMWALIKOM SIR MA AIK STUDENT HO ABHI EXAM KHATAM HUAWA HA AJ LAST PAPER THA MA BOHOT TANG AGYA HO ZINDAGI SA 2 DAPA KHOSAH KE THE ROZ E GANDA KAM KARTHA HO 3 BHAI HA SUB ALAH HOCHOKE HA MA GHAR PAR AKELA HOTA HO ABHI CHOTI SE AGE HA MERE 16 HOGE ABHI ISLYA BATA RAHA HO KE AP LOG MUJHA THODA GUIDE KAREIN AMMI BE IS DUNYA MA NAHI HAI ABOO BE NAHI HA ABBO KE PAS PAISA SUB KUCH THA BADE BHAYOU KO SUB DADEYA SARE BUSSNES BADE BHAYOUU KE HA ROZZ ROTA HO SAR MA BHI DARD REHTA HA ROZ SHAM SUBAH
rota ho aur sara din sochtha rahta ho neend ma bhi suchta ho neen sakon nahi deta kuch mahine pehle.kuch nashe ke dawai be khaye the lekin ab is sa azad hochoka ho plz mere liya kuch karein plzzzzz 
ADMMIN PLZZ APROVED MY POST 
 See less"
355,"اگر آپ جسمانی طاقت اور stamina بہتر کرنا چاہتے ہیں تو یہ چیزیں کافی مدد کرتی ہیں:
روزانہ واک یا ہلکی exercise
شروع میں 20–30 منٹ brisk walk
پھر آہستہ آہستہ jogging، cycling یا skipping
ہفتے میں 4–5 دن consistency ضروری ہے
نیند پوری کریں
روز 7–8 گھنٹے نیند
کم نیند سے جسم جلد تھک جاتا ہے
پانی زیادہ پئیں
Dehydration سے کمزوری اور تھکن ہوتی ہے
خاص طور پر گرمی میں پانی، ORS یا لیموں پانی مفید ہے
اچھی diet
یہ چیزیں stamina کے لیے اچھی مانی جاتی ہیں:
انڈے
کیلا
دلیہ
دودھ اور دہی
کھجور
بادام اور اخروٹ
چنے
چکن، مچھلی
کچھ غذائیں جن میں قدرتی توانائی اچھی ہوتی ہے:
Banana، Egg، Dates، Almond See less"
356,Bhai mara tora serious problem hai mujy guide Kiya jay. July Kay end ma mari shadhi hai. Lakin Mary penis ka size bohot zayada chota hai. Active hona Kay bad 2 inches bi nahi hota. Ma bohot zayada pershan hon.
357,"*بنی اسرائیل کا عابد اور شیطان کا وار*
بنی اسرائیل میں ایک بڑا عبادت گزار شخص تھا۔ وہ دن رات اللہ کی عبادت میں لگا رہتا۔  
شیطان نے سوچا کہ اسے گمراہ کرنا ہے۔ پہلے اس نے کوشش کی کہ اسے نماز سے روکے، لیکن ناکام رہا۔
پھر شیطان نے ایک حیلہ کیا۔ اس نے اس عابد کے دل میں ایک عورت کی محبت ڈال دی۔  
وہ عورت بیمار تھی، شیطان نے لوگوں کے دلوں میں ڈال دیا کہ اس عابد کے دم سے شفا ملتی ہے۔
لوگ اس عورت کو اس عابد کے پاس لے آئے۔ شیطان نے آہستہ آہستہ اسے تنہائی میں لے جانے کا موقع دیا۔  
پہلے بات چیت، پھر میل جول، اور آخرکار وہ عابد اس گناہ میں مبتلا ہو گیا جس سے وہ ساری عمر بچتا رہا تھا۔
جب اسے ہوش آیا تو بہت پچھتایا۔ شیطان نے کہا: ""اب تو گناہ کر ہی لیا، اب سجدہ کر کے مجھے مان لے تو میں لوگوں سے چھپا لوں گا۔""  
اس بیچارے نے کمزوری میں آ کر سجدہ بھی کر لیا۔ اور اسی حالت میں مر گیا۔
اللہ تعالیٰ نے قرآن میں فرمایا:  
*""شیطان کی مثال اس شخص کی سی ہے جس نے انسان سے کہا کفر کر، پھر جب اس نے کفر کیا تو کہا میں تجھ سے بیزار ہوں""* [سورہ الحشر: 16
*سبق:*  
بھائی، گناہ کبھی ایک دم نہیں آتا۔ شیطان چھوٹے چھوٹے قدموں سے لے جاتا ہے۔  
اس لیے نظر کی حفاظت کرو، تنہائی سے بچو، اور جیسے ہی برا خیال آئے فوراً اللہ کی پناہ مانگو۔
ایک لمحے کا صبر، زندگی بھر کی عزت بچا لیتا ہے۔ 
 See less"
358,اسلام علیکم عمید ھے سب ٹھیک ٹھاک ھوگے نعمان بھائی ڈپریشن اور انزائٹی کا کیا مطلب ھے میں تو کبھی کبھار کچھ نا کچھ سوچتا رھتا ھو کے ایسا ھوگا ویسا ھوگا کیا ہے ڈپریشن ھے یا انزائٹی ھے
359,"Salam alaikum 
mara timing kam ha to ya kasay baray ga Matlab kasa acha diet Karna paray ga kon se cheez Kane hoge"
360,"Allhamdullah AJ 25 day's complete ho gy 
Masla ya ha Mari age 19.ha 
Ap andza lga kitny sal Galt lat ma rha hon 
Ab masla ya ha ka 25 din ho gy but pir bi jism din b din kamzor ho rha hon
Or hr week ma 1 bar itlam zoror hota ha jab itlam hota ha tu Dil udas ho jta ha 
Plz help me See less"
361,اسلام وعلیکم دوستوں آج میرے 150 دن مکمل ہو گئے ہیں الحمدللہ
362,"بہت دنوں بعد چلینج دس دن چلا  ہے صرف اس لیے کہ میں بہت مصروف تہا اپنی یونیورسٹی کی exam کے وجہ سے، پر آج رات احتلام ہوا ہے 
 اب میں بھی پوری طرح سے سمجھ چکا ہو مجھے کونسے  چیز اس کام کے لیے اکساتی ہے"
363,Releapes my challenge poren ki waja sa AP ma bahut perashan ho shadi bi nazdik Ha pir bi muje sa chalange tute giya
364,Numan Saeed سلام بھائی جی یہی ایشو میرے ساتھ ہے شادی کے بعد بھی ایشو ہے شادی ابھی شادی کو مہینہ نہیں ہوا مجھے لیکن جب ہمبستری کیلیے ارادہ کرتا ہوں تو بلکل تناؤ ختم ہو جاتا ہے جبکہ پہلے فورپلے تک تناؤ ہوتا ہے جیسے ہی ہمبستری کو ارادہ بنا یا اس نیت سے پاس گئے تو تناؤ بلکل ختم ہو جاتا ہے بری شرمندگی ہوتی ہے اور دوسرا ایشو ٹائمنگ نہیں ہے اور ساتھ ایک بار ڈسچارج کے بعد پھر کافی ٹائم کے بعد تک تناؤ نہیں ہوتا یہ سب کیا ہے کیوں ایشو ہے بہت ذہنی طور پے پریشان ہوں۔ جبکہ کافی ٹائم سے چیلنج بھی چل رہا ہے ساتھ ساتھ کوئی 200 دن تک بھی گیا پھر ساتھ میں مینہ 20 دن 40 دن 15  ایسے چھوٹے چھوٹے پارٹ میں بھی شامل ہے ابھی بھی کوئی 27 دن پے کھڑا ہوں کوئی بھائی بتائیں کیا مسئلہ ہے یہ سب کیا کروں کوئی رہنمائی فرمائیں See less
365,میری ایک گرل فرینڈ بھی ھے ارو میں اس سے بات کرتا الحمداللہ آج تک کوی غلط کام نی کیا میں نکاح کی نیت سے ھو اس کے ساتھ سوال یہ ھے کے اس سے بات کرنے سے چلیچ میں کوی رکاوٹ تو نی اے گی۔ کیوں میں اس سے ایک دو گھنٹہ روز بات کرتا ھو۔
366,"جو بھائی نوفیپ گروپ میں رہنمائی کے لیے رابطہ کرتے ہیں ان سے ایک گزارش ہے کہ نوفیپ گروپس کے ایڈمن میں کوئی بندہ ڈاکٹر نہیں ہے۔ اس لیے نو فیپ گروپ میں کسی بھی بیماری کی دوا کے حوالے سے سوال نہ پوچھا کریں۔ ویسے بھی نوفیپ چیلنج میں دوائی کا کوئی کام نہیں ہے۔ نوفیپ چیلنج کا مقصد یہ ہے کہ جو لوگ اپنے آپ سے لڑ لڑ کر مایوس ہو چکے ہیں اور انہیں لگتا ہے کہ وہ کبھی بھی اس بری لت سے نکل نہیں سکتے ، انہیں بتایا جا سکے کہ وہ نکل سکتے ہیں۔ انہیں ایسے لوگوں کے بارے میں بتایا جائے جو نکل چکے ہیں تاکہ مزید لوگ موٹیویٹ ہوں اور اس گندی لت سے نکلیں۔ یہ کام دوائی سے نہیں ہو سکتا۔ اس کے لیے آپ کو پختہ ارادہ چاہیے بس۔ اس کے علاوہ، ایک مسئلہ یہ بھی نظر آرہا ہے کہ جو بھائی چیلنج شروع کرتے ہیں انہیں کوئی بھی جسمانی مسئلہ ہو تو وہ اس کی وجہ چیلنج کو سمجھنا شروع کردیتے ہیں۔ یہ ضروری نہیں ہے۔  جسم میں ہزار طرح کے  نظام ہیں اور ہر ایک کاتعلق فحش فلموں یا مشت زنی سے نہیں ہوتا۔
میں پیشے کے لحاظ سے ایک  انجینئر ہوں اور اگر آپ مجھ سے کسی مرض کی دوائی کے بارے میں پوچھتے ہیں تو میں آپ کو بتا دوں کہ میں میڈیسن کی الف بے بھی نہیں جانتا۔ میں کیسے صرف کسی مسئلے کی علامات سن کر کوئی دوائی بتا سکتا ہوں۔ یہ تو خیانت ہوگی اور آپ نقصان بھی اٹھا سکتے ہیں۔ اسی طرح باقی ایڈمنز ہیں جو اپنی اپنی فیلڈ سے ٹائم نکال کر آپ کی رہنمائی کرنے کی کوشش کرتے ہیں لیکن وہ ڈاکٹر نہیں ہیں۔  جو لوگ واقعی مستند ڈاکٹر ہیں وہ بھی صرف علامات سن کر دوائی نہیں بتاتے۔ مرض کی باقاعدہ تشخیص کرتے ہیں۔چیک اپ ہوتا ہے، کئی کیسز میں    ٹیسٹ بھی کروائے جاتے ہیں تاکہ پتہ چل سکے کہ جسم میں کس چیز کی کمی ہے۔ اس کے مطابق علاج تجویز کیا جاتا ہے۔ صرف اندازے سے مردانہ طاقت کی دوائیاں کھانا ، بعد میں ناصرف آپ کی صحت کے لیے نقصان دہ ہو سکتا ہے بلکہ آپ ان دوائیوں کے ہمیشہ کے لیے محتاج بھی ہوجائیں گے۔ اس لیے حکیم حضرات کی پوسٹ ڈیلیٹ کر دی جاتی ہے جس میں وہ کسی دوائی کی مارکیٹنگ کررہے ہوں۔ 
یاد رکھیے !  نوفیپ گروپ کے ایڈمنز آپ کو صرف چیلنج کے حوالے سے رہنمائی دے سکتے ہیں اور اس میں بھی کوئی سنی سنائی بات اندازے سے نہیں بتائی جاتی بلکہ نوفیپ ریکوری گائیڈ سے حاصل شدہ معلومات آپ کو پوری احتیاط اور دیانت داری سے دی جاتی ہیں اور یہ گائیڈ مستند سائینسی اور میڈیکل معلومات پہ مشتمل ہے۔
 اس لیے براہ مہربانی میرے بھائیو ! یہ بات اچھی طرح ذہن نشین کر لیجیے کہ ان گروپس کا مقصد صرف اس برائی کے خلاف جہاد ہے۔ یہ گروپس صرف نوجوانوں کی کونسلنگ اور موٹیویشن کے لیے ہیں۔ 
اللہ آپ سب کو خوش و خرم اور صحتمند رکھے۔ آمین See less"
367,Bhai mjy ek bat janni hai jsy hum kegel exercise krty hain tou humra control ban jata hai mani k akhraj mey k osko rok lo ya discharge hojao. Isi trhan ager raat ko soty hwy apko ehtlam hony lagy ar apki ankh khul jaye ar ap osko control kr k so jao. Ar ehtlam na ho tou ismey koi nuqsan ki bat tou ni hai??? @Please sab rehnmai farmiaen
368,"اسلام علیکم 
میں نے کل اس گناہ سے پکی توبہ کی ھے ارو پوری زندگی نہ کرنے کا اردہ کیا ھے میرا سوال یہ ھے کہ اس عادت کو چھوڑنے کے کتنے دن بعد کنفڈنس واپس اجاتا ھے کیونکہ میں اب اپنی زندگی میں کچھ کرنا چھاتا ھو کامیاب ھونا چاھتا ھو ارو میرے میں کسی کا سامنا کرنے کی ھمت نی ھے ارو منہ پر دانے بھی نکلتے ھیں جس کی وجہ سے ارو کنفڈنس لو ھو جاتا ھے پلیز رھنمائی فرماے میں اب جلد کچھ کرنا چھاتا ھو ارو ایک بات میں نمازیں بھی پانچ پرٹا ھو قرآن بھی پر یہ عادت پھر بھی نی چھوڑتی اس کو چھوڑنا چھتا ھو میں See less"
369,"آسلام علیکم تمام دوستوں کو
ایڈمن بھائ سے اور تمام بھائیوں سے (جو ہمیں مشورہ دیتے ہیں  اللہ تعالیٰ آپ کو اپنے حفظ و امان میں رکھے۔) میرا سوال ہے کہ ہم نو فیپ چیلنج کر رہے ہیں اس سے پرابلم یہ آرہی ہے کی ہمارے اندر وہ سختی اور شہوت باقی نہیں رہتی جو پہل ہوا کرتی تھی اور یہ مسلہ میں کافی لوگوں کی پوسٹ پڑھ کر کر رہا ہوں۔ میں اکیلا نہی ہوں مطلب ۔ اگر سوچا جائے تو کیا یہ ٹھیک ہے کہ ہمیں لڑکی کو دیکھ کر شہوت ہی نا آۓ پھر تو یہ  اتنا کنٹرول ہوا ہے کیا یہ نقصان نہی ہے کہ جب مری شادی ہوگی اور میں نہیں چاہوں گا تو اپنی حلال بیوی سے بھی قرابت نہ کر سکوں مجھے تو ڈر لگتا ہے اگر شہوت نہ آیا تو میں کیا کروں گا کیونکہ کوئی فیلنگز ہی نہی اتی۔۔۔۔۔۔
رہنمائی کر دیں جزاک اللہ خیرا بھائی 
Numan Saeed
 See less"
370,"السلام علیکم بھائیو، امید ہے آپ سب خیریت سے ہوں گے۔
میں نے یہ ایپ چیلنج شروع کرنے کے 3 دن بعد انسٹال کی تھی، اور آج الحمدللہ میرے چیلنج کو پورے 2 مہینے ہو گئے ہیں، ماشاءاللہ۔
اور بھائیو یقین کریں، اتنا فرق آیا ہے کہ بس پوچھیں مت۔ پہلے مجھے سختی کا مسئلہ تھا، ہر وقت سستی محسوس ہوتی تھی، مارننگ ایریکشن بھی نہیں ہوتی تھی، اور چہرے کا رنگ بھی اُترا ہوا لگتا تھا۔ لیکن اب الحمدللہ ماشاءاللہ مارننگ ایریکشن بھی ٹھیک ہو گئی ہے، موڈ بھی اچھا رہتا ہے اور چہرہ بھی چمکتا ہے۔
میری اُن بھائیوں سے گزارش ہے جو چیلنج پورا نہیں کر پا رہے یا شروع ہی نہیں کر پا رہے، اس فضول کام کو چھوڑ دیں۔ یقین کریں آپ کی زندگی بدل جائے گی۔ اس گندی عادت میں کچھ نہیں رکھا، صرف ٹینشن ہے۔ آپ چیلنج شروع کریں، اِن شاء اللہ خود کو بہت ریلیکس محسوس کریں گے۔
جزاک اللہ See less"
371,"Let's welcome our new members:
Hamdan Khan
,
Muhammad Adnan Awan
,
Izhar Lakho
,
Asfandyar Ali
,
Pakeeza Noor,
x.shop
,
Shoaib Ur Rehman
,
Nazeeb Ullah
,
القرآن والحديث
,
Sadia Rani
,
Muhammad Khan
,
Jun Lee
,
Bismillah Shahid
,
ذہنی مریض لڑکا
,
Afnan M Suleman
,
Rehan Ladla,
Danish Memon
,
Khan Khan
,
Akela Zain,
Mohsin Ali
,
Adnan Dani
,
Aysha Khan
,
Abdalmaeen Saeed
,
Aryan Khan
,
Is Hak Didi Ishak,
Itx Sarkar
,
أبو امير الزيلعي
,
Muhammad Khan
,
محمد بلال الغزالي
,
Ashfaq Khan
,
Hamad Asif
,
Kikikiki Vdcvdcdcfv
,
Waqar Gujjar Waqar Gujjar
,
اللہ بخش رند
,
Walija Fawad
,
Mukhlis Baloch Dgk
,
Abbas Abbasi
,
Ahmed Fayyaz
,
Sania Fatima
,
Syed Zeeshan Haider
,
Hassan Ali
,
Muhammad Zohan,
Armani Musafar,
Ubaid Ul Rehman Ubaid
,
Malik Arsalan Zafar
,
Noor Fatima
,
Asaan Khan
,
Basit Ch
,
Sohail Khan
,
Nimra Nimra
,
رنگین تتلی,
Muhammad Islam
,
Nabeel Hassan
,
Muzamil Rehman
,
Muhammad Ashir
,
Asdi Shah
,
Atif Ikram
,
Jutt Sahab,
Mujahid Raza
,
Uzair Sandhu
,
Saad Ahmad
,
احمد احمد
,
Mahar G
,
Noor BáLøch
,
Scorpions Rajput
,
Ahad Jaan
,
Shabir Ahmad
,
Faizan Yaseen,
Shahbaz Balouch
,
M. Abdullah Jan
,
Zaheer Ullah
,
Ismail King
,
Aleeza Queen
,
Afnan Khan
,
Syed Abdal Gillani
,
OptiNet Subscriptions
,
Zakir Hussain
,
M Ahmad,
Nadia G Sindhi
,
Mast Malang
,
Zain Machinist
,
Malik Anas E
,
ViJay Lohana
,
Saleem Ahmed
,
Habib Khan
,
هیدایت الله هیدایت راحت
,
Muhammad Sajad Saleem
,
Farhan Kashmeri
,
Noman Subhan
,
SK Khan
,
Mohsin Arxhad
,
Naqeeb Khan
,
Yasi R
,
Zubar G,
خَلِي٘فَة٘ خَالِد٘
,
Zeeshan Akbar
,
Asim AK
,
Muhammad Khan
,
Israr Ktk
,
Muhammad Usama
 See less"
372,AOA agar may kisi larki say baat karta karta hn to baat kartay kartay white lace ATI hy agr chota beshap karo to ya shuro may ni to bad may ATI hy ar beshab Kay sath Mani ATI hy is ka koi elaj ya Hal bataye
373,Assalamualaikum me aik majlis me tha matlb ke marhoom ke ahsal sawab ke liye Kuch log aye zabadasti Gandi dekha di mujhy qafi ziada videos lekin na Mera nafs me sakhti na sehwat se dekha na lazt ke liye magr zabar dasti dekha di
374,"مردانہ ٹائمنگ
کو کسے بہتر کیا جائے 
کوئی دیسی طریقہ علاج یاں کچھ اور"
375,"Assalmo alakom, ap logo se request krny ha please koi guide krde mere shady nzdek ha Lkn mere penis full tanao nhi ata or dosra JB erect hojae to jldy erection b khtm hojaty ha."
376,اسلام علیکم میری عمر 25 سال ہے پچھلے 12 سال سے ماسٹربیشن پورن میں مبتلا ہون کافی لوگوں سے ھیلپ مانگی فر بی یہ عادت نھی جا رہی اب روز روز 2 3 بار پورن دیکھنے لگا ہون دن رات اور ماسٹربیشن کرنے میں ختم ہوگیا ہون بلکل سوچ سوچ کے پریشان ہوتا ہون کے کیا مرنے تک یہ عادت جان نھی چھوڑے گی۔کسی کے سامنے کڑا ہوکے بات نھی کر سکتا۔ہر چیز میں ناکام ہوتا جا رہا ہون
377,عضو تناسل میں بے پناہ سختی اور موٹائی اور دیرپا ٹائمنگ کے لئے کیا استعمال کریں اہل علم حضرات رہنمائی فرمائیں۔
378,"اسلام وعلیکم میں مشت زنی جیسی گھٹیا عادت میں مبتلا ہوں مجھے 13سال ہو گئے ہیں مشت زنی کرتے ہوے شادی بھی کی ہوئ ہے ہمبستری کرنے میں مزہ نہیں آتا لیکن مشت زنی کرنے میں مزہ آتا ہے بیوی سے بڑی مشکل سے ایک بار مل پاتا ہوں اور ہاتھ سے 4 4 بار فارغ ہو جاتا ہوں بیوی کو بھی سچ بتا بیھٹا ہوں الحمدللہ وہ ہے اچھی اس نے کچھ ایشو نہیں بنایا میں ابھی بیرون ملک ہوتا ہوں چیلینج 5دن سے اوپر کھبی نہیں گیا ہفتے میں دس سے 13 بار مشت زنی ہو جاتی ہے میں اپنی زندگی سے تنگ آ گیا ہوں چہرا بگڑا ہوا ہے وقت سے پہلے بوڑھا نظر آتا ہوں 
پلیز کوئ حل بتائیں کیا میں ریکور ہو سکتا ہوں See less"
379,"اسلام علیکم 
میں نے چیلنج شروع کیا ہوا ہے اور بہت اچھے سے چل رہا ہے 100 دن ہو گئے ہیں الحمدللہ ۔
میرا یہ مسلہ ہے میرے نفس کے آگے کیپ کے نیچے والی جگہ بہت سنسیٹو ہے۔  اسکا کوئی مناسب حل بتا دیں شکریہ"
380,ایک مہینے سے احتلام نہیں ہوا ہے کیا وجہ ہو سکتی ہے
381,"اسلام علیکم
مجھے 24 دن ہو گئے ہیں لیکن احتلام نہیں ہوا  پریشان ہوں کہ شاید میڈیکل مسئلہ تو نہیں"
382,"السلام علیکم امید ہے کہ سب ممبر خیریت سے ہوں گے آج میں آپ سے اپنی کہانی شیئر کرتا ہوں ایڈمن پلیز اس پوسٹ کو اپروو کرنا۔اچھا میں نے 10 سال مشت زنی کی ہے تقریبا جب میں آٹھویں کلاس میں تھا تب سے لے کر ابھی ایک سال ہو گئے ہیں میری 16 سال تعلیم پوری ہو گئی ہے دو سال پہلے میں نے اس گروپ کو جوائن کیا تب میں نے کوشش کی اپنے اپ کو بدلنے کی اس وقت میرا چیلنج ""165"" دنوں کا ہو گیا ہے اس سے پہلے میں 90 دن سے زائد کے تین چیلنج پورے کر چکا ہوں یعنی 130،132 اور 127 لیکن غلطی سے چیلنج ٹوٹ جاتے تھے لیکن اس دفعہ میں پوری طرح ثابت قدم ہوں آج میں آپ سے اپنے تجربات شیئر کرنا چاہتا ہوں کہ مشت زنی کی وجہ سے میری جسمانی حالت بہت کمزور ہوگی تھی اور گال بھی پچک گئے تھے تو لوگ مجھے کہتے تھے کہ تمہیں کیا ہو گیا ہے تو بہت شرمندگی محسوس ہوتی تھی کیونکہ لوگ کہتے تھے کہ تم مشت زنی  نہیں کرتے ہو لیکن میں چھپاتا تھا کانفیڈنس زیرو ہو گیا تھا لوگوں سے نظریں نہیں ملا پاتا تھا گھر میں ہی رہتا تھا باہر نکلنے کا دل ہی نہیں کرتا تھا ابھی میں نے اپنے اوپر کچھ کام کیا ہے اور کانفیڈنس تھوڑا بحال ہوا ہے لیکن ابھی بھی ہچکچاتا ہوں باہر نکلتے ہوئے ایک سال ہو گئے ہیں گریجویشن ہوئے صرف اس وجہ سے باہر نہیں جاتا کیونکہ لوگوں کا سامنا نہیں کر سکتا جب سے یہ میں نے چیلنج شروع کیا ہے مجھ میں کافی کانفیڈنس آیا ہے جبکہ میری جسمانی حالت بھی ٹھیک ہونے لگی ہے یعنی جسم بھرنے لگا ہے میں تقریبا تین سے چار سال سے گھر پر ہی ورزش کر رہا ہوں لیکن کافی عرصے سے مجھے کوئی فرق نظر نہیں آرہا تھا جب سے میں نے برے کاموں سے دور رہنا شروع کیا ہے الحمدللہ 165 دنوں کے چیلنج میں میں نے اپنے جسم میں کافی تبدیلیاں محسوس کی ہیں یعنی اب احتلام بھی کم ہوتا ہے پہلے بہت زیادہ ہوتا تھا میں اپ سے یہ بات پوچھنا چاہتا ہوں کہ پہلے میرا نفس رات کو کھڑا رہتا تھا اور جب صبح اٹھتا تھا تب بھی کھڑا ہوتا تھا مطلب اچھی خاصی سختی تھی جب بھی شہوت آتی تو سخت ہوتا تھا لیکن اب چیلنج کے بعد سختی ختم ہو گئی ہے اب نہ شہوت آتی ہے اور نہ ہی کھڑا ہوتا ہے پتہ نہیں کیا مسئلہ ہے تمام بھائی تھوڑا سا گائیڈ کریں اور میری رہنمائی بھی کریں اور میرے لیے کوئی مشورہ ہو تو وہ بھی بتائیں لکھنا تو میں بہت کچھ چاہتا تھا لیکن ابھی کام کی تھکاوٹ کی وجہ سے باقی تجربات کمنٹ میں شیئر کروں گا See less"
383,Meri umer 20 sal 6 sal mai nay masterbation ki mai nay Kafi dafa Challenge start kia but ni hiwa kabhi din may 2 dafa krta or kabhi 1 dafa masturbation krta ab Challenge start kia hai 7 din ho gye Alhamdulillah 1 dafa bhi Porn ni dekhaaa kahyal ata hai but Kudh pr control krtaa ho lakin jab say Challenge start kia hai Neend bhot ati haiii or Bhot Takhawar mehsoos krta ho asa kyu ?? Or Kya Challenge ko Chor dena Chaiye is waja say Kindly guide meee plzz mai bhot pareshan hoo
384,"Aslmwalkum everyone aje main kamyab hogya ho jab main is Gandi addat main mubtala tha Sath main corn be dekhta tha mujha kafe in chezo Sy bhut maza aata tha waqt badlta gaya halat kharab hote gaye challenge  bar bar tota ta gaya bhut Rona aata tha depression Shuru hogya tha halat aesy Marna jesy bhut kharabye Dekhi Maine Allah pak maaf karha bhut namaza phari bhut duaye mahngi lakin phir be ya Gandi laat nhin ja rhaye thi aik din Aesa Aaye Allah pak na mujha Rasta dekhya Kuch hamara pyare bhaii log mujha mile unsa rabata huwe Kuch Allah pak na madad ke Kuch ap logo ke mherbniyo Sy aaje main azaat ho chuka ho Allah pak ka lakh lakh shukar ha 
 See less"
385,"کسی دانشور نے ایک بڑی خوبصورت لائن لکھی ہے کہ "" نئی بنیادیں صرف وہی لوگ رکھ سکتے ہیں جو اِس راز سے واقف ہوں کہ پرانی بنیادیں کیوں بیٹھ گئی تھیں۔""
اس لیے ماضی کی غلطیوں اور تلخیوں کو یاد کر کے رونے دھونے سے اچھا ہے کہ ان سے سبق سیکھا جائے اور مستقبل میں وہ غلطیاں دوبارہ نا دوہرائی جائیں۔ 
جتنی دفعہ آپ ناکام ہوئے ،
جتنی بار آپ کا ریلیپس ہوا ، 
ہر بار ، ہر ٹھوکر میں ایک سبق ہے۔ 
ان غلطیوں کی ایک فہرست بنا لیجیے جن کی وجہ سے پہلے آپ پھسل گئے تھے۔ ان غلطیوں سے سختی سے پرہیز کیجیے۔ کامیابی یقیناً آپ کے قدم چومے گی۔
اللہ سبحانہ وتعالی ہم سب کو توبہ النصوح نصیب فرمائیں۔ آمین See less"
386,"Assalam O Alikum Kase Hain Ap Sab 
Mera masla ye Hai K Mera 8 Din Ka Challenge Hai Ab 3 Din 4 Martaba Mujhe Ihtelam Ho Chuka Hai Iska Koi Hal Batayain Roz Roz Ho Raha Rat Ko Bhi dopehar Ko Bhi jab Main Sota Hoon"
387,"*نظر نیچی، دل اوپر*
ہر گناہ کی شروعات نظر سے ہوتی ہے۔  
جب نظر بچ جائے تو دل بھی محفوظ رہتا ہے۔
*قرآنِ کریم:*
""قُل لِّلْمُؤْمِنِينَ يَغُضُّوا مِنْ أَبْصَارِهِمْ وَيَحْفَظُوا فُرُوجَهُمْ""  
*ترجمہ:*  
""مومن مردوں سے کہہ دو کہ وہ اپنی نگاہیں نیچی رکھیں اور اپنی شرمگاہوں کی حفاظت کریں۔""  
*[سورۃ النور، آیت 30]*
نوفیپ کا اصل راز یہی ہے: فون پر نہیں، نظر پر کنٹرول کرو۔  
آج صرف ایک دن کے لیے آزما کر دیکھو۔ بس آج کے لیے۔
اگر کسی بھائی کو ہمت چاہیے ہو تو یہ پوسٹ اس تک پہنچا دو۔  
شاید تمہاری ایک شیئر کسی کی زندگی بدل دے۔
*کمنٹ میں لکھو:* ""ان شاء اللہ آج نظر کی حفاظت کروں گا""
#نوفیپ #سبر #نظر_کی_حفاظت #اسلامی_یاددہانی See less"
388,"اسلام علیکم ۔۔۔۔دوستو میری عمر تیس برس ہے ۔۔
مشت زنی و دیگر غلط کاریوں نے زندگی برباد کر دی ہے ۔۔گھر والے شادی پر زور دے رہے ہیں پلیز مشورہ دیں ۔کیا کروں ۔نارمل انسان کی طرح صبح وقت ایرکشن نہی آتی ۔لیکن فحش خیال سے یا مووی دیکھنے سے مکمل سختی آتی ہے ۔لیکن اس میں بھی کچھ کرنے کو دل نہی کرتا ۔خواہش بہت ہی کم ہے ۔جسم کمزور معدہ بھی کمزور پیٹ کی توند نکلی ہوئ ہے ۔وزن 50کلو صرف ۔پلیز مشورہ دیں سب بھائ"
389,السلام علیکم دوستو میں بالغ ہونے سے پھلے مشت زنی میں مبتلا ھو گیا بیچ میں کیی بار چیلنج کیا اب  عمر ایکیس سال ھے ایک مھنے بعد میرا شادی ھے کیا ایک مھنے میں ریکوری ممکن ھے  اگر ممکن تو پلیز مجھے گایڈ کرے
390,میری عمر 25 سال ہے اور میری اگلے سال شادی ہے اور میں اس گندی عادت میں تقریبا نو سال سے ہوں پورنوگرافی اور مشت زنی میں۔ میں نے کافی بار نو فیپ چیلنج سٹارٹ کیا لیکن ہمیشہ ہمت ہار جاتا ہوں اور کبھی اپنے دوستوں کے ساتھ بھی چیلنج لگاتا ہوں لیکن میں ہمیشہ پہلے ہار جاتا ہوں اور اب میں اس عادت کو ختم کرنا چاہتا ہوں نفس بھی کافی ڈھیلا ہو چکا ہے اکثر اب دل نہیں ہوتا پھر بھی مشت زنی ہو جاتی ہے کیونکہ بے چینی سی ہوتی ہے۔اور میرا وزن بھی تقریبا 50 کلو ہے اور میں اپنا وزن بھی بڑھانا چاہتا ہوں شادی سے پہلے۔برائے مہربانی مجھے بتائیں کہ میں کون کون سی خوراک شروع کروں اور کون کون سی ایکسرسائز شروع کروں۔ پتلا اور کمزور ہونے کی وجہ سے بھی خاندان میں کافی لوگ طنز کرتے ہیں۔اور میں کس طرح اپنے مائنڈ کو ڈائیورٹ کر سکتا ہوں۔شکریہ See less
391,"اسلام علیکم دوستوں آپ سب کی طرح میں بھی  پ و ر ن اور م ش ت ز ن ی جیسی لت میں پڑا ہوات تھا مگر رمضان سے پہلے سچی توبہ کی رب کریم کا لاکھ الکھ شکر ہے ابھی تک واپس نہیں پلٹا شیطان اور نفس بڑا بہکتا مگر رب کریم نے بچایا ہوا 
شہزادے بھائیوں کیوں مایوس ہوتے سچی توبہ کرو رب کریم سے دوستی کرو رب سے کہو نا اے رب تو بچا گناہوں سے اور نیکیوں کی توفیق دے رب کریم تیری توفیق  کے بغیر میں کچھ بھی نہیں کر سکتا اے رب بچا لے گناہوں سے اور گناہوں کی طرف سے جانے والے سارے راستے بند کرو شہزادے بھائیوں یہ کام کرو بس رب کریم کرم کرے گا اپنی نیت خالص کرو۔ 
اور جتنا بھی کامتے ہو اسی میں جلد بروقت شادی کریں  غریب گھر کی لڑکی سے شادی کر لو گناہوں سے بچ جاو گے آخرت سنوار جاے گی والد سے نہیں کہ سکتے شرم کی وجہ سے بھائ سے کہو والدہ سے کہو جلد شادی کر دے 
نکاح میں بڑی برکت اور طاقت سکون ہے See less"
392,اسلام وعلیکم گروپ کے دوستوں کیا حال ہے مینے گروپ میں پہلے میسج کیا تھا کہ میرے دوست نے پندرہ سال مشت زنی کی تھی اس کے چیلنج کو چھے مہینے ہوگئے ہیں وہ اب بلکل ٹھیک ہے اور میرے ساتھ سعودی عرب ہوتا ہے اسے گائڈ مکمل مینے کیا تھا مینے تو اسی گروپ سے پوسٹیں دیکھ کر اسے چیلنج کامشورہ دیاتھا لیکن اس کی ریکوری اور اس کا حاظر ٹائم چہرہ صحت دیکھ کر معلوم ہوتا ہے خدا پاک کی ذات نے انسان کہ جسم کو وہ طاقت دی ہے جسم خد کودبارہ ایکٹو کرسکتاہے اس کی عمر تیس سال ہے لیکن اب وہ بلکل ٹھیک ہوچکا ہے اس انسان نے جتنا ہمت اور صبر سے کام لیا آج کل نواجوان نہی ہمت صبر کرپاتے وہ اپنے دماغ کے ساتھ بہت لڑا کہ میں ٹھیک ہوسکتا ہوں مکمل مرد ہوں وہ اپنے نفس کے خلاف بہت لڑا لیکن یہاں پوسٹیں دیکھ کر بہت افسوس ہوتا ہے جب میں کیسی بھی بھائی مایوس دیکھتا ہوں آپ لوگ یہ سوچ سوچ کر اپنے دماغ کو پکارہے ہیں کہ ہم کبھی دوبارہ ازواجی ذندگی کے قابل نہی بن سکتے یہ صرف شیطان کا جال ہے وہ اس جال میں رکھ کے انسان کودوبارہ گمراہ کرتاہے میں دعوے کے ساتھ کہہ سکتاہوں ایک مکمل نوجوان صحت مند اسے کوئی باف بار احساس کرائے کہ تم عورت کے قابل نہی میں سوفیصد گارنٹی دیتا ہوں وہ نوجوان واقع ہی عورت کے قابل نہی رہتا انسان کا سب سے بڑا ڈاکٹر حیکم طبیب اس کا دماغ ہوتا ہے آج کل کے نوجوانوں کو مردانہ کمزوری نیچے والے نفس میں نہی بلکہ اوپر دماغ میں ہے جب آپ یہ سوچتیں ہیں ہم ختم ہوگئے ہیں ٹینشن لیتے ہیں تو دماغ ٹینشن کی وجہ سے ان پٹھوں کی گردش روک دیتا ہے جو نیچےنفس والے پٹھوں کی طرف سنگنل بھیجاتا ہے  اور نیچے والے نفس کے پھٹوں کی خون کی گردش کو روک دیتا ہے سب سے پہلے اپنے دماغ کوسیٹ کریں اسے وہم سے نکالیں پھر آپ مکمل طور پر ٹھیک ہونگے دنیا میں اب ہربیماری کا اعلاج ممکن ہے لیکن وہم کا علاج ہے ہی نہی شکریہ See less
393,"Let's welcome our new members:
( اہم رولز ) 
جن پر عمل کرنا انتہائی ضروری ہے۔
1) کوئی بھی ممبر کسی بھی پوسٹس یا کمنٹ پر ھنسی 
 اور اینگری 
 والی ایموجی نہیں لگائے گا۔ 
2) کوئی بھی ممبر کسی کو بھی ان باکس نہیں بلائے گا  
اور نہ ہی کسی پوسٹ پر کوئی غلط کمنٹ کرے گا۔ 
3)گروپ میں کسی بھی قسم کی  میڈیسن ، نسخے تجویز کرنا سختی سے منع ہے ۔ 
رولز کی خلاف ورزی کرنے کی صورت میں گروپ سے ہٹا دیا جائے گا ۔
                          جزاکم اللہ خیرا
Imran Khan
,
Faheem Ahmad
,
Muhammad Gamshadzai
,
Farooq Khan Wattakhel
,
Arsadjan Arshad
,
M Zain Yar
,
Hussain Ali
,
Maham Malik
,
Karina Zahir
,
Yahya Ghafoorzai
,
Hassan Abbas
,
Zain Majeed
,
Syed Muneeb Haider Kazmi
,
Imrana Imrana
,
Waqas Ahmad
,
Rehan Junejo
,
Areeba Zeib Jutt
,
Baba Ge
,
M Khalid
,
Mithu An
,
Muhammad Saifullah
,
Hashim Abbasi
,
Saif Ullah
,
Hn Basha
,
Hasnain Haider
,
Asmat Khan
,
Muhammad Ashraf
,
Yasin Afridi
,
شیخ المخدوم بن الریاض
,
ثاقب اکبر
,
Usman Qureshi
,
Ameen Ali
,
HoNeY AFriDii
,
Adv Faraz,
Fatima Shahzad
,
Abbas Raza
,
Ali Chaudhary
,
Syed Hussain Zaidi
,
Ch Man
,
Ali Haider
,
Nauman
,
Fisal Khan
,
Smart Faisal
,
Umair Ul Momin
,
Masood Swati
,
Ahmed Khan Ahmed Khan
,
Riaz Ali Ali
,
Abdul Moiz Khan
,
Syed Zadii
,
Prince Ibraheem
,
SardAr Moon DogAr
,
Koko Koko Koko Koko
,
Sadam Sadam
,
حافظ حسنین کھوکھر
,
Farhan Khan
,
Faseeh Ullah
,
Haider Khan,
Sajjad Ahmed
,
Bota Dogar
,
Zahid Butt
,
Imdadullah Jani
,
Luqman Sigger
,
Umar Rai
,
Imran Shani
,
Muneeb Khan Khattar
,
Hassan Khattak
,
Muhammad Hamza
,
Muhammad Rizwan
,
AB Rahim
,
Zameer Hussain
,
Mirza Bilal
,
Syed Ali Murtaza
,
استاد نلکا خاں
,
Zeeshan Zeeshan
,
Kharoos Ke Hon Yar
,
Khaja Kabeer Sharuk
,
Mareez E Ishaq
,
Rai Umair Hassan
,
Wahab Khattak
,
Hafiz Ali Abbas Raza
,
Waseem Yaseen
,
Sp Tayyab
,
Kinza Mughal
,
Mirza Rehan
,
Ali Hamza
,
Shahjahan Jahan
,
Khan Zahid
,
Moon Gujjar
,
Aziz Khan
,
Fazul Islam
,
Majid Shb
,
Sajid A
,
Saad Mughal
,
Ra Na,
Ziddi Bucha
,
Elton Ludo,
ابو الياس سلفي
,
Azreal K
,
Muhammad Hassan
,
نشاط گول گپے پواینٹ
 See less"
394,"اسلام علیکم
کیسے ہیں آپ سب لوگ
میں نے چیلنج شروع کیا ہوا ہے آج چھٹا دن ہے یہ میرا دوسرا چیلنج ہے پہلا چیلنج پینتالیس دن چلا تھا
مجھے اب ایک مسلہ آ رہا ہے اور وہ یہ ہے 
کہ مجھے جب چھوٹا پیشاب آتا ہے تو جب چھوٹا پیشاب کرتا ہوں تو آخر میں جلن ہوتی ہے اور کبھی لیس دار قطرے نکلتے ہیں اور کبھی سفید رنگ کے قطرے بھی نکلتے ہیں
براہ مہربانی مجھے اس کا حل بتا دیں؟ See less"
395,"السلام و علیکم 
میں اپنا مثلا بتانا چاہتا ہوں۔ میں کئی سالوں سے مشتزنی کی عادت میں مبتلا ہوں ۔
اصل میں بات یہ ہے کہ دماغ کوئی بات سمجھتا ہی نہیں بس لگتا ہے کہ میری زندگی کسی اور کی زندگی یا کامیاب مرد کی زندگی یا ناکام مرد کی زندگی سب کی ایک جیسی ہے ۔
مجھے نہ گم يا خوشی کا اتنا زیادہ احساس نہیں ہوتا 
مطلب مجھے سمجھ نہیں آرہا ۔
دماغ کوئی بات سمجھتا ہی نہیں ۔ See less"
396,"ہم اپنی زندگی کے سب سے بڑے دشمن کو ہر روز اپنے ساتھ لے کر پھرتے ہیں—اور وہ ہے ہمارا اپنا نفس۔
جس دن آپ نے اپنی وقتی خوشی اور شہوت کی غلامی کو ٹھوکر ماری، اسی دن سے آپ کی اصل زندگی شروع ہوگی۔ ""No Fap"" صرف ایک چیلنج نہیں ہے، یہ آپ کی مردانگی اور آپ کے کردار کا امتحان ہے۔
حقیقت یہ ہے:
جس نے اپنی خواہشات کو کنٹرول نہیں کیا، وہ کبھی کسی اور چیز پر کنٹرول نہیں کر پائے گا۔
آپ کی ہر ایک ""بوند"" آپ کی تخلیقی صلاحیت، آپ کی یادداشت، اور آپ کے خوابوں کا ایندھن ہے۔ اسے سڑک پر مت پھینکیں۔
قربانی صرف جانور ذبح کرنے کا نام نہیں ہے۔ اصل قربانی اس عادت کو ذبح کرنا ہے جو آپ کو کمزور اور بے بس بنا رہی ہے۔
اب فیصلہ آپ کا ہے:
یا تو اپنی کمزوریوں کے غلام بنے رہو، یا اپنے نفس کو شکست دے کر ایک فاتح بنو۔
یہ جنگ کسی اور کے خلاف نہیں ہے، یہ جنگ آپ کے اور آپ کے نفس کے درمیان ہے۔ کیا آپ تیار ہیں؟
#NoFap #SelfMastery #Discipline #Nafs #MentalWarfare #TrueStrength #BreakTheCycle See less"
397,چلنچ واقعی میں تبدیلی لاتا ہے دماغ کچھ بہتری کی طرف جارہا ہے
398,"نوفیپ چیلنج ٹوٹنے کی سب سے بڑی وجہ یہ ہے کہ بندہ پورن اور مشت زنی سے توبہ کر لیتاہے لیکن بدنظری سے پرہیز نہیں کرتا۔ اسے اگر سوشل میڈیا پہ کوئی نیم برہنہ تصویرنظرآجائے تو وہ اس سے نظر نہیں ہٹاتا۔ وہ اپنے آپ کو تسلی دے لیتا ہے کہ یہ پورن تو نہیں۔ یہاں شیطان اپنے ہربے میں کامیاب ہوگیا۔ اسے مزید کچھ کرنے کی ضرورت نہیں۔ اس نے بس آپ کو ایک ٹریگر دینا تھا۔  
اب جو بندہ پورن جیسی انتہا کا عادی ہو، صرف بےجان تصویر دیکھ کے تو اس کا من نہیں بھرے گا۔ وہ ایک قدم مزید آگے جائے گااور یو ٹیوب یا کسی دوسرے چینل پہ ویب سیریز یا گانوں  کے نیم فحش مناظر دیکھنے لگے گا۔ یہاں بھی وہ خود کو تسلی دے گا کہ میں کم از کم پورن تو نہیں دیکھ رہا نہ ؟ اس ساری بے احتیاطی کا نتیجہ یہ نکلے گا کہ شہوت بے قابو ہو جائے گی۔ یوں اس کا چیلنج ٹوٹ جائے گا اور وہ دوبارہ وہیں کھڑا ہوگا جہاں وہ پچھلے کئی سال سے کھڑا تھا۔ 
اس کا حل یہ ہے کہ جب چیلنج شروع کرنے کا پکا ارادہ کرلیا توخود کو کوئی فضول رعایت نہیں دینی۔ ہرقسم کی بدنظری سے مکمل پرہیز کرنا ہے ،سکرین پر بھی اور حقیقی زندگی میں بھی۔ اگر آپ واقعی تبدیلی چاہتے ہیں توانسٹاگرام ، ٹویٹر اور ٹک ٹاک کو نوے دن کے لیے موبائل سے نکال دیں۔ فیس بک ، واٹس ایپ اورموبائل کو بھی کم استعمال کرنا ہے اور وہ بھی صرف نوفیپ چیلنج میں مدد کے لیے یا ضروری کالز کے لیے۔اس کے علاوہ لڑکیوں سے فحش چیٹ یا  کالز اور غیر ضروری انٹرنیٹ سرفنگ سے بھی بچنا ہے۔ 
اپنے موبائل کو ہر بدنظری والی چیز سے مکمل پاک کر لیں۔ ذہنی بے سکونی ، سٹریس یا کسی قسم کی فرسٹریشن بھی آپ کو وقتی سکون کے لیے گناہ کی طرف مائل کر سکتی ہے۔ خود کو ریلیکس رکھیں۔ اگر  پھر بھی چیلنج ٹوٹ جائے تو مایوس نہیں ہونا۔اس دلدل سے  نکلنے کے لیے صرف  موٹیویشن اور گروپ میں پوسٹ پڑھ لینا کافی نہیں بلکہ آپ کو پوری کوشش کرنی ہے۔  
اللہ ہم سب کا حامی و ناصر ہو اور ہمیں توبۃ النصوح نصیب فرمائے۔ آمین See less"
399,"،،،،صبر اور برداشت آپ کی سب سے بڑی طاقت ہیں۔ جب آپ مشکل حالات میں پرسکون رہتے ہیں اور جلد بازی میں کوئی فیصلہ نہیں کرتے، تب آپ زندگی کے ہر طوفان کا ڈٹ کر مقابلہ کر سکتے ہیں۔ صبر خاموشی نہیں، بلکہ وہ ذہنی مضبوطی ہے جو آپ کو درست وقت کا انتظار کرنے اور صحیح فیصلے کرنے کی صلاحیت دیتی ہے،،،،
رات پھر سو نہی پایا ، ارجز تنگ کرتے رھے ، گندے خیال دماغ پر حاوی ہونے کے کوشش کرتے رہے 
پر کولڈ شاور لیا موبائل کو اپنے سے دور رکھا ، باہر گھومنے گیا اور پھر لیٹ نائٹ آ کر لیٹا تو نیند ا ہی گی کوئی 2 یا 3 بجے ، 
ویسے مہینے میں دو تین بار ایسا ہو رہا ہے  میں کنٹرول کر سکتا ہوں مسلہ کوئی نہی ، پر بتا نہی ایسا ہو کیوں رہا کہ پوری پوری رات  نیند نہی آتی See less"
400,"السلام و علیکم و رحمتہ اللہ میں اُمید کرتی ہوں سب بھائی خیریت سے ہونگے
میرے شوہر جو عمر 40 سال ہے ان کو بھی مردانہ کمزوری ہے پِچھلے 2 سالوں سے کیا وہ نو فیب والا 40 یا 50 دنوں کا چیلنج کر کے تندرست ہو سکتے ہیں براۓ مہربانی جواب ضرور دیجئے گا؟"
401,"الحمدللہ اللہ تعالی کا لاکھ لاکھ شکر ہے کہ اس نے مجھے 20 دن توفیق عطا فرمائیں گناہوں سے بچنے کے لیے اور الحمدللہ ابھی تک کوشش جاری ہے اور میں نے یہ 20 دن پہلی بار پورا کیا ہے نو 10 سال سے محنت کرتا رہا مگر اج الحمدللہ 20 دن ہو گئے ہیں اور الحمدللہ نہ گندی خیالات اتے ہیں اور نہ وسوسے کیونکہ میں اس کو دل میں لاتا نہیں ہوں جب بھی کوئی مجھے مشکل یا خیالات اتے ہیں پانی پی لیتا ہوں اور اپنی جگہ بھی بدل لیتا ہوں تو خیالات چلے جاتے ہیں ہاں ایک اور بات گیگل ایکسرسائز نے بھی مجھے بہت فائدہ دیا ہے اس نے میرا نفس کو کنٹرول کر دیا ہے جب بھی خیال اتا ہیں تو یہ کرتا ہوں تو الحمدللہ ٹھیک ہو جاتا ہے 
 See less"
402,"اسلام علیکم سب دوست اُمید ہے خیریت سے ہونگے 
یہ میری پہلی پوسٹ ہے اور اس پوسٹ کا مقصد یہ ہے کہ میں نے اِک بات نوٹس کی کہ ہر پوسٹ میں چیلینج لکھا ہو ہے ہے ۔
کوئی دوست رہنمائی کرکے پلیز بتائے کہ یہ کس چیلینج کی بات ہو رہی ہے اور اسکے رولز کیا ہے 
شکریہ ۔۔۔"
403,اسلاو عیکم کیا حال ہے میرا ایک دوست ہے اس نے پندرہ سال مشت زنی کی ہے اب وہ بلکل تنگ آچکا تھا اس نے آخر تنگ آکر مجھ سے بات کی ہم دونو سعودی عرب رہتے ہیں اس کا اب یہ حال تھا وہ خالی مشت زنی کا سوچتا تھا تو اس کا منی نکل جاتا تھا اتنا پتلہ تھا کہ کپڑوں پر نشان نہی چھوڑتا تھا میں تو اس گروپ میں تھا مینے اسے بتایہ کہ تم چیلنج رکھو مشت زنی نہی کرنی گندی ویڈیو نہی دیکھنی اس نے میرے کہنے پر شروع کردیا چالیس دنوں میں اسے پانچ بار احتلام اس نے مشت زنی اور گندی ویڈیو نہی دیکھی لیکن منی پہلے کی طرح پتلا اور نشان نہی چھوڑتا تھا وہ گھبرا کر معیوس ہونے لگا مینے کہا ہمت کر چالیس دن اور دیکھ وہ ڈپریشن میں تھا لیکن اس نے وعدہ کیا کہ چالیس دن تک اور دیکھتا ہوں اسے 6بار 53دنوں کے بعد احتلام ہوا وہ صبح اٹھا تو اس نے دیکھا منی کی تعداد بہت زیادہ تھی اور بہت زیادہ منی کا شلوار پر نشان تھا وہ اتنا خوش ہوا میجھے کال کرکے کہتا ہے تم نے ٹھیک مشورہ دیا اب ماشاءالللہ اسے چھے مہنے ہوگئے ہیں وہ بتاتا ہے کہ اب قطرے بھی نہی آتے جب کبھی احتلام ہوتا ہے منی مقدار میں بہت زیادہ اور اتنا گاڑھا ہوتا ہے کبھی کبھار شلوار جسم کے ساتھ چمڑ جاتی ہے اس کی عمر تیس سال ہے پہلے وہ شکل سے بوہڑا لگتا تھا اب وہ ینگ یوجوان نظر آتا ہے لال سرخ چہرہ آنکھوں میں چمک آواز بھی اس کی بھاری ہوگئی ہے اب وہ نظروں میں نظر ڈال کربات کرتا ہے پہلے ہم سے نظریں چرتا تھا شاہ کالہ رنگ آنکھیں اندر کی طرف دھکی ہوئی ہور خشک تھیں لیکن آج لال چہرہ آنکھوں میں چمک کیسی بھی ڈاکٹر حکیم سے دوائی نہی لی لیکن آج وہ کہتا ہے میں مکمل مرد ہوں اور ایک سال تک پاکستان جاکے شادی کرے گا آپ بھی یار گھبراجاتے ہو دماغ میں سوچتے ہو ہم کبھی ٹھیک نہی ہونگے اور آپ واقع ہی ٹھیک نہی ہوتے میں آپ لوگوں کے کمنٹ پڑہتا ہوں کوئی کہتا ہے تین منتھ ہوگئے خاص فرق نہی کوئی کہتا ہے بیس دن ہوگئے پہلے آپ اپنے دماغ سے احساسِ جرم کو باہر نکالیں پھر آپ کو 90دنوں میں رزلٹ ملے گا لیکن آپ جب تک دماغ میں ٹینشن رکھینگے آپ سال تک بھی مشت زنی نہی کرتے فرق نہی پڑھنے والہ See less
404,"السلام علیکم امید کرتا ہوں کہ اپ ٹھیک ہوں گے جب سے میں نے ہوش سنبھالا ہے تو میرا جو نفس ہے وہ ٹیڑھا ہے تو دوستوں سے درخواست ہے کہ میں کیا کروں 
میری شادی ہے 15 دن تک باقی الحمدللہ سب ٹھیک ہے"
405,"Asalam alaikum 
ma na challenge start kiya ha aj 4th day ha sab teek ja Raha ha liken ganday hayalat ata ha koi mashwara da KYa karo"
406,السلام علیکم بھائی جان کیا حال چال ہیں ٹھیک ٹھاک سب بھائی یار میرے چیلنج کو تقریبا ایک مہینے س  اوپر ہو گیا ہے میں نے مشت زنی اور اورن پورن ویڈیو نہیں دیکھی بس ٹک ٹاک وغیرہ یوز کر لیتا ہوں کیونکہ میرا کام ہی ایسا ہے سارا دن فری ہوتا ہوں کبھی چلا لیتا ہوں کبھی رکھ دیتا ہوں اور اج میں نے پا خانا کیا اور ریڈ ریڈ نظر ارہا تھا کیا کوئی پریشانی والی بات ہے مجھے قبض بھی کافی دنوں سے ہوئی ہے اور پیشاب بھی پیلا اتا ہے
407,"اسلام علیکم 
شادی کو ایک مہینہ ہوا ہے کچھ دنوں سے عجیب کیفیت ہوگئ ہے کہ، فور پلی کرو تو نفس میں ٹھیک ٹھاک سختی ہوتی ہے جیسے ہی دخول کا سوچو تو ایکدم سے ڈھیلا ہو جاتا ہے اور پھر ایسے ہی رہتا ہے، مطلب ایکدم دڑ لگ جاتا ہے کے پتا نہیں کیسے ہوگا، براہ کرم اس کا حل بتائیں"
408,"السلام علیکم 
میں آج پہلی بار اس گروپ میں پوسٹ کر رہا ہوں 
آج میرے چیلنج کا دسواں دن ہے اس سے پہلے  میں نے کئ بار چیلنج لیئے تھے لیکن کوئی  
چیلنج  بھی بیس دن سے اوپر نی جا سکا 
آج صبح ٹک ٹوک چلاتے ہوئے ایسا ویڈیو آگیا جس سے 
میرا دماغ خراب ہو گیا  ہے 
اب صبح سے گندے گندے خیال آرہے ہیں See less"
409,السلام عليكم دوستوں امید کرتا ہوں سب ٹہیک ہونگی میری شادی کو تقریبن پانچہ مہینی ہو گئی ہے لیکن مسلا یے ہے کے میرا معدا منی بہت پتلا ہے جس وجہ سے پریشان ہوں بہت کے بچہ ہوگا کے نہیں مباشرت  بہی ہر روز دو بار کرتا ہوں دن میں کوئی دن نہیں چہوڑتا دوستو کوئی مشوره دیدو کے بچہ ہو پائگا کے نہیں ویسے دینے والی زات میری رب کی ہے
410,"Kl sy nofap shuru kiya hy mn ne bhaiyo,
Koi mery liye guidance ho to btaen koi tips b
Allah sab ko gunah krny sy bachae aaameen"
411,"Day 24 Of NoFap 
“24 دن پہلے
میں اپنی خواہشات کے پیچھے بھاگتا تھا…
آج میں اپنے آپ کو کنٹرول کرتا ہوں۔”
ہر دن آسان نہیں ہوتا،
لیکن ہر دن آپ کو مضبوط ضرور بناتا ہے۔ 
#NoFap #Day24 #SelfControl #Discipline #NoFapJourney See less"
412,".Alhamdulillah Challenge Complete 
Allah Ka Lak Lak shukar Hai .
Jo Bhai log kehty hen ke nahe hosakta 
TU bhayon khud ke sath mukhlis hokar 
Allah ka khof rakh kar .
Or pukhta erada kar k shuro kren 
Phir kasisy nahe hoga ye TU ho he nahe Sakta .
Nafs ke sath jihad shuro kren .
Mere leye aagy bhe Dua kren .
Allah ham sab ko nek kamo ke tufeeq den .
Ameen.
 See less"
413,mera 5 months bad shadi hoga Kya ab se me kegal exercise Start kardu. garmi boht he koi problem to nhi hota kegal exercise karne se. please rehnumai kardo
414,چیلنچ کو 90دن گزرگۓ لیکن نفس میں خاص سختی نہیں اور جسم تہوڑا بہت بہتر ہوا ہیں لیکن خاص نہیں کیا وجہ ہوسکتاہیں ۔۔کیا چیلنج جاری رکھنے سے بہتری آئیگی یانہیں
415,اسلام وعلیکم میں یہ گزارش ہے کہ ایسی خوراک کے بارے میں بتائیں جو ریکوری میں زیادہ فائدہ مند ثابت ہوں۔
416,Assalamualaikum Bhai yar mjhy rat b ahtlam hua ab phr dupher 3 4 soya hua tha to ahtlam hogia
417,Ma apne office ki hur situation sa dr jata hu bht zyada challenge 46 day bht ghabrahat hotti ha kuch smjh nhi atti dil krta job chor du
418,Asalam o alaikum challenge ka aj 18 din chl rha he Kuch din achay gzray thay lekin kl se phir ghussa a rha he choti choti baton pe Kuch khanay ko b Dil ni krta bechani he hr waqt ghussay me hota Hoon Sath me shehwat b bhot zada tng krti he me exercise b krta Hoon lekin shehwat Kam ni hoti Daly 200 baar squats b krta Hoon ta k shehwat Kam ho lekin Kuch farq ni prta walk b krta Hoon kabi kbar lekin jis din walk krta Hoon takreeban 7 ya 8 kilomete taiz taiz chlta Hoon k thakawat ho jism thak k choor ho jaye lekin shehwat ha k Kam ni hoti See less
419,"Let's welcome our new members:
( اہم گروپ رولز ) جن پر عمل کرنا انتہائی ضروری ہے۔
1) کوئی بھی ممبر کسی بھی پوسٹس یا کمنٹ پر ھنسی 
 اور اینگری 
 والی ایموجی نہیں لگائے گا۔ 
2) کوئی بھی ممبر کسی کو بھی ان باکس نہیں بلائے گا  
3)گروپ میں کسی بھی قسم کی میڈیسن دوائیاں ،نسخے تجویز کرنا سختی سے منع ہے ۔ 
رولز کی خلاف ورزی کرنے کی صورت میں اسی وقت گروپ سے ہٹا دیا جائے گا ۔  ان شاءاللّٰہ 
Imran Qalandary
,
Amir Ch
,
Basharat Abbasi
,
Malik Sajid
,
Kashif Hussain
,
Zariman Khan
,
Sardar Ismail
,
Mrr Honey
,
محمد ذہیب صدیقی
,
M. Haris
,
HASEEB
 ,
Sidra Sidra
,
Rizwan Mahar
,
Ubaid Raza
,
Muhammad Abubakar Sajjad
,
Bhatti Kashif
,
Arif Bashir
,
Yahya Mallana
,
Įťš Müžźį Khąñ
,
Zain Ali
,
Rani G
,
Fakhar Khan
,
Najam Hassan
,
Badshah Khan
,
Prince Shahzad
,
Ayaz Ali
,
Irfan Khan
,
گمنام فوجی
,
Muhammad Shahid,
M Anjum,
Asim Ali,
Itx Malak
,
Sharate Bacha
,
Hassan Banth
,
Muheeb Ul Nabi
,
نوید کھوکھر
,
Ali Unar
,
Harry R
,
Dha Hockey
,
SaRa Chuzzi
,
MW J
,
Khanx Abu
,
Mudassar Saleem
,
Shamsa Khan
,
Malik Amir Khan Aamir
,
Rashid Rashid Malik
,
Malik Fakhar
,
Mahar Abbas
,
Asad Manglo
,
Qadir Bashir Qadir Bashir
,
Qari Sabir Qari Sabir
,
Akram Thebo
,
نثار لنڈ بلوچ
,
سنیا شاہین
,
Moiz Khokhar,
Awais Khan
,
Ejaz Ahmed
,
Swat See,
Hassan Awan Awan
,
Mehtab Alam Afridi
,
Fiyyaz Rahim
,
Aryan Raza
,
Usman Xmalak
,
Bilal Ali
,
Fida Dawar
,
Khan Ko Ko
,
Nasir Wasli
,
Malik Kashi
,
Arslan Saghir
,
Adnan Khan
,
Osama Sarfraz
,
M Soban,
Rana Ahmed
,
Daniyalsaeed Saeed
,
Hazrat Sahib Agha Jan,
سعد آرائیں
,
تنہا لڑکا,
افشین فرامرزی
,
Kashif Jutt
,
Asia Ho
,
Fäñï Dahar
,
Muhammad Nawaz Ansari
,
Muhammad Yousaf
,
Babli Bhai,
الباسطی سردار,
N K Khan
,
Bilal Ali Bilal
,
Bakhtsher Khan
,
أدهم المصري,
Noor Ur Din,
خوژمن سرحدی
,
Abu Bakar
,
Wajid Butt
,
Yunas Khan
,
Mahar Zain
,
Zeshan Ali Zee
,
Tania Babar
,
Shaiq Mohammed Shaiq
,
Ibrahem Wazir
 See less"
420,Asslamo alikum. Omeed ha ap sab khariat say hongay. Ma challenge par hu or aaj mujje 41 days hogyenhain. Sab sahi chal rha tha. Lakin mere masany mai or right testicle ma halka halka pain oth rha. Jesay kisi cheez say dbaya ho. Pain zyada nahi hai. Bas apni majodgi ka ehsaas dilati hai. Ma saudia ma hu. To kiya kiya koi bhai guide kr skta k ye challenge chorny ki wjh sy hai. Ye mujhe testicle ma koi infection hogya hai. Ma dara huwa hu. Google or YouTube par dekha to wo to bohay khatarnaak batain kr rhy. Ma saudia ma hu or itny pesay bhe nhi k doctor ko check krwa skon. Baraye meherbani koi bhai guide kry k ye challenge chorny ki wjh sy horha? Mera koi muscle problems ha. Pani kam penay say horha ya waqai koi testicle infection hogya See less
421,"جو اپنے نفس پر قابو پا لے، وہی سب سے بڑا جنگجو ہے 
الحمدللہ 95 دن ہو گئے کوئی پورن اور سیکسویل ویڈیوز نہج دیکھیں 
مست زنی نہی کی 
دیکھو ہم جب بھی پورن یا مست زنی کرتے ہیں تو کہتے ہیں یہ آخری بار ہے پھر آخری بار 
کبھی کی کل سے پورن نہی دیکھوں گا مست زنی نہی کروں گا اور کتنے کتنے سال ہو گئے اسی طرح 
تو بس یہی کرنا جب دل کرے پورن دیکھنے یا مست زنی کا تو سوچو اور کہو آج نہی ، آج نہی بس آج میں جیو اور ایک ایک دن بغیر پورن اور ماسٹر بیوشن کے گزاروں تو انشاللہ آپ بھی کامیاب ہو جاؤ گے See less"
422,"Aoa , Eid k baad meri shadi hony hy lakin mujy koi intrest nazr nae aarha kia waja ho skta hn ?
Wife se baat b krta hu , physically b koi issue nae hy , lakin mery interest na hony ka reason mujy khud nae pata ,
ju weakness mujy nazr aa rhy hy wo ye hy .
Timing ka Thora sa issue hy aur choty bachu ka pehly shauq tha , 
ab meri married life tu kharab nae hongi ?"
423,"aoa
aj rat ko aik larki ka khyal Aya aur challang tot gaya kia kro wo larki roz bat krte ghld soch aty 
56 din ka tot kia plz koi Hal btaow sari rat nend ni ai 2 dafa krlia afsos ho rH ab"
424,"السلام علیکم ورحمتہ اللہ وبرکاتہ
امید ہے سب احباب خیر و عافیت سے ہوں گئے اللّہ پاک سب دوستوں کو سلامت رکھے آمین 
دوستو کچھ دن پہلے میں نے چیلنج شروع کیا لیکن وہ مکمل نہ کر سکا ناکام رہا تاہم اب دوبارہ چیلنج شروع کر رہا ہوں اللّہ پاک مجھے اور جتنے بھی دوست احباب اس قبیح فعل میں مبتلا ہیں سب کی اس سے حفاظت فرمائے آمین"
425,"meri timeng phale round min 1 minutes se kam hay is ko padhane kiliye kiya karna hoga or dosare round min kam se kam 5 mint tak rahti hay 
Or Meray challenge ko 8 month hogai hain
@admin approve See less"
426,اللہ تعالی ہم سب کو باجماعت نمازوں کی پابندی اور قرآن مجید کی تلاوت باقاعدگی سے کرنے کی توفیق عطاء فرمائیں آمین ثم آمین۔
427,"اسلام وعلیکم میں روز اللہ سے دعا کرتا تھا کہ مجھے م زنی سے نجات عطا فرما اور اللہ نے اپنے فضل وکرم سے نجات عطا فرمائی۔ خیال اب بھی کبھی آتے ہیں لیکن دل اللہ سے ڈرتا ہے ۔ مجھے بس صرف ایک مسلہ ہے کہ جب بھی گرمیوں کا موسم شروع ہوتا ہے تو رات کو بستر پر چھوٹا پیشاب نکل جاتا ہے میری عمر ابھی 18 سال ہی ہے 
رہنمائی فرمائیں اور کوئی مذاق نہ اُڑا ئے شکریہ"
428,"""آدمی کے جھوٹا ہونے کے لیے بس یہی کافی ہے کہ وہ ہر سنی سنائی بات تحقیق کیے بغیر بیان کر دے۔""
 (صحیح مسلم، حدیث نمبر: 156)
 آج کے دور میں جہاں اطلاعات کا سیلاب ہے،
ہمیں ہر بات کو پرکھنا، تحقیق کرنا اور درست معلومات کو ہی آگے پہنچانا ضروری ہے۔
 بے تحقیق بات پھیلانا نہ صرف جھوٹ ہے،
بلکہ دوسروں کی بدنامی اور معاشرتی نقصان کا باعث بھی بنتا ہے۔
 سوچ سمجھ کر بولیں، تحقیق کریں، پھر بات کریں۔
 یا اللہ! ہمیں سچ بولنے اور تحقیق کرنے کی توفیق عطا فرما،
اور ہمیں جھوٹ سے بچا۔ آمین! See less"
429,چیلنج پر استقامت نہیں ہورہی تو میں نے چھوڑ دیا تھا اب دوبارہ شروع کرنا چاہتا ہوں ہینڈ پریکٹس سے جان چھڑاوانی یہ مسئلہ مجھے زیادہ تر پیارے لڑکوں کو دیکھ کے ہوتا ہے کافی کوشش کی ہے لیکن کچھ دن سے زیادہ نہیں ہوتا
430,"صبح جب اُٹھتا ہوں تو منہ کا ذائقہ بہت عجیب سا ہوتا ہے، اور زبان پر بھی سفیدی جمی ہوئی ہوتی ہے۔
Challenge day 10
Weight 42kg ....age 22"
431,اللّه پاک کا لکھ لکھ شوکر ہے مشت زنی سے بہت نفرت ہوگئی ہے اللّه پاک مزید نفرت کرنے کی توفیق دہ
432,Is se taqreban 5 year pehle me ne chelleng start kya tha our abi tak qayim ho shukor he allah ka jo sabr deya he ap b sab bayi start kro inshallah allah hemat dega
433,Ak ayse nfsiyati adat  jo ak tak kiso ko b nhi bataye  aj sab k sath share krta hu rehnimaye  kelye Me ko bhut wsayes ati ha iski wja se me bhut tklif me hu ye wswse. k mtlb jis din krlo to ye waswsa ati ha k aj to ye din ha mtlb k aj to 14 agt ha jo mshor tarikh hu ya is din to ye huwa ha kise awr tarikh krlonga bs akhri dfa . awr mhina k b ata ha k ab to zealqhda ka mhina ha ya zelhja ka mhina ha dosri mhine me kronga jo aam sa mhina hu. Ise trha din k hisab se b waswse atey ha k aj to juma ha Tuesday ko kronga pir nhi kronga ise trha 7 8 saal hogaye awr mery ko prone masturbation addiction ha jis ki wja se blanket gnda hota ha sab bai rihnumaye frmaye k mery sath ye kia hota ha awr logo k sath b ye hota ha ? See less
434,Challenge ko 45 days hogae ha aj subha ehtlam hua ha bht ajeeb feeling arhi ha ptta nhi sotte sotte paani niklta ha ya muney niklti ha bht ajeeb mehsoos horha kndho ka ptho ma bht khichao ha or ma cricket bht shoq sa khelta hu lkin khelne ka baad jism sur drd hone lg jata ha pairon ma drd bhe
435,"کیا آج کل کے اسٹیج ڈرامے دیکھنے سے چیلنج ٹوٹ جاتا ہے۔
(جہاں خواتین کی نمائش ہوتی ہے)"
436,Aaj challenge ka 14 day bhi complete hogya hai ek bhai ne bola tha k tum nhi shuru kr sakte lekin dekh lo continue hai challenge mera aur inshallah 90 days jab complete honge tab bhi mai aapko picture share karunga
437,Mara nafs pa bechpan sa ak vain pholi hoi ha aur muja is ki koi drd vegera nhi ha aur Na hi koi masla bna ha anyone guid ya kia cheez ha dr ko check krwao k nhi
438,"100day complate hogye chalange ko Allah ka shukr ha sub tk ha but
abi ase fealing ate ha jse timing 2 mint ha 
timing kise zyda hoge"
439,آج میں انشاءاللہ آپ لوگوں کے سامنے ایک ایسی بات رکھوں گا جو میں نے خود ریسرچ کی ہے اور ارد گرد مشاہدہ کیا ہے امید کرتا ہوں آپ سب بھائیوں کی طرف سے رسپانس دیا جائے گا آپ اپنی بات بھی رکھ سکتے کومینٹ میں
440,"Noman Bhai please best kegal exercise video link share ker dein,jo 100% correct and benefit wali ho"
441,17 din bad chinlnge toot gaya bhot zeadaa anxiety or preshani sy guzra thaa likn aj chinlge toot gaya afsos ho rha hai? Kyea kro main
442,"Message
السلام علیکم بھائی، کیا حال چال ہیں؟ ٹھیک ٹھاک ہیں سارے؟
اچھا یار، میں اٹھائیس سال کا ہوں اور سعودی عرب میں ہوں۔ میری شادی نہیں ہوئی۔ میری اور میرے چیلنج کو تقریباً ایک مہینہ ہو گیا ہے، ایک دو دن اوپر نیچے۔ اسی دوران مجھے صرف ایک مرتبہ احتلام ہوا، اور جب احتلام ہوا تو میرے نفس میں بہت زیادہ شدید درد ہوئی۔ اس کے بعد ابھی تک دوبارہ احتلام نہیں ہوا۔ خوراک بھی ٹھیک ہے یار۔
تو کیا یہ کوئی مسئلہ ہے یا بعض اوقات ایسا ویسے ہی ہو جاتا ہے؟ کائنڈلی اگر اس بارے میں کوئی رہنمائی ہو تو مجھے بتا دیں۔ See less"
443,"20 tak control Kiya ab sab khatam zero power 
samj nhi ati university ka student ho ... internet ka bagir nhi chal sackte bhai bhut tension ma ho plz help .... AJ 2 dafa .... aga mara final ha ab ma bhut tang ho ga"
444,Kya porn dekhty huay bgair kuch kiye agar discharge ho jaye to kya challenge dubra shru krna hoga ya challenge jari rahy ga
445,"Let's welcome our new members:
( اہم گروپ رولز ) جن پر عمل کرنا انتہائی ضروری ہے۔
1) کوئی بھی ممبر کسی بھی پوسٹس یا کمنٹ پر ھنسی 
 اور اینگری 
 والی ایموجی نہیں لگائے گا۔ 
2) کوئی بھی ممبر کسی کو بھی ان باکس نہیں بلائے گا  
3)گروپ میں کسی بھی قسم کی میڈیسن دوائیاں ،نسخے تجویز کرنا سختی سے منع ہے ۔ 
رولز کی خلاف ورزی کرنے کی صورت میں اسی وقت گروپ سے ہٹا دیا جائے گا ۔  ان شاءاللّٰہ 
Wahaj Khattak
,
Muhamad Arslan Ramzan
,
Bin Yamin
,
Zeshan Kahlon
,
MUzic Muzic
,
M Asif Asif
,
Himat Khan
,
Ansar Ali
,
Haider Sidd
,
بے لگام,
Ali Muhammad
,
Muhammad Azan
,
Faizan Gujjar,
Mujtaba Baig
,
Zafar Zaman Zaman Khan
,
Mustafa Baloch
,
ڈاکٹر محمد رضوان
,
Mʌɭɩĸ Aɭɩ Awʌŋ
,
Gull Ahmad Gull Ahmad
,
Asim Hawk Asim Qureshi
,
Prince Asif
,
Muhammad Tasawwur
,
Mansoor Khan
,
Zaheer Noorzai
,
Maryam Malik
,
Sheraz SinDhi
,
Muhammad Siddique Jamali
,
Mustafa Arain
,
Ali Zain
,
Ameer Hamza
,
M Haroon
,
Haider Ali
,
M Ramzan M Ramzan
,
Imran Khan
,
Junaid Sheikh
,
Maya Gul
,
Bisharat Ali Baloch
,
Muhammad Aslam
,
M Yaseen
,
Hameed Malang
,
Roshan Ali Kalhoro
,
Ehtesham Elahi
,
Adinashah Adinashah
,
Mubashir Hussain
,
Ronald Honey
,
Muhammad Akhtar
,
Usama Hussain
,
Allahho Akber
,
Mian Muhammad Ali Shah
,
Zafar Iqbal Khattak
,
Syed Taqi Ali
,
ملک نبیل
,
Hussain Ali
,
Baqar Ali Shah Bukhari
,
Nasir Sajjad N. S
,
Muhammad Arsalan Ahmad
,
Muhammad Ammad Khan
,
Pathan Muhammad Zubair
,
Muhammad Atif
,
Aizaz Ahmad
,
Ali Asghar
,
Mohammad Abdullah
,
Rafiullah Mengal
,
Mussa Khan
,
Ghulam Rabbani
,
Hamza Hamza
,
Hafiz Bilal Asghar
,
Doctors Ashir,
Ahmed Butt
,
Abdulhadi Khan
,
Murtaza Rai
,
Faisal Saeed Arain
,
Sam Khan
,
Waseem Hassan
,
Mast Larka
,
Asif Iqbal
,
M Ahmer Naeem
,
Kiran Shahzadi
,
سلمان جنجوعہ
,
Altaf Ahmed Khan Sanjrani
,
Nadeem Akhtar
,
Arfat Ullah
,
Naveed Jamali
,
Raja Sami Nawaz
,
Amir Saeed
,
Awais Nawaz
,
Talha Shahzad
,
Ali Hsnain
,
Nexa Builders
,
Awais Jutt
,
Hafiz Sana Ullah
,
Shazia Nazar
,
Zunaira Siddique
,
Shahid Shaikhibc
,
Intezar Khan
,
Muhammad Rashid
,
Rashid Ali
,
Abdullah Arain
,
Wʌʜɘɘɗ Uɭɭʌʜ
,
Manzoor Ahmad
 See less"
446,Allah ka lakh lakh sukar ha an b thoraaa sa Facebook pr galat pic Dekhii butty control namaz prhhh lo usiiii time allhdullilah
447,"میری شادی کو تقریباً دو سال ہو چکے ہیں۔ شروع میں ازدواجی تعلق کے دوران میرا وقت تقریباً 20 سے 30 منٹ تک رہتا تھا، لیکن گزشتہ ڈیڑھ سال سے یہ وقت کم ہوتے ہوتے اب ایک منٹ سے بھی کم رہ گیا ہے۔ اس مسئلے کی وجہ سے میں کافی پریشان ہوں۔
اگر کسی بھائی کو ایسا مسئلہ ہوا ہو اور انہوں نے کسی اچھے علاج، دوا، ورزش یا ڈاکٹر کے ذریعے فائدہ حاصل کیا ہو تو براہِ کرم اپنا تجربہ ضرور شیئر کریں۔ آپ کی رہنمائی میرے لیے بہت مددگار ثابت ہو سکتی ہے۔"
448,"Aslam o alaikum 
Meri is group ma 1st post ha ma na challenge start kia tha 28 din bad porn Dekhi ab phir dobra start kr Lia ha Mera swal ya ha k (mz) na kry to challenge kesy toot skta ha just dekhny sa"
449,اسلام علیکم  عمید ھے سب ٹھیک ٹھاک ھوگے نعمان بھائی میرا چیلینج 7 دنوں سے اوپر نہیں جا رھا کچھ مھینے پہلے 108 دن کا چیلینج ٹوٹ گیا فر 31 فر 11 فر 28 فر 33 دن اب تو  7 دن یا 8 کا ٹوٹ جاتا ھے  اب مسلا  ہے ھے جب سے بالغ ھوا ھو تو جب بھی پیدل چلتا ھو تو نفس سخت ھو جاتا ھے ایسا کیو ھوتا ھے
450,اسلام علیکم بھائی کیسے ہیں سب  امید ہے سب ٹھیک ہو گئے میں 2019 سے اس کے مبتلا ہوں اب چھوڑنا چاہتا ہوں جسے ہی چلیج شروع کرتا ہوں پورا جسم میں درد شروع ہو جاتا ہے ایسا کیوں
451,فیسبک سکرول کرتے ہوئے اچانک ایک فحش تصویر سامنے آئی، میں نے فوراً ریموو کردیا ، کیا میرا چیلنج ٹوٹ گیا یا نہیں؟
452,یہ باتیں جو میں آج آپ لوگوں سے کرنا چاہتا ہوں یہ یہ یہ سب پڑھنے کے بعد امید ہے آپ کبھی اس لت کی طرف نہیں جاؤ گے مجھے تقریباً پندرہ سال ہو گئے تھے اس لت میں مبتلا ہوئے کبھی دن میں دو تین بار بھی کر لیتا تھا اس لت سے میں سارا دن بیڈ پے پڑا رہتا تھا بس موبایل پے فحش نگاری کرتا تھا ہر طرح سے میں نے کوشش کی لیکن کبھی کامیاب نہیں ہو سکا پھر میری شادی ہوئی شادی کے بعد بھی ہاتھ کی لزت جاری رہی آخر میں لکڑی کاٹنے اور لوڈ کرنے والے کام پر لگ گیا صبح جاتا تھا رات کو دس گیارہ بجے واپسی ہوتی تھی تھکاوٹ کی وجہ سے آتے ہی آنکھ لگ جاتی تھی کسم سے کل میں نے نو فیپ ایپ ویسے ہی اوپن کی تو دیکھا مجھے تین مہینہ ہو گئے تھے اس لت کو چھوڑے ہوئے پتا بھی نہیں چلا دوستوں اگر آپ چاہتے ہیں تو خدارا اپنے آپ کو کسی کام میں مصروف کرلیں یقین کریں آپ لوگوں کی زندگی بدل جائے گی See less
453,"day 20 
10 year pornography and masteebate addicted 
yaar pelvic floor bhut zaida week ho gya h ... qatra bhut atw h .. washroom ma zorrr nhi lgta ....qabz ka bhe masla h bhut ...."
454,"السلام علیکم امید کرتا ہوں سب دوست خیریت سے ہوں گے میں نے کچھ عرصہ پہلے اس گروپ میں پوسٹ کی تھی کہ میری 2 مہینے بعد شادی ہے میں نے 8 9 سال مشت زنی کی ہے میں بہت پریشان ہوں مجھے اس وقت مجھے 1 یا 2 مہینے ہو گئے تھے مشت زنی چھوڑ ہوئے لیکن پھر بھی مجھے یہ لگتا تھا جیسے سب کچھ ختم ہو گیا ہے میں شادی کے قابل نہیں ہوں لیکن پھر میں خود کو حوصلہ دیا اور مزید پکی توبہ کی اور اس طرف دھیان نہیں دیا اور میں نے اپنی خوراک بہتر کی دودھ دہی فروٹ وغیرہ کو کھانا شروع کیا اور اس گندی عادت سے دوری اختیار کی اور پھر میری شادی ہوئی اور الحمدللہ ثم الحمدللہ اب تقریبا میری شادی کو مہینہ ہو گیا ہے سب کچھ ٹھیک چل رہا ہے مجھے کسی قسم کی کوئی پریشانی نہیں ہوئی ٹائمنگ سختی سب کچھ ٹھیک ہے 
اس پوسٹ کرنے کا مطلب ہے تسلی ان بھائیوں کے جو اس عادت کو چھوڑ چکے ہیں یا چھوڑنا چاہتے ہیں وہ بے فکر ہو کر اس عادت کو چھوڑے اور اطمینان رکھیں وہ بلکل ٹھیک ہیں بس اس عادت کو چھوڑ کر اپنی خوراک اچھی کر لیں جب تک شادی نہیں ہوتی اور ہاں جتنی جلدی ہو سکے شادی جلدی کریں کیونکہ اس سے اچھا کوئ نہیں ہے باقی آپ دوستوں سے گزارش ہے دعا کریں اللہ مجھے جلد از جلد اولاد سے نوازے آمین (جزاک اللہ) See less"
455,"بسم اللہ الرحمن الرحیم 
اصحاب کھف (غار والے) نوجوان اپنا ایمان بچانے کے لئے غار میں چلے گئے تھے ان کو پتہ تھا باھر فتنہ ھے ایمان کو خطرہ ھے ساری قوم ایک طرف ھے اور وہ ایک طرف وقت کا بادشاہ ان کے پیچھے ھے لیکن انھوں نے ھمت نہ ھاری اور ساری دنیا سے کٹ گئے ۔۔ 
اور اللہ نے ان کو بچا لیا۔۔۔
آج بھی ھمیں اس فتنوں کے دور میں اصحاب کھف کی طرح بننا ھوگا۔۔ تقوی کے غار میں جانا ھوگا۔۔
ھر اس چیز کو چھوڑنا ھوگا جو اللہ سے دور کرنے والی ھے،
 اگرچہ ساری دنیا اس کو (Trend) سمجھتی ھو ۔۔۔
ھزاروں مشکلیں آینگئ ،حالات آینگیے، تنگیاں ھونگی دنیا سے لڑنا پڑے گا، خواھشات حملہ کرینگی مگر آخر میں اللہ کی مدد بھی ان کے ساتھ شامل حال ھوگی یھاں تک  وہ موت کے بعد اس مقام پر پھنچ جاے گا جھاں اس کو صدا ملے گی۔۔
اے اطمینان والی روح ! اپنے رب کی طرف چل اس طرح کے وہ تجھ سے راضی تو اس سے خوش !
پس میرے خاص بندوں میں داخل ھوجا!
اور میری جنت میں چلی جا!!
(سورہ الفجر 27-30) See less"
456,"السلام علیکم ۔۔ 
امید ہے سب دوست خیر و عافیت سے ہوں گے۔۔
دوستوں میں اپ سے ایک مسئلہ شیئر کرنا چاہتا ہوں پلیز کوئی اچھا سا حل بتائیں۔۔
میری عمر اس وقت تقریبا 22 سال ہے اور وزن 52 کلو ہے۔ میں تقریبا اٹھ سال سے مشت زنی جیسی گندی بیماری میں مبتلا تھا ایک ہی دن میں چار سے پانچ بار بھی کر لیتا تھا۔۔ جس کی وجہ سے میرا بہت نقصان ہوا ہے۔۔
میں نے بہت بار اس کو چھوڑنے کی کوشش کی لیکن ہر بار ناکام رہا۔۔
 میرا نفس اب بالکل سکڑ گیا ہے تقریبا ایک انچ کا ہو گیا ہے جیسے بچوں کا ہو اور سختی بھی بالکل نہیں اتی صبح تھوڑی سی اتی ہے لیکن جیسے ہی بستر سے اٹھتا ہوں پھر سختی ختم ہو جاتی ہے۔۔
مسئلہ یہ ہے کہ گھر والوں نے اچانک میری شادی طے کر دی ہے۔۔جو کہ 15 دن بعد ہے۔۔ اب میں بہت پریشان ہوں کہ میں اپنی بیوی کو کیسے معتمین کروں گا۔۔میرا شادی کرنے کا بالکل دل نہیں کر رہا۔۔ بہت پریشان ہوں 
پلیز کوئی اچھا سا مشورہ دیں کسی ڈاکٹر کو چیک کروا لوں یا پھر کوئی خوراک بتا دیں جو استعمال کروں۔۔
 See less"
457,السلام علیکم دوستوں أج دسویں دن ہے میرا چیلنج کا لیکن چہرے پر بہت گندے کالے اور سرخ نشانات بنے ہے کیا ایک مہینے میں ریکور ہو جائیں گے
458,"ASSALAM O ALIKUM 
Kiya hal HA bhai jan
Plzzz meri koi help kry mein 2021 sy masturabtion krty arha ho mein sharminda hoo mein iss sy chutkara hasil krna chhta hoo plzz koi mri help kry mujhy churwae iss sy plzz Allah ajre azem ata frmye Ameen plzz reply zoaror krye sab Jazakllah."
459,Asslamualaikum mein 5.6 saal mashat zahni wali adat mein mubtalh rha ho abi maine pki toba krli hai meri age 26 hai is adat sy mujhe ye noksan hua hai ky ik toh meri sehat buht kamzoor hogai hai dosara jo mera nafs hai is pr uppr wali side pee ik seedi naad nikl e hai matble uppr nazar ati hai lambi c or mujhe 3 month hogye hai maine koi mashat zahni ni ki or na hi koi porn videos dkhi or bki mujhe ihtalam mujhe hota rha hai khud hi masla ye hai ky next year meri shadi b hai plz mujhe guide kry ta ky mein recover ho jao See less
460,"اسلام علیکم 
میرا منگنی ہو چکی ہے ایک سال ہوگیا اب میں یہ منگنی حتم کرنا چاہتا ہوں کیونکہ میں شادی کے قابل نہیں ہوں کسی لڑکی کی زندگی حراب نہ ہو جاے میری وجہ سے اب میں کیا کروں اگر انکار کرتا ہوں تو گھر میں مزید پریشانی بڑھ سکتی ہے اور میرا عزت بھی حراب ہو جائینگی اور لڑکی والوں کی بھی مشورہ چاہیے اپکا"
461,"Sir mara chàlngé ka aj 13 din ha lkn Kal mà na sbo sawàra oth k lobia ki dall kha li ós k bad mujy patlà pat ma Dard Hona lag gày dócter k pas gyà Ono na bola k ya gas ha lkn os sa mujy aram ni hova kia ya mb chornà ki wajah sa ha àsà Dard hota ha jasa pat ma koi zaham hovà ho abi tora aram ha lkn kia yà mb chorna ki wajah sa ha pleaße rhnúmai formày day.......
.....
,.....
.....
...,
 Or sir jàb ma chotà pésab krtà ho to Jo nafß ki ragày hn on ma dard hotà hà àsà kio hóta ha .....pléase gvade kr day See less"
462,الحمدللہ اج 15 دن ہو گئے ایک عجیب سی فیلنگ ہو رہی ہے ابھی تک 15 دن ہو گئے مجھے کوئی بھی فرق نہیں پڑا مطلب پہلے تھا ویسا اب بھی ہے مطلب کوئی بھی فرق نہیں پڑا ہے پہلے جیسے میں ایک دن میں تھا ویسے اج 15 دن میں ہے تو میں ویسے کا ویسا ہوں
463,"""Jumma Mubarak 
Aaj Surah Al-Kahf zaroor parho — yeh Jumme ka khaas amal hai.
Allah humara yeh din qubool farmaye. Ameen"" See less"
464,"میں جانتا ہوں کہ پورن اور ماسٹر بیوشن چھوڑنا کتنا مشکل ہوتا ہے۔ میں نے بھی کئی بار  کوشش کی، تب جا کر کامیابی حاصل کی۔ میں یہ بھی جانتا ہوں کہ یہ عمل کتنا پریشان کن ہو سکتا ہے، اور دوبارہ پورن، ماسٹر بیوشن شروع ہو جانے پر انسان کتنا مایوس اور دل برداشتہ محسوس کرتا ہے۔ جو شخص یہ چھوڑنے کا فیصلہ کرتا ہے اور اس کے لیے مسلسل کوشش کرتا ہے، وہ کمزور نہیں بلکہ ایک ہیرو ہوتا ہے، کیونکہ وہ ایک بہت مشکل کام کر رہا ہوتا ہے۔ اسی لیے میں آپ کے ساتھ چند مشورے شیئر کرنا چاہتا ہوں جو یہ چھوڑنے میں مددگار ثابت ہو سکتے ہیں۔
پہلا مشورہ: پہلے سے خوفزدہ نہ ہوں
بہت سے لوگ صرف اس خوف کی وجہ سے یہ چھوڑنے کی کوشش ہی نہیں کرتے کہ اگر وہ پورن دیکھنا اور ماسٹر بیوشن چھوڑ دیں گے تو ان کے ساتھ کیا ہوگا اور وہ کیسا محسوس کریں گے۔ کچھ لوگ جب چھوڑنے کا فیصلہ کرتے ہیں تو اتنا گھبرا جاتے ہیں کہ خوف کی وجہ سے اپنی علامات کو حقیقت سے زیادہ شدید سمجھنے لگتے ہیں۔ یہ عمل شروع میں مشکل لگ سکتا ہے، خاص طور پر اگر یہ آپ کی پہلی کوشش ہو، لیکن گھبراہٹ صورتحال کو مزید مشکل بنا دیتی ہے۔ جب آپ اس مرحلے سے گزر جائیں گے تو آپ کو احساس ہوگا کہ یہ اتنا خوفناک نہیں تھا جتنا آپ نے سوچا تھا۔
دوسرا مشورہ: ""صرف ایک بار "" جیسی کوئی چیز نہیں ہوتی
بہت سے لوگ سوچتے ہیں کہ وہ صرف ایک ایک بار کر  سکتے ہیں یا صرف ایک بار پورن دیکھ سکتے ہیں، لیکن یہی ایک بار  انہیں دوبارہ اسی عادت میں مبتلا کر دیتا ہے۔ یہ نہ سوچیں کہ دوسرے لوگ تو قابو نہیں رکھ سکے لیکن آپ رکھ لیں گے۔ پورن  ایک ایسی نشہ آور چیز ہے جو صرف دس سیکنڈ میں دماغ تک پہنچ جاتی ہے اور دوبارہ لت کو جگا دیتی ہے۔
تیسرا مشورہ: جسمانی سرگرمی بڑھائیں
ورزش اور جسمانی سرگرمی یہ سب  چھوڑنے کی علامات کو کافی حد تک کم کر سکتی ہے۔ جب میں یہ لت چھوڑ رہا تھا تو میں نے صبح ورزش اور ہر شام واک کرتا تھا۔ کر روز 10 ہزار سے زائد قدم چلا  اس سے خواہش پر قابو پانے اور بہتر نیند لینے میں مدد ملی۔ ضروری نہیں کہ آپ واک ہی کریں؛ آپ سائیکل چلا سکتے ہیں، پش اپس، اسکواٹس یا دوڑ بھی لگا سکتے ہیں۔ مقصد یہ ہے کہ جسم متحرک رہے اور دل کی دھڑکن بڑھے۔
چوتھا مشورہ: خواہش کے وقت خود کو تھوڑا وقت دیں
جب پورن دیکھنے یا ماسٹر بیوشن کی شدید خواہش ہو تو فوراً یہ نہ سمجھیں کہ آپ کو لازماً کرنا  چاہیے۔ ہو سکتا ہے آپ کو بھوک لگی ہو، پیاس لگی ہو، یا کچھ میٹھا کھانے کا دل کر رہا ہو۔ جب craving آئے تو خود سے کہیں کہ میں اگلے 20 سے 30 منٹ تک انتظار کروں گا۔ یہ ہر شخص کر سکتا ہے۔ اگر آپ 30 منٹ نہی دیکھیں گے نہ تو کچھ برا نہیں ہوگا۔ نہ آپ مر جائیں گے اور نہ آپ اپنا ذہنی توازن کھو دیں گے۔ زیادہ سے زیادہ یہ ہوگا کہ آپ کچھ دیر بے آرام اور گھبراہٹ محسوس کریں گے۔
اس دوران آپ:
1۔ باہر جا کر چہل قدمی کریں
2۔ ایک سیب کھائیں
3۔ ٹھنڈا پانی پیئیں
4۔ ٹھنڈا شاور لیں
5۔ کوئی اور مثبت سرگرمی کریں
آخری بات
بری عادت کو اچھی عادت سے بدلیں۔ ہر بار جب آپ craving پر قابو پاتے ہیں، آپ اپنی آزادی کی طرف ایک قدم بڑھاتے ہیں۔ وقت کے ساتھ یہ خواہش کمزور پڑتی جاتی ہے، اور آپ پہلے سے زیادہ مضبوط محسوس کرتے ہیں۔ See less"
465,"مجھے اپ لوگوں سے ایک مشورہ چاہیے میں جب کی پیڈ موبائل استعمال کرتا رہتا ہوں تب تک میرا چیلنج ٹھیک ٹھاک چلتا ہے اگر میں کی پیڈ موبائل چلاؤں تو میرے تین مہینے چار مہینے تک میں صحیح رہتا ہوں لیکن جب میں چار مہینے کے بعد ٹچ موبائل کو استعمال کرنا شروع کر دوں تو میرے لیے پھر یہ چیلنج ٹوٹ جاتا ہے میں نے اپنی زندگی میں تقریبا  سات ٹچ موبائل لیے تھے اور ساتو بار میں نے وہ ٹچ موبائل بیچے باوجہ یہی پورن اڈکشن اب پھر میرا چیلنج اج ٹوٹ گیا ہے تو مجھے بہت افسوس ہو رہا ہے کہ اگر میرے پاس کی پیڈ موبائل ہی ہوتا تو میں اس چیلنج کو نہ توڑتا ہوں اپ سوچ رہا ہوں کہ اپنی اس ٹچ موبائل کو جا کر صبح مارکیٹ میں بیچ دوں گا اور پھر سے کی پیڈ موبائل کو استعمال کروں گا 
 تو کیا کرنا چاہیے مجھے See less"
466,Aslaam u alikum.meri shadi ko 3 mah ho gy hain aj miem ny test krwaya hai 10 saal mestrubtion ki hai.shadi k bad nhi ki please report check kr k bta dy sperm ka zaida issue hai kia mn buht preshan hon
467,stable or fit honey k bawood parent agar 32 sal tal baty ki shadi me intereste na le to . to kya karain
468,Aoa Meri Timing Bilkul zero Hy only touch karty he discharge ho jata ho or just second time me Thora SA time lag jata second round me satisfied ho lekin 1st me kabhi bhi sai ni hua kia karo kaisy theek ho skti ye ku Kay har bar 2 2 dfa kar Kay bht weakness aa Gai Hy es liay exercise bhi krta ho kegeal wagara bhi lekin ap ye kah lay Kay sensitivity bht zada Hy es ko kaisy Kam kia ja skta koi oil ya Kuch any thing plz suggest me
469,"Aoa bhai meri shadi ko hafta hogaya hai. 
Is se pehle meine kabhi zina ya kisi larki k sath mubashrat nahi ki. Aik msla darpesh hei jispr apki rehnumai chahiye. Mein bivi k paas 3-4 martaba gaya hu. Aur hr dfa jese hi dakhul krta hu farigh hojata hu. Agar dakhul kr bhi loon to maximum 3 4 seconds mein hi farigh hojata hun. Meri shadi ko hafta hua hai jiski wajah se sharmindgi uthani parthi hei biwi k samne. Pls bht preshan hu tamam guide krein. Shadi se pehle bht zayada nahi lekin hp and porn dekha zrur hei. Aur usmeim timing normal thi. Baki erectyle disfucntion ka bhi koi issue nahi hei bs aik yay issue hei pls help kia kru See less"
470,"کیگل ایکسرسائز کے فوائد بتائے ۔۔
کیگل ایکسرسائز کیسے کریں 
۔یہ ہے کیا مکمل تفصیل لکھیں 
مہربانی ہو گی 
Admin Approved this post Thanks thanks"
471,"HP ni karta or na x vid b bilkul ni dekhta, without in k b releasing ho jati kbhi kbar or drop b
pr ak dar hai shadi ki pehli raat or shuroo k dino ka k entr kiaay bina ho agr ..
Mujy 100% lagta hai k pas jaty hi wo sab kiaay bina ho releasing ho jani hai
To me wife se kya kahoo ga kesy manag ho ga
Pls jin ki shadi ho gai hai wo rehnmai kr den 
Khul kr btaay pls Mujy samjy me kya kehna puchna cha ra hon
Me bohaaat tension me hon See less"
472,"آلسلام علیکم۔۔۔
کے بعد عرض ہے کہ میں خیریت سے ہوں۔
اور امید کرتا ہوں آپ سب بھی ٹھیک ہونگے۔
اللہ کا شکر ہے۔ آج چیلنج کو 48 دن ہو گۓ۔
گزارش یہ ہے ایک ضروری سوال یہ پوچھنا تھا۔
کہ ان 48 دنوں کے دوران مجھ سے 2 بار غلطی ہوئ۔
کہ 2 بار بیوی سے ویڈیو کال پر میرا موڈ بننے لگا۔
مگر خود کو مشکل سے کنٹرول کر لیا۔۔۔
دونوں دفعہ ہاتھ لگاۓ بغیر ہلکے معمولی شاید 1 یا 2 قطرے خارج ہوۓ ہونگے۔۔۔۔ کیا ایسا اگر ہوا ہوگا۔۔۔۔۔۔۔۔۔تو کیا
میرا چیلنج ٹوٹ گیا ہے۔۔۔۔۔۔
۔۔۔۔۔۔۔۔۔۔۔۔۔۔۔۔۔۔۔۔۔۔۔۔۔۔۔۔۔۔۔۔۔۔۔۔۔۔۔۔۔۔۔۔۔۔۔۔۔۔۔۔۔۔۔۔۔۔۔۔۔۔۔۔۔۔۔۔۔۔۔۔۔۔
مذید یہ پوچھنا ہے کہ میں کوئ بہت زیادہ اچھی خوراک بھی نہیں کھا رہا بس نارمل  سادہ صبح بھی روٹی کھاتا ہوں اور شام کو بھی بس۔۔۔۔۔۔۔۔۔۔۔۔۔۔۔۔۔۔۔۔۔۔
پہلے سے میں بتایا ہوا ہے کم و بیش 17 سے 18 سال اس لت میں مبتلا رہا ہوں۔۔۔۔۔۔۔۔۔۔
براہ کرم راہنمائ فرمائیں۔۔۔۔
کیا بلکل سادہ کھانے کی روٹین سے بھی ریکوری ہوجاۓ گی۔۔۔۔۔۔۔۔۔۔۔۔۔۔۔۔۔۔۔۔۔۔
اللہ کی رضا کے لیۓ بہتر راہنمائ کریں۔۔۔۔۔۔۔۔
میں عام سا مزدوری کرنے والا عام مزدور بندہ ہوں۔۔۔۔۔۔۔
ہلکے مزدور کے بجٹ کے حساب سے 
سستا سا حساب لگا کے کوئ طاقت والی خوراک بھی تجویز کریں۔۔۔۔۔۔۔۔۔۔
میری دماغی کمزوری بھی زیادہ ہے اور چھوٹے چھوٹے مسائل پر بہت پریشان ہوجاتا ہوں۔۔۔جسم بھی کانپنا شروع ہو جاتا ہے۔۔۔
بہت مہربانی ہوگی میری ہر اس بندے سے گزارش ہے
 ہر وہ بندہ جو میری پوسٹ پڑھے
میری مدد کریں۔۔۔۔۔۔۔۔۔ See less"
473,"میں اپنی زندگی میں تین کام غلط کرتا تھا جنہیں میں چھوڑنا چاہ رہا تھا 
1۔  پورن اور سیکسویل ویڈیوز دیکھنا اسے اب چھوڑ چکا اور اب دل بھی نہی کرتا اسے دیکھنے کو 
2۔ ماسٹر بیوشن اسے بھی چھوڑ چکا مجھے بھروسہ کہ دوبادہ اس لت میں میں پڑوں گا 
3۔  نسوار رکھنا 
ایک مہینے ہونے ہو ہے جب سے کوشش کو رہا ہوں اب تک 3/4 چھوڑ چکا پر اب یہاں رک سا گیا ہوں 
بہت ظالم چیز ہے یہ یار پورن اور ماسٹر بیوشن سے بھی زیادہ پر مجھے خود پر اور اپنے اللہ پر بھروسہ ہے انشاللہ اس سے بھی جان چھڑوا لونگا 
میں ہر ٹایم نسوار رکھتا تھا اگر تھوکتا پھر رکھ لیتا پر اب صبح پہلی دفعہ نہا کر ناشتہ کر کے اس کے بعد رکھتا ہوں مثلاً 4 30 پر اٹھتا ہوں اور 8 بجے پہلی دفعہ پھر 10 بجے اور پھر 3 بجے ویسے میں بہت تکلیف میں ہوں پر کوشش کر رہا ہوں 
دعاؤں میں یاد رکھنا 
نسوار نہ رکھنے پر دماغ سن ، جسم سست ، بے چینی ، سوچ  رک جاتی ہے نیکوٹین ظالم چیز ہے ہم کہتے تھے کہ نشہ نہی ہے پر یہ ہے 
سکرین شاٹ نو فیپ کا ہے See less"
474,"Admin plz approve serious condition hai 
Assalamualaikum. Meri عمر 
27 saal hai. Mujhe ek sexual issue ki wajah se bohat tension ho rahi hai aur main mashwara chahta hun.
Meri situation yeh hai:
Main ne ab tak real sex nahi kiya.
Jab main kisi larki ke sath physically close hota hun to erection proper strong nahi hota ya jaldi soft ho jata hai.
Lekin normal days mein erection aa jata hai.
Masturbation ke waqt full erection hota hai.
Sirf imagination ya mobile par nude content dekhne se bhi erection ho jata hai.
Hath se stimulate karun to erection aa jata hai, lekin stimulation rok dun to jaldi down ho jata hai.
Real meetup ke waqt anxiety aur pressure feel hota hai.
Mujhe darr hai ke kahin mujhe erectile dysfunction to nahi.
Kya yeh performance anxiety ho sakti hai ya koi medical issue lagta hai? Kisi ko aisa experience hua ho to please guide karein. Shukriya See less"
475,Asalamu alikum Mera nafs ka masla kafi ziyada Karab han boht pareshan b ho shadi shuda ho must zani kar kar ke nafs bilkul sukar gaya han timing zero han sabse bari bat ye han nafs bilkul tera ho Chuka han seda Kara nahi hota please koye Bhai elaj Bata de
476,"بتا نہیں بھائی یے ہے کیا ہر بار خود سے وعدہ کرتا ہوں کہ اج سے نہیں کرونگا لیکن ہر بار ، بار بار وہیں بات 
میرے تنہائی میرے دشمن ہے اور میرے پریشانی میرے تنہائی کے ساتھی اور ان دونوں میں سکون کے لیے میرا اور کوئی راستہ 
 اب تو دنیا کے رنگ دیکھنے باقی ہے ، گھر والے باتوں باتوں میں تانی دیتیں ہے کجھ کرو کجھ گھر میں لاؤ ، اور میں یونیورسٹی بی جاتا ، اگر اسے وہ بند کردو تو بھی گھر والے راضی نہیں ، اور ناہی میرا پاس کوئی ہنر ہے ، بس گھر والے باتوں باتوں میں تانی دیتیں ہیں ، ہا ان باتیں ٹھیک بھی ہیں آخر کچھ تو کرنا ہی ، اور مجھے لاڈ پیار پالا گیا تو کوئی ہلکا کام کرنے میں شرم محسوس ہی ، بس اس دائرے میں بنھسا ہو اب تو بس میرے پاس صرف پریشانی ہے ، اور پریشانی میں سکون کے لیے م۔ش۔ت ز۔ن۔ی اور بس 
اب تو اللہ ہی مالک ہے
میں سلام پیش کرتا ہو ان بھائیو کو جو اس لت سے آزاد ہیں
اور میں یے پوسٹ لکھ رہا ہو رات کے 1:00 
کیو ک میرے امتحانات ہیں یونیورسٹی کے اگر فیل ہوگیا تو اگلے دو مہینے بتا نہیں کیسے گزاریں گے
اور شادی تو میرا بس خواب ہی رہی گا اگلے دس سالوں تک See less"
477,"نو فیپ چیلنج شروع کرنے والے بھائی اکثرو بیشتر ایک سوال ضرور پوچھتے ہیں ۔ 
"" میں کتنے عرصے میں ریکور ہو جاؤں گا ۔۔۔۔ ؟؟؟""
اس سوال کا سو فیصد یقینی جواب دینا ، بہت مشکل ہے۔ کیونکہ ہر انسان کا ریکوری ٹائم دوسرے سے مختلف ہے۔ بس ایک مثال ذہن میں رکھیے کہ ایک عرصے تک کپڑا اگر گندا رہے ، تو اس کو صاف کرنے میں بھی محنت لگتی ہے ، وقت لگتا ہے ، لگاتار کوشش لگتی ہے ۔ ۔۔۔۔ داغ کی عمر اگر کم ہو یا وہ تازہ ہو ، تو صاف بھی آسانی سے ہو جاتا ہے۔ 
اسی طرح ہمارے دل جو ایک عرصے سے زنگ آلود ہیں، جن پر کئی سالوں سے گناہوں کی میل چڑھی ہوئی ہے ،کیا یہ ایسے ہی اتر جائے گی۔۔۔۔۔۔ بنا کوشش کئے ۔۔۔۔۔بنا تھکے ۔۔۔۔۔بنا وقت لگائے؟
دلوں کو اُجلا کرنے میں تو ساری زندگی لگتی ہے ۔ تکلیف بھی آتی ہے ، آزمائش بھی ملتی ہے ۔ صفائی کے اس عمل میں، سخت محنت بھی لگتی ہے اور تھکاوٹ بھی ہوتی ہے ۔۔۔ پر کرنا تو ہے نا ۔اسکے بنا تو کوئی چارہ ہی نہیں۔ورنہ گندے دلوں میں ایمان کا نور کیسے چمکے گا۔ گندے دل اللہ کو کیسے دکھائیں گے ۔ایسے دل کے ساتھ اللہ کی راہ پر کیسےچلیں گے۔ ان دلوں کو ہی تو صاف کرنا ہے۔ اسی میں فلاح ہے۔ چھ فٹ کے اس لمبے چوڑے وجود میں سے اس دل ہی کو تو اللہ دیکھتا ہے...!! ہم چلے ہیں اللہ کو راضی کرنے تو کیا اتنی آسانی سے شیطان سے ہار مان لیں گے ؟ نعمت جتنی بڑی ملنے والی ہے ، کوشش بھی اتنی مضبوط ہونی چاہیے۔
اپنے دلوں کے میل کو قرآن کی روشنی سے دھوئیں ۔ اللہ کی یاد سے روشن کریں ۔ جنت کی طلب اور تڑپ سے دل کو لبریز کریں اللہ کے نور سے دلوں کو جگمگائیں!!
جب دل صاف شفاف ہو جائے گا اور توبہ قبول ہو جائے گی تو اللہ کا قرب ملے گا۔ اللہ کی رضا ملے گی۔ وہی رضا جسے جنتیوں کے لیے بھی سب سے بڑی نعمت کہا گیا ہے۔ جنت میں اللہ پاک اپنے بندوں کو جو سب سے بڑی نعمت عطا فرمائیں گے، وہ اللہ رب العزت کی ہمیشہ رہنے والی رضا ہی تو ہوگی۔ 
اے ﷲ! ہمارے دل میں نور ڈال دے۔ یا اللہ ہمارا ہر معاملہ سلجھا دے۔
ہمارے رزق کے راستے میں ہر طرح کی رکاوٹ دور فرما دے۔ 
ہماری گھریلو اور معاشرتی زندگی میں امن وسکون اور عزت و محبت عطا فرما دے۔
یا رب ہم پر کرم فرما کر ہم سے ہمیشہ کے لئے راضی ہو جا۔ ہمیں تمام گناہوں سے معافی عطا فرما دے۔
جتنے بیمار ہیں ان سب کو شفا کاملہ و عاجلہ عطا فرما دے۔
یااللہ ہم سب کو اپنا قرب اور توبۃ النصوح نصیب فرما دے۔ 
آمین ثمہ آمین یا رب العالمین See less"
478,السلام علیکم یار میں بہت پریشان ہوں میں نے ایک حکیم سے دوائی لی تھی جس میں محجون اور گولیاں تھی وہ میں نے کھائی تو اس کے بعد میری ٹانگوں نفس اور ٹیسٹیز پر دانے نکل ائے اور خارش میری جان نہیں چھوڑ رہے میں کیا کروں یہ ٹھیک ہو جائیں
479,"اسلام وعلیکم دوستو
دوستو آج میں ایک بات ان دوستوں کو بتانا چاہتا ہوں جنہوں نے میری طرح نو ، دس سال م ش ت ز ن ی کی اور اب شادی سے ڈر رہے بھائیوں حلال حلال ہے حرام سے توبہ کرو اور نکاح کرو پہلے میں بھی سوچتا تھا کہ شادی کروں گا تو مجھ سے تو کچھ نہیں ہو پائے گا الحمدللہ جب سے یہ گروپ مجھے ملا میری کافی رہنمائی ہوئی شادی سے پہلے تین چار مہینے چیلنج شروع کیا پھر شادی کر لی الحمدللہ میرا اب ایک بچہ بھی اور اب پہلے سے صحت بھی بہتر ہو گئی اور وزن بھی بڑھ گیا اور جس بھائی کو کوئی بھی سوال پوچھنا ہو تو کمنٹ میں پوچھ سکتے ہیں نعمان بھائی اور باقی تمام بھائیوں کا شکریہ جو میری پوسٹ پر کمنٹ کے ذریعے رہنمائی کرتے تھے See less"
480,اسلام و علیکم میری عمر 22سال ہے 10 سال مشت زنی کی ہے ان دس سالوں میں رمضان  میں چھوڑ دیتا اور عام دنوں میں روزانہ 3 مرتبہ چار مرتبہ بھی سب سے پہلا چیلنج 137دن پر ٹوٹا پھر 3چیلنج 10 دن کے اب چیلنج 93دن پر جا رہا ہے میرا مسلہ اب یہ ہے کہ کمزوری بہت زیادہ ہے ہاتھ کانپتے ہیں جسم کانپتا ہے اور احساس کمتری کا شکار ہوں کے کبھی باپ نہیں بن سکوں گا باقی اریکشن نفس کا سائز سب ٹھیک ہے ٹایمنگ 1منٹ ہے
481,"اسلام علیکم پیارے دوستو امید کرتا ہوں کہ سب خیر و افیت سے ہوں گے ۔
میں ان نوجوانوں کے لیے آج دل سے لکھ رہا ہوں جو اس لت کا شکار ہو چکے ہیں ۔
یہ مسلہ ہر نوجوان کے ساتھ ہے  پر ممکن ہے کہ بندہ اس لت سے جلد از جلد اپنی جان چھڑا لے ۔
میں خود بھی اس لت کا شکار تھا ۔
میری شادی  ہوئی اور میرا تھوڑا کنڑول اس چیز پر ہوا لیکن جب عادت پڑھ جاۓ پھر اس کے لیۓ بہت بہت محنت کی ضرورت ہوتی ہے۔
پہلے مجھے اس گروپ کے بارے میں بلکل بھی پتہ نہیں تھا پتہ ھوتا تو میں کب سے اس لت سے آزاد ہو چکا ہوتا ۔میری بیوی کے چار سال بعد وہ اللہ کو پیاری ہو گئی اور پھر کچھ وقت بعد میری دوسری شادی ہو گئی اس کے ساتھ بھی بہت اچھا وقت گزرا لیکن میں اس لگی ہوئی عادت لت سے نا چھوٹ سکا ۔۔
اللہ کا کرنا ایسا ہوا کہ وہ بیوی بھی اللہ کو پیاری ہو گئی ۔
پھر میرے گھر والوں نے میرے لیے تیسرا سٹیپ لیا اب میری تیسری شادی ہو چکی ہے لیکن پہلے پہل شادی کی شروعات میں بھی میں اس عادت کا عادی تھا اس سے انسان کو جو نقصانات ہوتے ہیں وہ لکھ رہا ہوں 
انسان کی اصل صورت کا بگھڑ جانا رنگت میں بہت ساری تبدیلیاں آپ 20 سال کے ہو کر 30 کے لگو گے ۔
چھڑچھڑا پن ۔بات بات پر غصہ ہو جانا ۔تنہائی کا شکار ہو جانا 
بالوں گا گرنا ،بالوں میں سفیدی۔
شادی کرنے کا ڈر کہ مجھ سے کچھ ہو پاۓ گا بھی یا نہیں ۔
ڈپریشن کا شکار ۔بات بات پر گالم گلوچ 
اگر شادی ہو بھی جاۓ تو ویسی لزت سکون انسان کو لڑکی میں نیہں ملتا جتنا پہلی اس عادت کی لزت ہو ۔
پھر شادی کے بعد کے لڑائی جگڑے۔
بہت سے نقصانات ہیں پیارے دوستو مشت زنی کے 
آج سے پکا ارادہ کرلو کہ آج کے بعد نفس کے خلاف جہاد کریں گے ۔
اور یے سب آپ کر سکتے ہو دوستو دیر کس بات کی 
آج سے اپنے رب کو راضی کرو اپنا چیلنچ شروع کرو 
اور شیطان گمراھ کے راستے کو چھوڑ دو کامیاب ہو جاؤ گے ۔
اور ایک اہم بات یہ مشت زنی آپکے دماغ کو دھیمک کی طرح چاٹ رہا ہے ۔اور ھم لوگ سمجھ نہیں رہے سب کو اللہ پاک ہدایت دے ۔
آپکا پیارہ پھائی ۔
عاصی وسلام See less"
482,Mera 65 days tak chanllage chalta raha r pir toot gia. Kafi improvement ayyi har lahaz sy. Dobara challange 90 days kron tu improvement a sakti hy kia? Gauide me experts . Thanx
483,Muje pata ye bat yha nhi karni chahyi lekin insaniyet ke nate muje guide karna group se mat niklna mera masla ye ha ke me jab bhi dhoop ya garmi me kam karta ho to zayda deer kam nhi kar sakata jase mazdori wegara nhi kar sakta mera dimag phatne lagta ha sir me dard hota bhut pershan ho ho bhi gareeb agar kam nhi karo ga to gahr nhi chale ga
484,السلام علیکم گروپ والوں کیسے ہو اچھا میں یہ پوسٹ کر رہا ہوں غور سے پڑھنا سب دوست میری ابھی چار دن پہلے شادی ہوئی ہے شادی سے پہلے میں نے بہت زیادہ مشت زنی کی ہے لیکن اب الحمدللہ بالکل ٹھیک ہوں جو ڈر خوف تھا سب ختم ہو گیا شادی کے بعد یقین مانے شادی کی رات مجھے اتنا ڈر تھا میرا اندر دل کہہ رہا تھا کہ اپ شادی کے پہلے دن ایک دو دن تو اپ کچھ بھی نہیں کر پاؤ گے لیکن یہ صرف ڈر تھا جیسے میں اس کے پاس گیا میں نے اپنے اپ کو فٹ پایا لیکن ایک بات ہے شادی سے پہلے میں نے چیلنج کمپلیٹ کیا تھا اٹھ نو مہینے کا ایک ان شادی سے ہفتہ پہلے ٹوٹ گیا تھا پھر میں نے دوبارہ شادی کر لی تو میں اپ لوگوں سے یہی کہوں گا کہ جتنا جلدی ہو سکے شادی کر لیں یہ بہت خاص رشتہ ہے اور حلال میں برکت ہے  اور میں ان میں سب میں نعمان بھائی کا سپیشل شکریہ ادا کرنا چاہوں گا نمان بھائی بہت مہربانی اپ نے بہت ساتھ دیا ہمارا اخری میسج انسان کا سر ڈر ہوتا ہے کہ میں کچھ نہیں کر لوں گا نکاح کریں شادی کریں انجوائے کریں اور کوئی سوال ہو تو کمنٹ میں مجھ سے پوچھیں See less
485,"assalamualaikum bhai, aik dafa 48, 35  aur aaj pir 7 din ka challenge jari he but aik masla he, jab b rath kho muje ihtelam hota he to koir khas maza nahi ata he aur jalan b hoti uzo khaas tansil me, please koi help karde Meri Kya waja he, maza bilkol b nahi ata he."
486,یا اللّٰہ ہم سب کو مشت زنی جیسے ذلت سے بچائے
487,"Alhumdulillah 
 AJ mare challenge ka 36 din hogye mare age 18 hain pechle taqriban 6 saal sa main is gunah ma mubtilah Raha hoon lakin Mera waight musalsal barh Raha tha 70 kg tak gya ha lakin last 2 year sa jab sa main na challenge start Kia ha Kam horaha or ab 58 hogya ha or musalsal kam hi hora ha ab hisab Laga lakin Ramzan ki bad Mera waight 61..kg tha yar 
 Kam bi skht ha or weight bi gain ni hora"
488,"Rasool Allah ﷺ ne farmaya:
""Meri ummat ke liye din ke shuru ke hisse (Subhu) mein barkat rakhi gayi hai.""
(Tirmidhi)
Assalam-o-Alaikum! Allah aap ke rizq aur waqt mein barkat ata farmaye. See less"
489,"اپنی پرانی عادات، منفی سوچ، اور کمفرٹ زون (comfort zone) کو جان بوجھ کر ختم کرنا تاکہ آپ ایک بہتر انسان بن سکیں. اگر آپ نے خود کو نہیں بدلا، تو آپ کے پرانے انداز اور طرزِ زندگی آپ کے مستقبل اور ترقی کو برباد کر دیں گے.
چیلنج شروع کرنے سے پہلے پہاڑ لگتا تھا ، جب شروع کیا تو بہت مشکل لگا پر سیکھنے اور عمل کرنے کے بعد اب میں اس کو چیلنج نہی لائف سٹائل کہتا ہوں اور بالکل نارمل لگتا  ہے 
الحمدللہ خوشی اس بات کی نہی کی 90 دن کا چیلنج پورا ہو پر اس بات کی ہے کہ بری عادتوں سے نکل چکا اور اپنی اصل والی زندگی جینا شروع کیا 
کہنا بس یہی ہے کہ یہ زندگی جینے کا سٹائل کہ کوئی بہت بڑی سائنس نہی کرنا بس اتنا ہے کی ایڈمنسٹریٹر کی گائیڈنس پر عمل کرنا ہے ، صرف سوچنے سے کچھ نہی ہوگا عمل کرو گے تو کامیاب ہو جاؤ گے 
تمام ایڈمنز کا بہت بہت شکریہ جنہوں نے قدم قدم پر گائیڈ کیا موٹیویشن دی اور تمام ممبرز کا شکریہ جن لوگوں کو دیکھ کر میں نے یہ شروع کیا 
اللہ سیدھے راستے پر چلنے والا بنائے ، جو بھائی بھی کوشش کر رہا ہے اللہ اس کو کامیابی عطا فرمائے See less"
490,Asalam o alaikum bhayion aj AP se Kuch baten share krna chata Hoon mere challenge ko aj alhamdulillah 12 din ho gy hain wese to SB chl rha he lekin kbi kbar bhot sakht qisam ki shehwat ati he jese andar koi tufaan macha ho walk b krta Hoon exercise b lekin muje face book pe larkiyion ki normal pics dekhen ki adat ha na dekhoon tou Dil bechain hota he sb se bara msla ye he k Meri kahin job nhi lg rhi  me bilkul farig Hoon Dua b krta Hoon lekin Kuch farq ni prta ab me din ba din mayoos hota ja rha hoo alhamdulillah Kisi cheez ki kami nhi Jo cheez mangta Hoon Allah pak de deta he me apne ma baap ka aik hee sehi beta Hoon dusra Bhai mazoor hai bachpan se Ghar ka mahol b sakht ha hr waqt larai jhagray jis ki waja se muje zehni skoon nhi he depression anxiety ocd ye SB bimaraiyan hain muje koi dost b nhi he jis se dil ki baat keh skoo or pta ni muje aisa lgta he jese Mera dimagh kaam ni kr rha ya koi rohani msla he ya Kuch or Kuch smj ni ati Dunia dari kee koi smj ni he k sabzi kese laten hain hospital me kese check up waghera zada tar Ghar me hee rehta hoo FSC kia hova he AP log plz muje guide kren bhot meherbani hogee Ap logon kee See less
491,"السلام علیکم 
اگر تھوڑا ٹائم ہو تو یہ مکمل پڑھ لیجئے گا جزاک اللہ
زندگی میں اتنا بڑا چیلنج اج میں نے پہلی دفعہ کیا لیکن افسوس کی بات یہ ہے کہ یہ چیلنج اج میرا ٹوٹ گیا مایوس نہیں ہوں اللہ رب العزت کی رحمت سے لیکن دل رو رہا ہے کہ اللہ رب العزت ناراض ہو گئے ہیں اللہ رب العزت کو منانا اسان ہے اللہ تعالی مجھے اللہ کو منانے کی توفیق عطا فرمائے دعاؤں کی درخواست ہے اور یہ درخواست ہے کہ اس سے بھی زیادہ لمبا چینل میں لے کے جاؤں یہ میرا زندگی میں پہلی بار اتنا بڑا چیلنج مکمل ہوا تھا جو کہ ٹوٹ گیا ہے پھر بھی ہار نہیں مانی انشاءاللہ شیطان کی کمر توڑنی ہے انشاءاللہ اس غلاظت سے مکمل طور پر نکل جائیں گے اللہ رب العزت کی رحمت سے اللہ رب العزت کی مہربانی سے تمام احباب سے دعاؤں کو درخواست ہے
کسی بھائی کو سوال کرنا ہو یا رہنمائی لینے ہو مجھ سے بھی لاچک پوچھ سکتے ہیں انشاءاللہ اللہ کو حاضر ناظر رکھ کے میں سارے سوالات کے جوابات صحیح صحیح دوں گا See less"
492,السلام علیکم گروپ حضرات کیا حال ہے امید کرتا ہوں سب خیریت سے ہوں گے اچھا اپ لوگوں سے ایک سوال ہے کہ میں نے روز ایک عادت ڈالی ہے میں نے ارادہ کیا ہیں اج سے کہ میں روزانہ سو100 بار جمپ کروں گا حالانکہ میں نے صبح کیا ہے اور پھر میں نے ہاتھ سے اینٹ اٹھائے اوپر نیچے کیا 15 بار دائیں ہاتھ سے 15 بار بائیں سائیڈ سے تو کیا یہ میرا روز کا پلان ٹھیک ہے 90 دن تک یہی پلان ہے انشاءاللہ اور اپ اس کے فائدے بھی بتائیں کیا میں 90 دن تک ٹھیک ہو جاؤں گا اگر میں نے روزانہ پیلان فالو کیا ہاں ایک اور بات مشت زنی کی ہے 16 سال سے اب اس سے نکلنا چاہتا ہوں اس لیے میں نے یہ عادت روزانہ ڈالی ہے کہ میں جلدی اپنی حالت میں ا جاؤں 90 دن تک پلیز رہنمائی فرمائی See less
493,میں جب بغیر پورن دیکہے ماسٹربیشن کرتا ہوں تو میری ٹائمنگ 15 منٹ سے زیادہ ہوتی ہے۔ لیکن جب پورن دیکھ کے ماسٹربیشن کرو تو 30 سیکنڈ بھی ٹائمنگ بھی نہیں ہوتی۔ میری عمر 17 سال ہے اور چیلینج کو 21 دن ہو گئے ہیں۔
494,Assalamualaikum yar Bhai mujhy ahtlam bht horha ha kia kru kbhi kbhi 1 do din chor k y phr 3 4 Dan lgatar kia gond kteera khany sa sahi hojayga
495,"ایک طویل عرصے سے میں اس گروپ کا ممبر ہوں میں نے بھی چیلنج سٹارٹ کیا ہے الحمدللہ ثابت قدم بھی ہوں چیلنج مکمل کرنے کے لیے سب سے پہلے نماز کا پابند ہونا پڑتا ہے اور دوسری سب سے اہم چیز ایڈمن کی طرف سے حوصلہ افزائی 
ایڈمن کا ہر موقع پر صحیح نصیحت کرنا یہ بھی ایک صدقہ جاریہ ہے جس کا یقینا بہت اج اجر ہے
 اپنے چیلنج میں جتنی اپ خود کی حوصلہ افزائی کرتے ہیں ایڈمن ک کی بھی اتنی حوصلہ افزائی ہونی چاہیے"
496,"الحمدللہ آج 30 دم مکمل بہت اچھا فیل ہو رہا ہے آپ سب لوگ میرے لیے دعا کریں کہ اللہ پاک مجھے چیلینج میں کامیابی عطاء فرمائے
لیکن ایک مسئلہ بھی ہے کہ تھوڑے بہت گندے خیالات بھی آتے ہے اور تھوڑا بہت ارجز بھی تنگ کرتی ہے میں نے انشاء اللہ یہ چیلینج مکمل کرنا ہے۔۔
آپ لوگ میرے لیے دعا کریں جزاک اللہ خیرا"
497,Ma namaz be phr Ra hu jab sa challenge start Kia ha 43 dafa challenge end ho gy ha Kia karu ma tension ma hu ma
498,اسلام و علیکم ورحمۃ اللہ وبرکاتہ امید ہے سب خیریت سے ہوں گے الحمدللہ چیلنج کو 15 دن ہو گئے ہیں لیکن طبیعت میں کافی فرق ہے شدید غصہ چیڑ چیڑا پن سر درد کوئی بھی بات جو بری لگ جائے اس کو سوچتے جانا عجیب سی کیفیت ہے کچھ سمجھ نہیں آتی کیا کرو کدھر جاؤں کوئی ایسا بندہ ہو جو موٹیویٹ کرے مجھے سمجھائے مجھ سے بات کریں حوصلہ دے اور میرا ساتھ دے
499,Alhamdullilah 31 days ho gaya main aj apni 31 days ki journey share kroon ga main na jab challenge start kiya tu bahot muskil houi bahot bar releaps houa phela 5 din control rehta lakin 6 ya 7 din ko releaps ho jata 5 sa le kr 10 din bahot he muskil stage ha bahot muskil sa control hota ha Alhamdullilah us pa main na control kiya aur 11 sa 20 din main urges bilkul khatam ho gaya tha jasa sab kuch bejaan ho gaya ho matlab morning erection ho rhi thi lakin urges bilkul khatam ho gaya tha 21 din k bad thora thora urges ana lag gaya tha lakin Alhamdullilah control main ha ab koi bura kaam krna ka dil nahi krta aur bahot acha feel kr rha hoon kosish krta rhoo mera bahot bar releaps houa but main na haar nahi mani aur kosish krta rha Alhamdullilah ab muja apni manzil bahot qareeb nazar a rhi ha See less
500,Assalamu Allikum bhai December main shadi hai chalange start h kia mri ireection issue thik ho jye ga please btye m zehni tentin ka shikar hun bht
501,Shadi ko 1 mahina hova hai dakhol karte hi farig ho jata hon challenge bhi pora kiya koi hall btain
502,پیشاب رکھ رکھ کر آتا ہے پریشر سے نہیں آتا ۔ رپورٹ کروائی ہے بلکل ٹھیک ہے ۔ انفکشن بھی نہیں ہے ۔ گردے اور مثانے میں پتھری بھی نہیں ہے ۔ سب کچھ ٹھیک ہے ۔ لوگ کہتے ہیں مثانے کے اور پیشاب کی نالی کے پٹھے کمزور ہیں ۔ کیا یہ سچ ہے ۔ برائے مہربانی رہنمائی فرمائیں ؟
503,"اسلام علیکم
میرا آج کا سوال یہ ہے
کیگل ایکسرسائز کونسی بہترین ہے جو ویڈیو میں ہے جس کا لنک نعمان بھائ بھیجتے 
یا جو لوگ کہتے کہ اپنے مسلز کو کچھ سیکنڈ سکیڑیں اور پھر ڈھیلا چھوڑ دیں؟"
504,Assalam o Alaikum...meny 6/7 sal hand practice bhtt ki he..ab ja k mehsos hta he ghlti ki he..msla ab ye arha he.timing zero he sex me...aur ab aisy khud se erection bilkul ni ati...jesy nfs me kuch ho e na...preshani he kafi stand e nai hta aisy..agr hta h forn beth jata he...r many aik hfty se dry fruit ka juice lena shuru kr dia he subh ko...lkn halat wesi he..dimgh py yai btt sawar he...agy shadi hogi kia krun ga...dusri btt.walk b shuru ki hwi he 3sra din he aj...kuch bta dyn kia erection wala msla thkk ho jye ga.skhti aa jye g ya ab aisy e rahy ga...jazak Allah... See less
505,Bhai assalamualaikum ais ke bare me batao must zani se Kya Banda mout ki taraf jata ha me tu pehly wasaif ka Shekar hu ais ke read ke bad or dar gya
506,Age 17 Sperm bilkul jelly ki trah or color yellosh hugya h iska kya mtlab h or size bhi bta den 5 inch with erection or 1.5 inch kabhi kabhi aam tor pe
507,"السلام وعلیکم 
میرا 38 دونوں کا چیلنج کل شدید ڈپریشن کی وجہ سے ٹوٹ گیا۔
اس کا کوئی حل ہے ؟"
508,"Ajj mera 19th day hai, lakin last 3 days m mjy 3 dfa night fall hoa hai. Is 19 days m , m n koi pornography aur Masturbation naii k. Guide kry please."
509,"Hadith of prophet Muhammad (SAW)
#hadithoftheday 
#photographychallengechallenge See less"
510,Facebook par reels or video ka option kasy off krty hy har bar reel dekh kr challang tor leta hu phir khud ko kosta hu plz koi samjha day
511,"السلام علیکم امید کرتا ہوں سب بھائی خیریت سے ہوں گے میرا مسئلہ یہ ہے کہ میری شادی کو دو سال کا عرصہ ہو چکا ہے اللّه  پاک نے اولاد بھی دی ہے اور اس بری عادت کے بارے میں جو  بہت ساری معلومات ہیں اور اس کو ہرانے کے جنگ میں لگا ہوا ہوں اللہ پاک خیر کریں گے اور انشاءاللہ جو  ہمت دیں گے میرا مسئلہ یہ ہے اس سے بچنے کی تو کوشش کر لیتا ہوں لیکن میں ایک اور چیز میں پھنس چکا ہوں میں ایک پریشانی اور غصے کو کنٹرول کرنے کے لیے بھنگ کا استعمال کرتا ہوں لیکن تھوڑی سی مقدار میں کیا یہ میرے لیے صحت مند ہے یا نقصان ہے بعض اوقات اس سے میرا چیلنج ٹوٹ بھی چکا ہے برائے مہربانی سینیئر بھائی مجھے کوئی اچھا سا مشورہ دیں اس پوری لت سے ہمیشہ کے لیے جان چھوٹ جائے تاکہ میں ایک اچھے راستے پر اپنی زندگی بسر کر سکوں 
Thank you See less"
512,"اسلام علیکم
مجھے صبح اریکشن نہیں ہوتی کیا کروں؟ 
میری روٹین
صبح دو روٹیاں دہی کے ساتھ کھاتا ہوں 
اس کے بعد ڈیڑھ بجے تک پانی پیتا ہوں 
ڈیڑھ بجے دوپہر کا کھانا کھاتا ہوں 
اس کے بعد پانچ بجے ملک شیک کیلے کا پیتا ہوں 
اس کے بعد آٹھ بجے کھانا کھا کر ریسٹ کر کے سو جاتا ہوں 
تین وقت دن میں کیگل ایکسرسائز کرتا ہوں See less"
513,Kal bech pe gye  the bndo ko le k vd shot kely wha mhol ka to pta ha pir rat ko mjborn room chnge krna pra pilhy jis room me tha udar acha tha likn jase hi dosri jga pe aya rat ko brdsht kia subah nend se ut kar  pm krli hp nhi  krta. jb blnkt me kra huta ha to control nhi krpata ab kia wja hoskta ha rom chnge krne ki wja se sab brbad hogia pihly b is jga gunah hota tha ab jab dobra wapis aya to huwa 1 week udr acha tha kab b irada nhi bdla buria ki traf
514,السلام علیکم ورحمۃ اللہ وبرکاتہ امید کرتا ہوں سب خیریت سے ہوں گے میں نے مشن سٹارٹ کیا ہے کچھ عرصے بعد ٹوٹ گیا تھا ابھی دوبارہ سٹارٹ کیا ہے موٹیویٹ کریں میں فیملی پرابلمز کی وجہ سے تھوڑا جذباتی ہو جاتا ہوں اور اکثر ٹینشن میں رہتا ہوں گناہوں سے کافی دور ہوں نماز پڑھتا ہوں لیکن کچھ سمجھ نہیں اتی اکثر سر  درد پریشانی رہتی ہے جزاک اللہ اپنی رائے کا اظہار ضرور کیجئے
515,Assalamu Allikum bhai chalange acha ja rha hai please btyen Dec m shadi h kia mri recovery ho jye gi inxity b km hogi please or shahwat???
516,"پچھلے ایک ہفتے سے میں نے چیلنج رکھا تھا اج پھر ٹوٹ گیا پتہ نہیں کنٹرول نہیں ہوتا بہت پریشان ہوں اس سے قسم سے یار بہت پریشان ہو
اب میں کیا کروں اپنا موبائل بھیج دو یا کیا کروں کوئی ایسے طریقہ ہے یار اپ بھائی بتاؤ تاکہ میں اس اس بیماری سے میرا چھٹکارا پاؤں اب تین چار مہینے بعد شادی یہ پچھلے چھ سات سالوں سے میں بیکار کام میں مبتلا ہوں کہ کیا کروں یار پتہ نہیں بہت پریشان ہو قسم سے بہت رونا ا رہا ہے کہ پتہ نہیں میں کیوں ایسے ہوں"
517,"Hand practice ni karta 2 sal ho gaay hand practice chory  wife door hai to wife se bat karte releasing ho jati hai kya koi masla to ni hai
Hr tarha ki baty hoti hai wife se to kbhi kbar release hota hai or drop b aa jaty hn daily ni kbhi week bad"
518,"آج کا سوال
 کیا میسٹربیشن کرنے سے سپرم مردہ ہو جاتے ہیں؟ 
کیا بعد میں اولاد نہیں ہوتی؟"
519,بھائی میں اپ سب سے گزارش ہے پلیز میرا ایک مسئلہ سب بھائی اپنا اچھا مشورہ دے دیں میں کیا کروں میرا کوئی دوست نہیں بنتا میں جس کو بھی دوست بناؤں تو وہ پانچ سے سات دن میرے ساتھ بات کرتا ہے پھر اس کے بعد وہ مجھ سے بیزار ہوتا ہے میں یہ سوچتا ہوں کہ یہ میرے ساتھ کیوں ہوتا ہے لیکن ممیں تو بہت کمپرومائز کرتا ہوں اگر وہ مجھ سے پیسے مانگ لے جو بھی چیز میں اس کو دیتا ہوں لیکن میں یہ چاہتا ہوں کہ یہ میرا دوست ہو لیکن پھر بھی وہ مجھ سے لوگ بیزار ہوتے ہیں یہ کیا وجہ ہے See less
520,Koi group ka asa admin jis ko po*n addiction k bary mukamal jankari ho or shadi k bad kesy is chez sy bachna chahiye to plzz mujy comment kary taa k me jankari hasil kar sako
521,Bhai challenge ka aj 7 day hai aur thakawat aur neend bahut ziada arhi hai
522,Miny 9 sal mashzani kee or ab challenge ka 17 din complete honay Walee hy aj meny apni biwi sy phone pa bathi kee or Pani khod nekal gaya bena had k kia is sy challenge tot jata hy ya challenge ma koyee masla ata hy please guide mee or mera age hy 23 years
523,"Let's welcome our new members!
تلاشِ سکون
,
Muhammad Qasim Taimouri
,
Mustafa Sultani Sultani
,
Muhammad Bux Keerio
,
Muhammad Akmal
,
Asadullah Rauf
,
Balochi Shahzada
,
Kamran Khan
,
Saad Habib
,
Khan Arshad
,
Ch Kashif Basra
,
Azhar Ali
,
Assam Awan
,
Hani Noor
,
Bwo Bwp
,
Zubair Muhammad
,
Ahmad Mughal
,
Sarfraz Ahmad
,
Ayub Khan
,
Hafiz Hameed Dardmand
,
Izhar Ahmad
,
Mian Saood
,
Asif Marwat
,
Syed Muhammad Raza
,
Kamran Niazi
,
Fahad Malik
,
Xasam Àli
,
Abdul Basit
,
Ali Khan
,
رمضان انصاری
,
Hafiz Majid Mahboob
,
Jawad King
,
Rana Sunny
,
Nazakat Hussain
,
Amir Khan
,
Bunny Bou,
Ai Technologi
,
Katty Perry
,
محمد شہزاد
,
Mdzeshan Zeshan
,
Badshah Khan Wazeer Khan
,
Abdul Qadir Rihan
,
ہاشم رضا
,
Usama Ali
,
Awais Meher
,
Meera Baloch
,
Adnan Khan
,
Shazain Shazain
,
ابو اسرار
,
Shehzad Yousefzai
,
Abdul Rasool Jakhrani
,
ٹوٹا دل
,
M Iqbal
,
Tamacti Jun
,
Jasan Roi
,
Masoom Shahzadi
,
Muhammad Hamza
,
Tahir Nawaz
,
Pervez Shoro
,
Aliyan Ali,
Abdul Rab
,
Fazal Ur Rehman Awan
,
Rabi Ul Aziz
,
Bahawal Sher
,
Amir Sajjad
,
Shahid Shahid,
Urooj Shah
,
Mahar Imran
,
Zar Mudassar,
Sheharyar Saleem
,
Faraz Khan
,
HuzÂifä Mälik
,
Aysha BiBi
,
Ahsan Khan
,
Jamshed Alli
,
Asad Ullah
,
Javid Aryan
,
Shamas Bazmi
,
Zohaib Tariq
,
Kháßt Kœkø
,
Rubina Fhrhan
,
Afghan Khan AfGaan
,
Hajeebullah Hajeebullah
,
Abdul Haseeb
,
Suhail Khan Sami Khan
,
سفر حیات سفر حیات
,
Nadia Zahid Jutti,
Munib Mohsin
,
M. Hammad Mustafa
,
محمّد صدرالدین
,
A Samad Ogahi
,
Maryam Naaz
,
Tariq Javed
,
Muhammad Bilal Janjua
,
Aslam Ali
,
Sardar Hamza Yousaf
,
Ghulam Jan Malik
,
Shoaib Usman
,
Nawab Zada Mughal
,
Fazil Khan
,
Arshad Kamal
,
Fayaz Mughal
,
Muhammad Saqlain
,
Nisa Assd,
Abdullah Khan Bhatti
,
Amjed Ali Amjed Ali
,
M Shahid Waseem
,
Saoud Amin
,
Itx Haya,
Amjad Ali
,
Warisali Waris
,
Muhammad Bilal
,
عاطف چوھدری
,
Muhammad Hussain
,
Anees Khan
,
Gum Naaam
,
Perviaz Ali Gudaro
,
Huzaifa Rashid
,
Muhammad Imtisal
,
Shah Meer
,
Aryan Ali
,
Umer Farooq
,
Iqra Khan
,
Umar Wattoo
,
Adeel Ali
,
Wajid Ali Abro
,
Rao Rizwan
,
Ehtesham Ul Hassan
,
Hafiz Basit Abbasi
,
Zahid Safi
,
Hassan Khan
,
Talha Ikram
,
Ahmed Ahmedkhan
,
Adeel Ahmed
,
Ikram Kami Ikram Kami
,
Mustufa Waheed
,
Zahid Khan
,
Farzana Leel,
Haseeb Ali
,
Adnan Bhatti,
Mian Rizwan
,
Wahid Ali Abbasi
,
Shbnam Shbnam
,
Shoaib Ali
,
Muhammad Mazahar Naqshbandi Mujaddidi
,
Haroon Shahzad
,
Muhammad Kashif
,
ام آئرہ
,
Shakoor Khan
,
ثناء آللہ اسماعیل خیل
,
Munir Ahsan
,
Ameer Tariq Nazir
,
Raja G
,
Wajahat Raja,
Noman Rehan
,
Aashiq Khan
,
Shoaib Shoaib
,
Hamza Bhatti
,
Jam Moin
,
Sikandr Rk
,
Fawad Khan
,
Khalid Khan Bhatti
,
Saif Ali
,
Amir Said
,
Irfan Gull
,
Yasir Hakeem
,
Talha Rajput,
Hafiza Ayesha
,
Ganda Banda
,
Rizwan Ali
,
Daud Afridi
,
Ali Hussain Academy of Health Sciences & Technology Sialkot
,
Nisar Khan
,
Best Tipu,
Kaifi Khan II,
Dilawer Khan
,
Syed Ahmad
,
Sami Sam
,
Sarah Gulshan
,
Faisal Khan
,
دواخانہ بن ناصر
,
Husnain Ali Chishti
,
Raja Asrar
,
Mulaika Qamar
,
Mir Talpur
,
Muhammad Khan
,
Sohail Ahmed
,
Kamran Sohail
,
Haris Ch
,
Eda Galicia
,
Khan Balocch
,
Zakir Ullah
,
Aysha Abbas
,
Khizer Abbas
,
Ali Jan
,
Mohammad Abdullah
,
Farman Ali
,
Rashid Mughal
,
Amna Rane
,
Alee Badshaw,
Malik Ashir
,
Markiaz Khan
,
Tahir Iqbal
,
Sundal Shamim
,
Imran Khan
,
Hasnain Chishti
,
VI Ki
,
Rana Muhammad Tanzeel Sarwar
,
Umair Lashari
,
Nofap For Boy Addiction 
,
Jamad Anjum
,
ريحان علي ڪلھوڙو
,
Shahzad Khan
,
Shair Rehman
,
Aliya Khan
,
شازیہ ملک
,
Zaynab Gul
,
Humna Choudhary
,
Allan Rakah
,
Imran Thakr
,
Sarwari Afg,
Muhammad Abdullah
,
Ahmad Imtiaz Ahmad Imtiaz
,
رسکو لنیکوف
,
Asad Khan
,
Jannat Ali
,
Malik Irfan
,
Umair Waraich
,
Rashid Pathan
,
Nosher Ali
,
Talha Mehmood
,
قرا قوش
,
Saleem Ullah Noul
,
M Hamza Awan
,
Muhammad Umar Farooq
,
Muhammad Hashaam
,
Tahir Zaman
,
Saib Butt
,
Saad Khan
,
Aaron Jansen
,
Muhammad Hashir
,
Sohail Seo
,
Junaid Rajpoot
,
Muhammad Tariq Tounsvi
,
Choudhary Muhammad Nadeem
,
Ayaan Abbasi
,
Junaid Hassan
,
Itz Khan
,
ملک صاحب
,
Arshad Khan
,
Qadeem Khan
,
Jani Jani
,
Asif Javed
,
Sher Afgan Qarni
,
Mental Larki Pagal
,
M Saqi
,
Sabir Shahbaz
,
Ubaidullah Babar
,
Zm Kahn
,
Jiya Ali
,
Zahid Riaz
,
Kaif Khan
,
Danish Khan
,
Ik Khan
,
Khalil Khalid
,
Hameed Khan
,
Naveed Anwar
,
Muhammad Luqman
,
Choudhary Brand
,
Shalam Khan
,
M Irfan
,
Farri Farri
,
Muhammad Ramzan Pardesi,
Shoukat Ali Wafa Khan
,
Rizwan Khan
,
Hulak Badshah
,
Mughal Dost
,
Muhammad Rizwan
 See less"
524,"Sir phla mujy ak màsla ta mujy barà pésab krtà wakat krtà atà ta pher ahata ahta wo tek ho gya lkn ab yà màsla ha k kabi kabí chótà pésab krtà ho to pésab k ßath hi mix ho jata hn katra halqa sa nafs ma jalan masós Hoti ha or pher chótà pésab k ßath mix hó jata hn phla bht atà ta ab ak ya 2 katra pésab k ßath míx ho jàta hn ór wo chótà pésab jasa hi hota hn sàfad hon jasa ni hota 
Sir pléaßé mujy gàvde k day kia krna Chaya chlànge ka 10 day ha."
525,bahi aj taqriban 20 se zeda din hogy ha 3 din se bemar ho sehat nhi sai medican bi le ha koi frq nhi na koch khany ko Dil krta ha or jism se agg ki thra seak niklta ha or na hi koi Kam krny ko dil.krta ha ab me kea kro k sai ho jao madican bi asr nhi kr rhi numman bahi
526,Assalam o alikum...me pehli dafa SE is group me post kr Raha hn.meri age 33 ha aur unmarried hn...me pechle 6 sal SE porn jese guna me parra hua tha...khud KO bohat barbad kr Lia ...lakin ye latt neh ja rahi thi..GR wale shadi Ka kehte Tu na kr deta Dil me darr Beth Gia ke me ab shadi ke qabil neh Raha ...nafs bilukl neh khhara hota tha...na morning me ....phir me ne ye group join Kia aur challenge start Kia khud SE larrna start Kia...bohat dafa challenge tota...har dafa kehta last time bs AJ lakin wo last time shatan Ka jaal tha bs...6 sal guzar gae pr last time neh AIA...tabiat ESI ho gai baat baat pe gussa health kamzoor ho Gai....me night duty Krta tha neend pori neh Hoti thi din me...aur din me room me Akela hota tha......phir MERI duty change hui Kisi waja SE din me a Gia yahan SE Allah Pak Ka karam hua ....din ki shift namaz parrti thi Tu me bi Jane laga un ke sath ...tanhai Ka time neh milta tha ..Dil Krta ke video dekhon pr kio Moka hi neh milta tha ese krte 15 din guzar gae ...phir me fajar ki namaz pe bi Jane laga..namaz parrta phir ground me walk pe Nikal Jata Tu mind change hone laga Allah Ka darr peda hua Dil me aj 50 din ho gae Hain me ne kio video neh dekhi na porn dekhi na mushtzani ki ha...ye 6 sal SE pehli dafa hua ha moje ab gussa bi neh ata ...mind positive sochta ha me thek hn me thek ho Juan ga aur shadi Ka bi irda banta ja Raha ha ....Dil me bohat khayal Ata ha Mera Tu nafas neh kharra hota moje shwatt neh ati phir khud KO tasli deta hn ho Jaun ga thek saber kro saber kro challenge neh torrna bs....namaz parrta hn Allah SE mafi mangta hn Allah zoror MERI help kare ga...ik zorori baat bohat Dil Krta ha sometime video dekhon porn dekhon pr kehta hn Dil SE AJ rehne do kal Dekh Lena kal Dil kare Tu kehta hn khud SE 5 din rok jau phir Dekh lain ge...me Akela neh rehta ab ...doston me rehta hn thorri bohat walk exercises room me hi krta rehta hn....jaldi sota hn phone Kam use Krta hn ...mere borthers SB ap bi kr sakte ho bs Allah SE jorro aur khud SE larro..... Allah SB KO himmt de... insha'Allah JB tk MERI shadi neh Hoti me challenge pe Datta rahon ga ...bs Dil me ap thaan lo ap thek ho jau ge ...SB thek ho ga ...Allah Pak HR cheez pe qadir ha ... See less
527,Mera ek sawal hai jab insan bohot din m.z nhi karta wo bilkul sex se bhar jata hai ab thori si porn wagera dekh leta hai to wo discharge ho jata hai bina haat lagay ab wo shadi wali raat ko bv k paas jayga or boso kinar karega wo to ussi me farigh ho jayga mere sath kuch aesa hi tha phele porn dekhte huwe farigh ho jata tha or mujhe abhi b yahi lagta hai shadi wali raat bv k pas jate hi farigh ho jaonga ye bimari hai kiya chelange se sahi ho sakta.hai
528,"AoA omed hai kheryt sy hongy.
Mera swal ye hai k jab my masturbation krta tha toh phir mery lips aapas my chepak ty thy aw subah ot tha toh lips py white seee layer bani hothi thi moonh ka zaiqa bhi khrb hotha tha  serf subah utny k bad brush knry k baad tbyt theek hojathi thi or esky sath sath utthy he naak bhi band sir my drd hotha tha .
Ab Mera asli swal ye hai ab shadi k bad bhi yahi halat h jbky ab toh my humbistri krta Hun .
Bhut zyada pareshan Hun subah ankh khul thy ye tbyt itni khrb hothi hai k may Allah sy kehta Hun k kaash Raat he na aati or my sotha nai .
 See less"
529,"اسلام علیکم
پیارے بھاءیوں جن لوگوں کو معدہ کا مسلہ ہے یا گرمی میں گرم چیز نہیں کھا سکتے تو ان کےلیے ایک حل ہے جو میں نے آزمایا ہے
کچھ لوگ ہوتے ہیں میں نے آزمایا ہے میں اور میرا ایک دوست ہے ہم بہت اچھے دوست ہیں 
جو میرا دوست ہے وہ رات کو پیزا کھاتا ہے اور ہم سب سے زیادہ کھاتا ہے وہ بھی گرمی میں اور پھر اوپر سے چاۓ پیتا ہے تو اسے کوئی احتلام نہیں ہوتا وہ فٹ رہتا مجھے احتلام ہو جاتا
بتانے کا مقصد یہ ہے کہ ہر انسان کا معدہ الگ الگ ہوتا ہے 
اگر آپ گرم چیزیں جیسے ڈرائ فروٹس وغیرہ گرمی میں نہیں کھا سکتے تو صرف ملک شیک اور کیلے، دہی کا استعمال کرنا شروع کر دیں کوئی نقصان نہیں ہو گا! See less"
530,aj meri shadi ha lekin 3 din se shehwat feel ni ho rhi challenge ko 40 days hai .Kindly give some beneficial suggestion
531,"اسلام علیکم
میرے کچھ مسائل ہیں ان میں آپ لوگوں کی رہنمائی چاہیے
1..میرے دماغ میں خیال آتے رہتے ہیں بنا وجہ کے جیسے کاش ایسا ہو جاۓ ویسا ہو جاۓ
مثلاً ایک دن میرے گھر میں ایک میری ٹیچر آئی مجھے خیال آیا کہ کاش میں اس ٹائم اوپر سے آ جاتا اور انہیں پتا چل جاتا یہ اس کا گھر ہے۔ یا پھر میں نے ایسا سوچتے رہنا خود ہی کہ یہ کرتا میں وہ کرتا 
2.مجھے بچپن سے ہی میرے والد صاحب بے عزتی کرتے آ رہے میری۔ اب جب مجھے کوئی برا بھلا کہتا میں اسے سیدھا دل پر لے لیتا ہوں 
ابھی پچھلے دنوں مجھے ایک لڑکے سے کام تھا اسے بھائی کہ کے بلایا کہا میرا کام کرو 
آگے سے اس نے کہا میں تجھے منہ بھی نہیں لگانا چاہتا! 
اب یہ بات ذہن سے نہیں اتر رہی کہ اس نے ایسا کیوں کہا
کبھی یہ سوچتا ہوں کہ جب بچپن سے گھر سے ماں باپ بھائی بےعزتی کر رہے ہیں جب گھر میں عزت نہیں ہے تو باہر کیا ہو گی
مجھ میں مشتزنی کی وجہ سے اوور تھنکنگ بہت ہے 
چیلنج بھی کر رہا ہوں
میں جب یہ غلیظ کام کرتا تھا تو اور تو اور اپنی ٹیچرز کا سوچ کر یہ مشتزنی کرتا تھا استغفار اس وقت زیادہ علم نہیں تھا 
پلیز میری اوور تھنکنگ کا کوئی حل بتاءیں؟ 
میں کیسے اس سے نکلو
مجھ میں ڈر بھی بہت پیدا ہو چکا ہے ابو سے مار کھا کھا کر بڑھے بھائی سے مار کھا  کھا کر جب کوئی بندہ دھمکی دیتا تو دل بہت دھڑکتا ہے! 
میں یہ بھی سوچتا ہوں جیسے موٹرسائیکل بغیر ضرورت کے نہیں چلانا چاہیے تیل جلتا ہے اسی طرح دماغ کا استعمال بھی تب کرنا چاہیے جب ضرورت ہو کیا یہ بات صحیح ہے؟ See less"
532,Salam to all meri AJ shadi Hain or mujha 2 3 din sa neend sehi arhi tension ki waja sa or phala main balkol tha  lakan ab dar Hain Dil please sehi comment main jawab  da Ka meri tasli ho Jaya shavat nhi sakhti be nhi hain
533,"صرف ایک مرتبہ چیلنج مکمل کرنے پر آپ کو اندازہ ہو جائے گا کہ مشت زنی کتنی بے کار چیز ہے 
تھوڑی دیر کے مزے کیلئے اپنی دنیا و آخرت خراب نا کریں 
اب اپ کو مشت زنی کرنے میں مزہ آتا ہوگے 
لیکن جب آپ چیلنج مکمل کریں گے تو مشت زنی نا کرکے آپ سکون محسوس کریں گے 
جب آپ اس گناہ سے دور ہو جائیں گے تو آپ کو بہت سکون اور مزہ ملے گا 
کسی نے کیا خوب کہا ہے 
ترک لذت میں جو لذت ہے نا 
وہ حاصل لذت میں نہیں 
یعنی گناہ چھوڑ دینے میں جو مزہ ہے نا وہ گناہ کرنے میں نہیں ہے 
اس لیے چیلنج ہر حال میں جاری رکھیں 
اللّٰہ تعالیٰ ہمارا حامی و ناصر ہو آمین See less"
534,"Let's welcome our new members:
خوش آمدید پیارے بھائیوں نوفیپ گروپ میں شامل ہونے پر 
تلاشِ سکون
,
Muhammad Qasim Taimouri
,
Mustafa Sultani Sultani
,
Muhammad Bux Keerio
,
Muhammad Akmal
,
Asadullah Rauf
,
Balochi Shahzada
,
Kamran Khan
,
Saad Habib
,
Khan Arshad
,
Ch Kashif Basra
,
Azhar Ali
,
Assam Awan
,
Hani Noor
,
Bwo Bwp
,
Zubair Muhammad
,
Ahmad Mughal
,
Sarfraz Ahmad
,
Ayub Khan
,
Hafiz Hameed Dardmand
,
Izhar Ahmad
,
Mian Saood
,
Asif Marwat
,
Syed Muhammad Raza
,
Kamran Niazi
,
Fahad Malik
,
Xasam Àli
,
Abdul Basit
,
Ali Khan
,
رمضان انصاری
,
Hafiz Majid Mahboob
,
Jawad King
,
Rana Sunny
,
Nazakat Hussain
,
Amir Khan
,
Bunny Bou,
Ai Technologi
,
Katty Perry
,
محمد شہزاد
,
Mdzeshan Zeshan
,
Badshah Khan Wazeer Khan
,
Abdul Qadir Rihan
,
ہاشم رضا
,
Usama Ali
,
Awais Meher
,
Meera Baloch
,
Adnan Khan
,
Shazain Shazain
,
ابو اسرار
,
Shehzad Yousefzai
,
Abdul Rasool Jakhrani
,
ٹوٹا دل
,
M Iqbal
,
Tamacti Jun
,
Jasan Roi
,
Masoom Shahzadi
,
Muhammad Hamza
,
Tahir Nawaz
,
Pervez Shoro
,
Aliyan Ali,
Abdul Rab
,
Fazal Ur Rehman Awan
,
Rabi Ul Aziz
,
Bahawal Sher
,
Amir Sajjad
,
Shahid Shahid,
Urooj Shah
,
Mahar Imran
,
Zar Mudassar,
Sheharyar Saleem
,
Faraz Khan
,
HuzÂifä Mälik
,
Aysha BiBi
,
Ahsan Khan
,
Jamshed Alli
,
Asad Ullah
,
Javid Aryan
,
Shamas Bazmi
,
Zohaib Tariq
,
Kháßt Kœkø
,
Rubina Fhrhan
,
Afghan Khan AfGaan
,
Hajeebullah Hajeebullah
,
Abdul Haseeb
,
Suhail Khan Sami Khan
,
سفر حیات سفر حیات
,
Nadia Zahid Jutti,
Munib Mohsin
,
M. Hammad Mustafa
,
محمّد صدرالدین
,
A Samad Ogahi
,
Maryam Naaz
,
Tariq Javed
,
Muhammad Bilal Janjua
 See less"
535,"My question. 
Challenge ko 95dys hogay is duran mujy erection nhi hota tha our mn 2hafty sy mn 1glass dodh mn dry fruit rat ko soty hoi use krtha hun jissy erection rooz hota hy... kia yah normal hy?"
536,"السلام و علیکم پیارے بھائیوں
مجھے یہ جاننا تھا کہ اس کی وجہ سے ایسا کیا ہوتا ہے کہ ہم کمزور ہوجاتے ہیں میں نے کافی بار انٹرنیٹ پر دیکھا سب کہتے نارمل ہے اس سے ڈائریکٹ کچھ نہیں ہوتا تو مجھے یہ جاننا تھا کہ ایسا کیا ہے کہ ہم کمزور ہوجاتے اور ہماری صحت پر اس کا اثر پڑتا کیسے؟؟ مجھے امید ہے آپ سمجھ گئے ہونگے مجھے بس اس پتلے پن کا حل چاہیے۔۔۔
شکریہ"
537,Assalam-o-Alaikum  main both si sexual activities main involved  ra uas ka bad meri Pakistan Airforce main job ho jiss main 6 month basic training thi jiss sa mera health both improve hoi physically be our mantelly be ab issue ha ya main 2 3 married  girls sa bat kertha ho our wo koi axhi gup shup ni hothi jiss sa mera nafs har time tiet ratha ha 7 inch size ha our some time  qatra be atha to ya kerna teek ha ya  ni baki handpractice ya porn aj tak ni dhaka wo kud video bhaj dathi ha ya video call par bat hp jathi ha See less
538,"اسلام علیکم سر کیسے ہو 
سر جی مجھے ایک مسلا پیش آرہا ہے میرا چیلنج 26 دن  بعد ٹوٹ گیا تھا میں نے پھر چیلنج شروع کیا ہے اب میرے چیلنج کا 7 دن ہے مجھے یہ مسلا پیش آرہا ہے میرے پہلے چیلنج میں26 دنوں میں  6 بار  احتلام ہوا ہے اور میرے نیو چیلنج کا  آج 7 دن ہے مجھے ایک بار بھی احتلام  نہیں ہو اکیا مسلہ ہو سکتا ہے پلیز رہنمائی فرمائیں کیا مسلہ ہو سکتا ہے"
539,Asslamalikom umeed kar tha ho sab khairyat se ho gy yar mujhe koi batao round 2 me discharge nhi hota ho
540,"اسلام علیکم
سب بھاءیوں سے گزارش ہے 
کہ جنہوں نے کیگل ایکسرسائز کی ہے اور انہیں فاءدہ ہوا ہے 
تو وہ لوگ کیگل ایکسرسائز سے  پہلے اور بعد کا فرق بتاءیں تاکہ دوسروں کو موٹیویشن مل سکے"
541,"Alhamdolillah First Time Itna Gap Naseeb Hua Hy Inshallah Is Baar Nhi Toru ga Challenge 
 Love You All Admins & Members"
542,"85 دن ہارڈ موڈ میں اور سہی معنوں میں چیلنج کر رہا ہوں ،کچھ بھی سیکسویل نہی دیکھا اور نہ کبھی بھی ماسٹر بیوشن کرنے کی کوشش کی ،
آج میں فری ہوں چیلنج کے بارے آپ کچھ بھی پوچھ سکتے ہو 
اور سینیرز سے گزارش ہے آپ کچھ مجھے بتانا چاہیں تو آپ کی مہربانی ہوگی"
543,السلام علیکم اپ سب دوستوں جو چھوٹی سی گزارش ہے کہ میرے کو پتہ ہے یہ گروپ کس چیز کے لیے ہے لیکن میں اس بات سے بہت پریشان ہوں کہ میرا وزن دن بہ دن بڑھتا جا رہا ہے تو اس گروپ میں کاپی ایسے لوگ ہیں جو بہت اچھے اچھے مشورے دیتے ہیں میرے کو ایک مشورہ دے د ے کہ میں اپنا وزن کس طریقے سے کم کر لوں میری عمر 20 سال ہے اور میرا وزن 90 سے اوپر ہے تو اپ سب سے ایک چھوٹی سی گزارش ہے کہ پلیز مجھے کوئی ایسا مشورہ دیں تاکہ میں اپنا وزن کم کر سکوں میں بہت پریشان ہوں
544,"میں کوئی فلاسفر نہیں ہوں، نہ ہی کوئی دانشور۔
مجھے شروع سے بس لکھنے کا شوق تھا… لیکن پھر میں اس لت کا شکار ہو گیا۔
اب عجیب بات یہ ہے کہ وہی لکھنا آج میری NoFap journey میں میرے کام آ رہا ہے۔
ہر دن اپنے بارے میں لکھنا، اپنی struggle شیئر کرنا، اور جو کچھ سیکھا وہ آپ لوگوں تک پہنچانا…
تاکہ اگر کوئی نیا انسان یہ challenge شروع کرے، تو میری پوسٹس پڑھ کر اسے یہ احساس ہو کہ وہ اکیلا نہیں ہے۔
اور شاید اس کے لیے آگے بڑھنا تھوڑا آسان ہو جائے۔
#NoFapJourney #SelfControl #Discipline #MentalStrength #DopamineDetox #NoPMO #SelfImprovement #UrduCommunity See less"
545,Assalamualaikum admin sahib ab mein ne fasla Kya hai k mein daily tips share Kya karo ga k log porn Jase shit addiction se Kase Jan chura skte kyu Hein  k mein bi porn nhi choor pa rha tha Jin treeqo pr mein Amal kr rha hun ho skta agr koi un ideas or habits pr Kam kre or porn choot jaye or inshallah daily zaroor post is groups mein aye gi
546,"یہ حدیث بچوں کی تربیت میں تدریج (step by step) سکھاتی ہے:
 7 سال کی عمر سے نرمی سے نماز کی عادت ڈالنا، اور 10 سال تک اس کی پابندی کی تاکید کرنا۔
 البتہ *""واضربوهم""* کا مطلب سخت مار پیٹ نہیں، بلکہ تربیتی انداز میں تنبیہ ہے، ایسی سزا نہیں جس سے نقصان یا تکلیفِ شدید ہو۔ See less"
547,Yes Aj mery chinlnge ko 9 din hai mera maida khrab hai khany ko dil nai krta sustee hain kyea ye mushtzani ki waja sy hain..??
548,"السلام وعلیکم ۔ میں نے ایک دفعہ چیلنج شروع کیا تھا، مگر پھر ایک مہینے بعد ٹوٹ گیا۔ اب دوبارہ کوئی 2 مہینے بعد شروع کیا ہے۔ ابھی ایک ہفتہ ہوا ہے کہ رات کو میں نے فحش فلم دیکھ لی ۔ مشت زنی کی مگر انزال نہی کیا۔  پوچھنا تھا کہ چیلنج ٹوٹ گیا یہ ابھی باقی ہے۔ میں نے بعد میں توبہ کی اور اللہ سے معافی مانگی کہ میں بہک گیا تھا۔
مجھے آپکی نصیحت چاہیے ۔ میں پردیس میں رہتا ہوں ، ایک سال پہلے شادی ہوئی ہے، اللہ نے بیٹے کی نعمت سے بھی نوازا ہے۔ میں تقریباً 13 سال سے اس بیماری میں ہوں ۔ میں اس سے نجات چاہتا ہوں ۔ مجھے اللّٰہ سے بات کرتے ہوئے کہا سے گھن آتی ہے، صرف اس لت کی وجہ سے۔ See less"
549,Assalamualaikum Bhai mare age 20 saal ha Mai 5 saal se musht zani Mai mulawis ho jis ki waja se mare kaam Mai barkat nhi ha koi kaam nhi mil rha har waqat depression Mai hota hon migraine bhe hota ha please help me
550,"I'm new here this group please my help 
Maine bahut masturbation ab Meri size 3 inches ha . Kya ab mein  Shaadi ke kabil hun Es size se BB khush ho jayegi"
551,فحش فلمیں اور مشت زنی کرنے والا انسان ایک طرح سے آن لائن جیل میں پھنس جاتا ہے اور خود سوچ لو، ایک جیل کی زندگی کیسی ہوتی ہے ۔ لہذا اس جیل سے آزادی بہت ضروری ہے میرے بھائیو۔۔۔!
552,asslam alaikum bhai meri shadi ko 4 saal hogye ahin meri age 22 saal ha to abhe ma jb humbistri krta hun to jb discharge hota hun to presure bht kam hota ha mtlb sperm bhair ajaty hain or meri abhe tk aulaad nahi hui rehumayi farmyein
553,Asslamualikum m n challenge start kr dia allah k hukum s ap sb Dua krna mery liye ye challenge kamyab rhy ameen
554,اسلام علیکم ورحمتہ اللہ وبرکاتہ چیلنج کے دوران موبائل چلانا کیسے کم کریں نا چاہتے ہوئے ٹک ٹاک چلانا شروع ہوجاتا پھر ریلیپس ہوجاتا ہے یونیورسٹی کا سٹوڈنٹ ہوں
555,Chalinge ki 31 din ho gye hain 5..6 dain sa rozana ahtlam horaha ha
556,"Let's welcome our new members:
( اہم گروپ رولز ) جن پر عمل کرنا انتہائی ضروری ہے۔
1) کوئی بھی ممبر کسی بھی پوسٹس یا کمنٹ پر ھنسی 
 اور اینگری 
 والی ایموجی نہیں لگائے گا۔ 
2) کوئی بھی ممبر کسی کو بھی ان باکس نہیں بلائے گا  
3)گروپ میں کسی بھی قسم کی میڈیسن دوائیاں ،نسخے تجویز کرنا سختی سے منع ہے ۔ 
رولز کی خلاف ورزی کرنے کی صورت میں گروپ سے ہٹا دیا جائے گا ۔  جزاک اللہ خیرا 
Nimra Khan,
Zubair Khan
,
M. Baber
,
Punn G
,
Zubair Yusuf
,
Ak Khan
,
Amjad Farooq
,
Saqib Langraw
,
Undaunted Sol
,
Babar Solangi
,
Umar Abbas
,
Muhammad Abu Bakar
 ,
Hdait Allan Yar
,
Mian Zahid
,
Wardag khan
,
Mohammad Jabir Buhjawna Sial
,
Wahab K
,
Safna Khan
,
Muhammad Umar
,
شیخ نصیر
,
Hha Hj
,
Mubeen Baryar
,
Ayan Khan
,
M Ali Tariq
,
Nasir Khan
,
Qasim Khan
,
Safdar Sadar
,
Shakoor Jee
,
بندہ خاکی
,
Åbdúr Rmñ
,
Muhammad Yar
,
Ammi Khan
,
محمد بلال شیخ
,
Waqar Rajput
,
Sâmï Ikräm
,
احسن راجپوت
,
Sohail Zameer
,
Ayan Safi
,
Uzair Ahmed
,
Touseef Ur Rehman
,
Waseem Ali
,
Noor Khan
,
Mei Dewana Tera
,
Iffi Khan
,
Hameed Nasar
,
George Jackson,
Hasnain Saleem
,
Awais Abid
,
Artghrul Ghazi
,
Rabia Noor
,
Naseem  khan sadozai
,
Muhammad Ismaeel
,
Lav Li
,
Ali Asghar
,
Anu Anu
,
Asma Noor
,
Malik Yaseen
,
Sheroz Sheroz
,
Sami Nasir
,
M Irfan
,
Talha Talha
,
Psychologist Islamabad
,
واحیدالله وحدت
,
Sohail Rana
,
Manan Ulfat
,
Naveed Ahmed Chaudhary
,
Muhammad Massim
,
Khan Nasir
,
Rustam G,
Mirza Gujrat Ala
,
App Ka Aashiq
,
Yasirsaeed Ahmadsaeed
,
Hâɱ ʑä
,
Mubashar Ali
,
Sheraz Gujjar
,
Abidshaheen Shaheen
,
Ch Fariq
,
تورن اتل
,
Adam Momo
,
Shansandhu Shansandhu
,
Rashid Baloch
,
Muhammad Muaviya
,
Agha Amani
,
Syed Muneeb Haider Kazmi
,
Noor Muhammad
,
Nouman Jan
,
Malik Asif
,
KH AN
,
Ahmad Khan
,
Tanveer Yousaf
,
Rana Asghar
,
Mâjíd Hâbíb
,
Shahzad Jutt
,
Abbas Khan
,
Awara Larka
,
Syed Jaan Alam,
IRFAN KHAN,
Meesam Raza
 See less"
557,A.o.a kasy hu bahiyo mai last 16 Saal is latt Mai parah Hu bs eik bar 4 month challenge complete kr saka Hun abhi phr kabi 20 kabi 22 din challenge toot Jaya hai abhi November mai shadi fix hai bhot pershan hun ya lat choot hi Nahi is wajah excersise bhi nahi kr pata weakness mahsos huta pata Kiya timing zero or erection bhi itna tight Nahi huta ap bahi bataya Kiya krna chahiya Kiya shadi kr lo Kuch agay lay jaoo mai thak Gaya lar lar is addat say esa ksi ki beti k sath zaidti Hu Jaya Kiya Karo plz guide any one See less
558,اسلام علیکم میں نے ایک سال پہلے ٹیسٹ کروایا تھا سپرم 55 ،ml تھے ایکٹیو 10 پرسنٹ تھے  پھر کچھ میڈیسن لی ٹیسٹ کروایا تو ٹوٹل کاؤنٹ 0 تھی اگین ٹیسٹ کروایا تو ٹوٹل کاؤنٹ 0 تھی کیا یہ مسٔلہ حل ہو سکتا ہے
559,Cha kar b ni control kar sakta banda asa kia kara ka andr ke garmi kam ho gym b karta namaz b parta phir b ya sab hota aur as ka bad b jisam ma takat rahti koi weakness ni hoti koi oroper hal as ka koi dawai koi medicine ya koi asi diet jis sa andr ke garmi kam ho mardana garmi kam ho podina kaisa ha koi hal batai bht ajeeb lag raha
560,"Asslam O Alaikum Bhai Kiya hal hai Numan Bhai Mera msla ye h K Mera nafs mushat zani KR KR K bht patla or sukr Gaya h chota ho Gaya taqreeban 1 inch ka or Bhai Meri money bht patli C ho gaee h Bhai Mai ny ye lat chor di h pr Bhai m bht zayada preshan hoo K apny partner K liye K Mai usko Khush KR pao Ga K Nahi or Bhai Meri Shadi b qareeb h 
or Bhai Mera apny sperm ka test b krwany ka Dil Nahi krta Kahi ESA na ho Jaye K report postive AA gaee to m kidr Jao Ga
Plz rehnmai farmao See less"
561,"*
 اخلاص وہ خزانہ ہے جو دکھائی نہیں دیتا، مگر اللہ کے ہاں سب سے زیادہ قیمتی ہوتا ہے۔*
*عمل چھوٹا ہو یا بڑا، اگر اخلاص ہو تو وہ قبولیت پا لیتا ہے، اور اگر اخلاص نہ ہو تو بڑے سے بڑا عمل بھی بے وزن ہو جاتا ہے۔ See less"
562,"Day 15 — NoFap Journey
جمعہ مبارک 
15 دن پہلے نماز صرف ایک habit تھی…
آج اگر ایک نماز miss ہو جائے تو دل بے چین ہو جاتا ہے۔
پہلے دنوں میں خود کو control کرنا مشکل تھا،
اب کم از کم نفس کے سامنے “رک” کہنا آنا شروع ہو گیا ہے۔
NoFap صرف streak نہیں…
یہ آہستہ آہستہ انسان کو واپس اپنے رب کے قریب لاتا ہے۔
اور سچ کہوں؟
سب سے بڑا سکون urges کو ہرانے میں نہیں…
سجدے میں دل لگنے میں ہے۔ 
Day 15. Still fighting. See less"
563,"السلام علیکم 
آج مجھے چھ دن ہو گئے ہیں اور الحمدللہ بہت بہت زیادہ بہتری محسوس ہو رہی ہے
میں اس حالت میں پچھلے سات اٹھ سال سے تھا ، مجھے پورن کی ایڈیشن زیادہ تھی، میرا بالکل ہی کھڑا ہی نہیں ہوتا تھا ، اور سختی بالکل ختم ہو گئی تھی ۔
 لیکن اب جب سے اس کو چھوڑا ہے دوبارہ قریب تک نہیں گیا 
لوگ کہتے ہیں بہت مشکل ہے کوئی مشکل نہیں ہے تھوڑا سا ذہن کو مثبت رکھیں تو اسانی سے ہم قابو کر سکتے ہیں 
اتنی بہتری ا رہی ہے کہ صبح صبح کھڑا بھی ہو رہا ہے اور سختی بھی پہلے سے بہت زیادہ ا رہی ہے ابھی مجھے صرف چھ دن ہوئے ہیں اگر اسی طرح نوے دن ہو جائیں گے تو پھر کتنا فائدہ ہو جائے گا 
ذہنی طور پر اور جسمانی طور پر اور بہت زیادہ پر اعتماد محسوس کر رہا ہوں خوشی بھی بہت محسوس ہو رہی ہے 
میں نے ایک بات محسوس کی ہے کہ ہمارا سب سے بڑا مسئلہ یہ ہے کہ ہم کوشش نہیں کرتے جب ہم درستگی سے کوشش کرنا شروع کر دیں تو بالکل اسانی سے ہم اس کو چھوڑ سکتے ہیں 
اس گروپ کا سب سے زیادہ شکریہ کیونکہ اس گروپ میں میں بائی چانس ایڈ ہوا تھا لیکن اپ لوگوں کی پوسٹیں دیکھ کر میں نے بھی اس کو چھوڑنا چاہا اور مجھے نو فیپ ایپ کا کوئی پتہ بھی نہیں تھا 
اللہ پاک نعمان سعید بھائی کو ہمیشہ خوش شاد اور اباد رکھے ہمیشہ ہنستے مسکراتے رہیں میں ان کو جانتا نہیں ہوں لیکن یہ سب ان کی وجہ سے میں کر رہا ہوں اللہ پاک ان کو جزائے خیر عطا فرمائے امین See less"
564,3 سالوں سے اس لت سے نکلنے کی کوشش کر رہا تھا اور اس لت سے نکلنے کے لیے رو رو کر دعائیں بھی بہت مانگتا تھا اللّہ تعالیٰ کے کرم سے یہ دعائیں قبول ہو گئی ہے الحمدللہ آج چیلنج کے 133 دن مکمل ہوگے ہے اب اس لت کی طرف دھیان ہی نہیں جاتا بس یہ کہنا چاہوں گا کہ کبھی بھی ہمت نہیں ہارنی چاہیے بلکے بار بار کوشش کرنی چاہیے کیونکہ کوشش کرنے والوں کی کبھی بھی ہار نہیں ہوتی اور یہ بھی نہیں کہنا چاہیے کہ میں یہ چیلنج مکمل نہیں کر سکتا بلکے یہی کہنا چاہیے کہ میں کرسکتا ہوں میں بھی پہلے یہی کہتا تھا میں نہیں کرسکتا لیکن کبھی ہمت نہیں ہاری تھی اس وجہ سے الحمدللہ چیلنج کے 133 دن مکمل ہوگے ہے الحمدللہ جسم میں کافی تبدیلیاں آ رہی ہے لیکن تھوڑی بہت کمزوری ہے اس کے لیے کوئی خوراک وغیرہ کا بتا دیں کیونکہ میں ابھی تک بلکل سادہ ہی خوراک کھا رہا ہوں جو روز مرہ گھروں میں بنتی ہے See less
565,Aslamo alaikum ksa hn sab umed krta hu sab acha hongy mara age taqreban 26 hone wali ha or mojhe hand practice krta hwa 6 month sa opr hogye han control he nhi ho paraha  kia abi shadi karlo ya koi or Hal ha to btawo please?
566,"025 اچھا گزرا تھا  9 بار تھا ٹوٹل
لیکن 026 میں پھر سے مبتلا ہو گیا ہوں یار"
567,Mujhy mustzani chore hue 11 mah 26 din hue hai chora tha us time bohat week tha Ab       الحَمْدُ ِلله pr aik msla hai aankhoon mean jalan or balgam ka aana or zaiqa namkin balgam ka Shadi ko 10 Mah 13 din hue hai
568,"Assalamualaikum nauman bahi
bar bar challenge toot jata hai"
569,"5 sal se gunnah main mubtala Hu or 1 sal se is group ko Sochta Tha Chhor Dunga magr phr alsi pan or gunnah mayoos hu Gya Tha mGr phr namaz prh ke masjid main Khuda se Toba taib hua 
or next day challenge Shuru kr dia 
alhamdulillah achy din guzar Gye or Mera Dil Bhi Naii krta gunnah ko ab Zindagi Skoon main aa rhi Shuru Shuru main ajeeb feel hua gusa Chirchira pan magr phr 1 week 2 week ab alhamdulillah normal hai sab Khuda ap sab ko Bhi is gunnah se Bachaye Ameen"
570,"ہم میں سے بہت سے لوگ یہاں اپنی journey share کرتے ہیں…
اپنی کمزوریاں، relapse، struggles… اور وہ جنگ جو شاید real life میں کسی کو بتا بھی نہیں سکتے۔
لیکن اکثر ایسا لگتا ہے جیسے سب خاموش ہو کر صرف دیکھ رہے ہیں۔
یاد رکھیں —
ہم یہاں followers یا fame کے لیے post نہیں کرتے۔
ہم post کرتے ہیں تاکہ خود کو بھی مضبوط رکھ سکیں…
اور شاید کسی اور کو relapse سے بچا سکیں۔
آپ کا ایک comment…
ایک reaction…
ایک چھوٹا سا “keep going” بھی
کسی انسان کو یہ احساس دلا سکتا ہے کہ
اس کی بات واقعی کسی تک پہنچ رہی ہے۔
یہ group صرف scrolling کے لیے نہیں بنا۔
یہ اُن لوگوں کے لیے بنا ہے
جو اس گندگی سے نکلنا چاہتے ہیں
اور اپنی زندگی واپس حاصل کرنا چاہتے ہیں۔
خاموش مسافر مت بنیں۔
اپنے ہونے کا ثبوت دیں۔
ایک دوسرے کو حوصلہ دیں…
کیونکہ کبھی کبھی ایک لفظ بھی
کسی کی پوری رات بچا دیتا ہے۔ 
 See less"
571,Myra nafs muja 1 2 inch ka nazar ata hy or jab khra hota hy 3ya 4inc ka kiya masla hy plz btaninn
572,"میں پہلی بار اس گروپ میں پوسٹ کر رہا ہوں۔ اس گروپ کے ایڈمن حضرات اور دیگر بھائی جو بہترین مشورے دے رہے ہیں، وہ حقیقت میں بہت بڑی نیکی کا کام کر رہے ہیں، یہ گروپ جوائن کرنے کے بعد تو جیسے زندگی جِینے کا طریقہ ہی بدل گیا، بہت سی غلط فہمیاں تھیں دماغ میں جو اب ختم ہو گئِیں، صحت بھی ماشاءاللہ بہت اچھی ہو گئی ہے اب، میری عُمر 25 سال ہے،وزن 56 کلو، کیا یہ وزن اس عمر کے حساب سے صحیح ہے؟؟
میری حوصلہ افزائی کے لیے پوسٹ کو اپروول کیجیے گا جزاک اللّٰہ"
573,"السلام علیکم بھائی میری  عمر 29سال ہے میں اس برائی میں بہت عرصے سے پڑا ہوا ہوں پچھلے کچھ سال سے روز اس گناہ کو کرنے کی عادت بن گئی ہے میں بہت پریشان ھوں روز رو رو کر اللہ سے معافی مانگتا ہوں ڈرتا ھوں اپنے برے اعمال سے نہ دماغ صحیح ہے نہ صحت سہی ہے بہت پریشان ھوں اب میرے گھر والے شادی کرنا چہ رہے ھیں میری نہ کوئی کام کرنے کا دل کرتا ہے ہر وقت غصہ رہتا ہوں ٹینشن جان نہیں چھوڑتی نماز بھی پڑھتا ھوں لیکن دل نہیں لگتا نماز میں بھی دل ہر وقت خوف میں رہتاہے 
بھائی میری مدد کرو See less"
574,"السلام علیکم امید کرتا ہوں سب احباب خیریت سے ہوں گے 
مجھے ایک مسئلہ درپیش ہے میں تقریباً 2017 سے مسلسل مشت ز۔۔۔نی کر رہا ہوں ، لیکن الحمدللہ مجھے آج مشت زنی چھوڑے تقریباً 12 دن ہوگئے ہیں ، 2017 کے بعد یہ پہلی بار ہوا ہے کہ میں نے بارہ دن بغیر مشت ز۔۔۔۔نی کے نکالے ہیں ورنہ ہر دوسرے تیسرے دن میں اس گندی عادت میں مبتلا تھا میں بہت عرصے سے اس گندی عادت کو چھوڑنا چاہتا تھا لیکن ہر بار میں ناکام ہو جاتا پھر آج سے تقریباً 12 روز پہلے میں نے نوفیپ کے بارے میں پڑھا اور پ***ن سے نجات جیسے فیسبک پہ گروپ جوائن کیے ، الحمدللہ آج میرے چیلنج کا 12واں دن ہے ، اب مجھے مسئلہ یہ درپیش ہے کہ پرسوں میں نے ایک فحش سٹوری پڑھ رہا تھا کہ میرے دل میں خوف خدا آیا اور میں نے فوراً اسے بند کر دیا اور سچے دل سے توبہ کی ، میں نے ریپلس نہیں ہونے دیا لیکن سٹوری بند کرنے تک مزی کے قطرے میری شلوار پہ لگ چکے تھے اب پوچھنا یہ چاہتا ہوں کہ کیا اس حرکت سے میرا چیلنج ٹوٹ گیا ہے کیا ؟؟ See less"
575,"Sir ma ni bhot mb ki ha 10 1² sal ka ta tab ßa AJ 20 sal ka ho ab to çhlange start ha  lkn phla ma na bad pa ragar k ki or kambal mà dal k razai ma dal k  or àpnà jisàm ßa b hode ki jasà k dono tango k darmiyan Saban laga k or k ànder Rakh k nafs jatka da k  ab chàlnge start hà çhalage totà b to hand mà  sabon laga k os ma nafs dal k jatka dàtà ho lkn Jo mànà phla kia hà os sa bht parsan ho ab Sachi toba ki ha ⁷ 8 din ka chalangé ho gà ha ab mb b ni krtà lkn porana Kam yad atà ha to hoffff atà ha jab Maro ga to Allah ko kia jàvab do ga        ......
Or es sà timing b kàm ho gei ha ....
Kàsa téek ho gi .....
Kia kró ßhadi b ni kr ßkta múj ßà bàra 2 àbi rhta hn Jin ki sahdi ni hói ..
Es ka proper hàl kia ha bty sir ab chor di ha 
Gvade krày kasà chàlge pórà kr paw  or kià khàw to timing bàra gi See less"
576,اسلام علیکم پلیز بھائی جان مجھ سے گندہ مواد دیکھنا نہیں چھوٹ رہا کام بھی سخت کرتا ھو پھر بھی بہت کوشش کی ھے پلیز کچھ گائیڈ کرو
577,Mujy kamzori hai jesa k log kehty hai khate Pete nhi ho Kya to us kamzori ko khatm krne ke lye sirf khana pene se jesa roti Chawla khane se kamzori set ho jaygi me kse bhtr kro?
578,السلام وعلیکم ورحمتہ وبرکاتہ میں شادی شدہ ہوں اور کافی ٹائم سے پورن اور مشت زنی کا شکار رہا ہوں ابھی چیلنج کو مہینہ ہونے والا ہے میرے ساتھ مسئلہ آ رہا ہے کے مجھے اپنی وائف اچھی نہیں لگتی اور دوسرے رشتےداروں کی وائف اچھی لگتی ہیں تو یہ ہو گا کے مجھے اپنی وائف اچھی لگے
579,Aslamo alaikum kasy Hain sab bhai umeed hai allah ke fazal se sab thik honge koi mery sat challenge kar sakta hai Mera challenge har 3 se 4 din bad toot jata hai
580,AoA bhot preshan hon nafs ke sakhti ke bare m pehle thek the 2 din hue jb hmbestri krta hon tu nafs ke sakhti chle jate h biwi ke samne shirmindgi uthane prte h admin hazrat rehnmai kr den tend hn bhot zyada shukriya
581,kya precum mai naya sperm ban kr aata hy ya puranay discharge ka kuch sperm ho skta hai oor agar banda discharge k bd 4 5 dafa paishab kr ly tou precum mai sperms honay k chance khatam ho jatay hain? just for information ehle ilm apni Raye dy
582,پورن دیکھنے سے کھڑا ہو تا ہے ورنہ نہیں چیلنج اس وجہ سے ٹوٹ گیا ہے اور شادی بہت زیادہ قریب ہے اب کیا کریں
583,Assalam Alikum Bahi mashallah mera challenge thek ja raha hy meri age 20 hy me jamia k student ho but yaar 5 din ho gay hy rozana mujhy subha time Ahtalam ho jata hy jis ki waja sy ab mera jisam byjan mehsos kar raha hy dard bhi ho rahi hy please koi hal bara do kia karo
584,"I am new here 
السلام علیکم دوستوں میں نے اب دوبارہ سے چیلنج سٹارٹ کیا ہے چیلنج کا 8 دن ہے اور میری حیج تقریبا 19 سال ہے
اور اب میں الحمدللہ پورے ارادے سے چیلنج کیا ہے مسئلہ یہاں اگر پیدا ہوتا ہے کہ تقریبا چار پانچ دن یافتے میں ایک بار احتلام ہو جاتا ہے یا بے احتلام ہوتا ہے تو پھر میں سوچتا ہوں کہ یہ کیا ہوا اس سے اچھا سا بتا مشت زنی کر لیتا یہاں ا کر میرا چیلنج ٹوٹ جاتا ہے جب احتلام ہوتا ہے تو پھر جسم میں کمزوری ہو جاتی ہے اس سے پہلے جسم ٹھیک ہوتا ہے احتلام کے بعد کمزوری ہو جاتی ہے 
 پلیز اس کا کوئی حل بتائیں شکریہ See less"
585,MAshllah sa chalnge Kafe acha chal rha ha almost 20 days guzr gya han but chalnge sa phLa mara face kfe acha tha ab kfe zyeda weak ho gya kia waja khurak be bhut ache ha milk sabzyn thnde cheza
586,"Admin please Approve
Mai ne taqreeban 3 se 4 saal tk master****ion
Ki hai pehle mai bohot ziada krta tha na samajh tha. Pehle kabhi din kabhi mai 3 se 4 baar krta tha. Mai pehle bohot skinny tha like i was 40kg at the age of 17 and now i am 19 aur pichle aik saal se kafi kam ho gae hai mastur***ion like week mai aik baar ya month 2 baar, lekin mera weight aik dam se ziada ho gya hai jb se kaam kam kia hai. Ab mera weight taqreeban 65 to 70kg k darmian hai aur fat bohot ziada ho gya hai. 
Kia ye mastur****ion kam krne ki wajah se hua hai? See less"
587,"،،،میں کر سکتا ہوں اور دیکھنا میں کر کے دیکھاؤں گا ،،
میں نے جب یہ چیلنج سٹارٹ کیا تھا تو  ان لوگوں کو دیکھا تھا جو 100 دن پلس تھے اور بس یہ سوچا تھا اگر یہ کر سکتے ہیں تو میں بھی کر سکتا ہوں اور  پھر ہارڈ موڈ میں چیلنج شروع کیا اور  83 دن جا رہیں ہیں ، شروع کے دن مشکل تھے پر اللہ کا شکر ہے اب سب کچھ نورمل اور روٹین سے چل رہا ہے 
گناہوں سے بچاؤ ،دماغ کا سکون ، جسم میں انرجی ،خود پر اعتماد کے ساتھ ساتھ سوشل انزایٹی سے بھی چھٹکارا ملا الحمدللہ 
جتنا فایدہ میں نے سوچا تھا اس سے کیں زیادہ ملا ، روم میٹ بول رہا تھا کیا کھاتے ہو میں نے کہا کیوں تو بولا 
چہرہ صاف اور صبح خود اٹھ جاتے ہو نہاتے اور ناشتا بناتے ہو پہلے تو اٹھانے سے نہی اٹھتے تھے اور ایسے جیسے بیمار ہو اب بدلے ہوئے ہو 
اور نفس تو مقصد ہی نہیں تھا پر صبح کی اریکشن لوہے پاڑ ہوتی ہے تو کل ملا کر نوفیپ کے بہت فائدے ہیں نقصان کچھ نہی اگر سہی طریقے سے چیلنج کیا جوے تو سچ ہے انسان اس عادت سے نکل جاتا ہے اور اگر اچھی عادتیں اپنائیں جائیں تو زندگی ہی بدل جاتی ہے 
اللہ ہم سب کو سیدھے راستے پر چلنے کی توفیق عطا فرمائے اور اس نفس کی جنگ میں کامیابی عطا فرمائے See less"
588,"Assalamualaikum
میری  کچھ دنوں  بعد  منگنی  ہے  اور پھر کچھ مہینوں بعد شادی بھی ہو جائے گی  لیکن  میں  بہت پریشان ہوں ، میرا نفس کا سائز کم ہے ، تقریباً 5 انچ لمبائی ہے اور 4 انچ گول موٹائ ہے ، اور یہ سائز مجھے بہت کم لگتا ہے خاص کر موٹائ کم ہے ، کیا اس سائز سے میں اپنے پارٹنر  کو مطمئن کر پاؤں گا 
پلیز رہنمائی فرمائیں 
عمر 19 سال See less"
589,Assalamualaikum Yar Mira challeng her 3 din bad tot jata hi poren dikni se me kb azad hojawonga kisi choro ye challenges to 1sal se jari hi me boht pnsa ho is mi#
590,> میرا آج چیلنج کا تیسرا دن ہے۔ میرا لائف ٹائم چیلنج ہے۔ میں روز شام کو دودھ استعمال کرتا ہوں، ایک گلاس پورا اور یہ میری ڈیلی کی  روٹین ھے
591,"Kia Nofap sai kese keee sexual health teek ya improve hovee hai
Experience log apna experience share kerai"
592,السلام وعلیکم کیسے ہیں سب بھائی الحمدللہ آج میرے چیلنج کو پانچ ماہ دس دن ہوگئے ہیں اور زندگی بڑی پرسکون ہوگئی ہے بہت سے دوستوں کی میں پوسٹ پڑھتا ہوں گروپ میں جو کہتے ہیں کہ ریکوری نہیں ہو رہی تو بھائیوں ایک بات یاد رکھو کہ صبر کرو پانچ چھ مہینے گزرے گے تو ریکوری خود ہونا شروع ہو جائے گی مجھے رات کو لائف میں پہلی دفعہ احتلام ہوا ہے اور دیکھو پانچ مہینے گزرے تو ریکوری کی نشانی ظاہر ہوگئی باقی بھی تمام مسائل حل ہو چکے ہیں سختی والا مسئلہ بھی ختم ہوگیا ہے ڈیپریشن بھی ختم آج سے پانچ مہینے پہلے مجھے جیسے ہی پورن کا خیال آتا تھا تو میں فوراً پورن لگا کر دیکھنا شروع ہو جاتا تھا اب یہ خیال کبھی آجاتا لیکن یہ اتنا کمزور ہو چکا ہے کہ مجھ سے کبھی بھی جیت نہیں سکتا اللہ کے فضل و کرم سے اور سب سے بڑی بات اپنا چہرہ دیکھ کر خوشی محسوس ہوتی گھر والے کہتے کہ تمھارا چہرہ بہت خوبصورت ہوگیا ہے دوستوں قسم سے خود کو دیکھتا تھا تو رونا آتا تھا اتنا بدصورت چہرہ لگتا تھا آپنا اب سب ٹھیک ہے اللہ جی کے کرم سے الحمدللہ میں چیلنج میں کامیاب ہوا اللہ نے توفیق دی تو میں نے اللہ کی ذات سے وعدہ کر لیا کہ نہ گندی ویڈیو دیکھوں گا نہ مشت زنی کروں گا نہ ہی زندگی میں کسی لڑکی یا لڑکے سے زنا کروں گا اب میں نکل چکا ہوں اللہ کے فضل سے جب دل کرے تو میں خود کو کہتا ہوں کہ اوے وعدہ توڑ کر آخرت برباد کرو گے اب زندگی میں کوئی ایسی طاقت نہیں جو مجھ سے یہ سب کروا سکے اللہ کے فضل و کرم سے میں بھی سوچتا تھا کہ کبھی ان کاموں سے نکل نہیں سکوں گا لیکن جو اللہ سے سچے دل سے توبہ کرتا اللہ اس کی مدد فرماتا ہے بےشک اللہ مجھ سمیت سب کے حال پر کرم فرمائیں آمین یارب العالمین See less
593,"کوئی بھی چیز جو نا پسندیدہ ہو اسے نظر انداز کر دیں ،* 
 *کسی کے عیب کے پیچھے نہ پڑیں ۔* 
 *کون فرشتہ ہے یہاں جب ہمارے اندر غلطیاں ہو سکتی ہیں تو دوسروں کے اندر بھی ہوسکتی ہیں۔* 
 *کسی کے پیچھے نہ پڑیں درگزر کر نا سیکھیں۔* 
 وہ غلطی سب سے بڑی غلطی ہے جس کے غلط ہونے کا احساس تک نہ ہو۔
 زندگی اتنی سستی نہیں ہے کہ اسے لوگوں کے تلخ رویوں کی وجہ سے ہار دیا جائے۔
 یہ زندگی صرف اس ""رب 'کی امانت ہے جس نے اس کائنات کی کسی شے کو بیکار نہیں بنایا 
 شُکر ادا کریں کہ
 آپ سے محبت کرنے والا کوئی عام نہیں بلکہ اس کائنات کا رب ہے
اگر جنت میں اپنی مـرضی کی
زندگی بسر کرنا چاہتے ہیں تو اس دنیا میں اپنے رب کی مرضی کی مانند زندگی گزاریں. 
 ❂▬▬▬๑۩۞۩๑▬▬▬❂ See less"
594,مجھے کوئی وٹسپ گروپ میں ایڈڈ کر دے پلیز نوفیپ والے گروپ میں
595,"السلام علیکم ورحمتہ اللہ وبرکاتہ 
آج سے میں ایک ماہ کا نوفیب چیلنج شروع کیا ہے اللّہ پاک مجھے استقامت عطاء فرمائے اور اس بری عادت سے چھٹکارا حاصل کرنے میں اپنی مدد شامل حال فرمائے آمین"
596,"السلام علیکم
امید ہے کہ آپ خیریت سے ہونگے
اکثر مستند حکیم حضرات طلاء استعمال کرنے کیلئے دیتے ہیں تو نعمان بھائی مکمل رہنمائی فرمائیں کہ یہ استعمال کرسکتے ہیں یا نہیں میرے دادا جان نے بھی مجھے ایک طلاء دیا ہے کیا اس کے دائمی فوائد ہیں یا نہیں مکمل رہنمائی فرمائیں"
597,Meri shadi  17 din ho gay ha lakin ab tk muj say andr nahi gaya foreplay krta ho tb tk sakhti hoti ha lakin jesy andr zor lagata ho easa lagta ha saminy dewar ha zor lagaty hi fariq ho jata ho challenge ko b 3 month hony waly ha koi rehnumai farmay kia masla ha or iski waja say wife ma dard hony k dar b ziada ha
598,"اسلام علیکم اُمید کرتا ہوں آپ سب ٹھیک ہو گے میں اپنی بری عادات مشتزنی سے چھٹکارا پانا چاہتا ہوں اپ میری مدد کریں اور مجھے گائیڈ کریں چیلنج کا بتائیں میں میڈیکل فیلڈ میں ہوں میں کنٹرول کر لیتا ہوں ایک مہینہ لیکن پھر نہیں ہوتا پھر وہی سب کچھ خیالات اور میں ہاتھ سے نہیں کرتا میں زمین پہ الٹا لیٹ جاتا ہوں اور نفس کو رگڑتا ہوں تو میرے سپرم نکل جاتے ہیں نفس کہیں بھی کھڑا ہو جاتا ہے تو مجھے رہنمائی کریں میں پانچ وقت کی نماز بھی پڑھتا ہوں اب لیکن دو ہفتے بعد تین ہفتے بعد پھر میرے ساتھ یہ ہو جاتا ہے ایک پورا دن کرتا ہوں پھر دوبارہ نماز پڑھتا ہوں اور پھر 15 20 دن تو میں ان سے چھٹکارا پانا چاہتا ہوں میری مدد کریں شکریہ جزاک اللہ 
H.M See less"
599,"اسلام علیکم
پیارے بھاءیوں کیسے ہو آپ سب
میرے چیلنج کا آج نواں دن ہے 9 
مجھے آج اہتلام ہوا ہے اور منی بھی اچھی تھی گاڑھی 
میرا اب مسلہ یہ ہے کہ نفس میں سکھتی بھی ٹھیک آتی ہے 
کبھی کبھی صبح اریکشن بھی ہوتی ہے
اب زیادہ مسلہ یہ ہے کہ 
ایک تو پانچ سال مشتزنی کی ہے اس کی وجہ سے ٹاءمنگ زیرو ہو گئ ہے! 
اور دوسرا میرا وزن 48 کلو ہو گیا ہے پہلے اس کام سے میں صحت مند ہوا کرتا تھا
ان دونوں مسلوں کا حل بتاءیں براۓ مہربانی See less"
600,Taqreeban 1.5 hogae ha mere walid shab ko mujh sa bechre hua or aik saal sa ma anxiety ka shikaar hu bht check krwaya medicine bhe khai lkin aram nhi aya hand practice bhe krta hu kafi urse sa challenge ko aik month hogya ha plz acha sa guide kre apne ghr ka iklota waris hu acha sa mushwara da mujhe aik psycatrist sa ma online session letta tha wo mujhe kehta ka hp sa kuch nhi hotta bulka ap bure gunaho sa bchte ha wja btta da mujhe meri anxiety ki kis wja sa ha mujhe See less
601,AJ me Kafi pareshan hogya ho q ke Maine Kafi mushtzani ki hoi he ab jab main karo  to Mani bhe ni nikalti me Kafi pareshan ho q ke Meri es Eid par shadi bhe he me es jiz sy nikalna Chata ho mager me asa kia Khao ke Mani ban jaye plz Bata dy
602,Challenge ko to aik month hogya lkin anxiety depression nhi khtm horha taqreeban aik saal sa
603,"Bhai mainy bry lamby arsy tk mushtzani ki hai lakin pichly 4,5 saal sy mainy chordi hoi hai but mai recover ni kr paa rha. Timing b 30 seconds hai ar Mery testicles shrink hogye hwy hain kafi arsy sy jsy kisi bchy k hoon dard ni hoti un mey lakin size blkl chota ho chuka hai testicles ka. Age 31 hai. Unmarried. Tension ki waja sy shadi b ni kr paa rha. Bht pareshan hon."
604,"السلام و علیکم و رحمتہ اللہ وبرکاتہ 
bahi 
Numan Saeed
 aj 8 ya is se zeda din hogy ha or w din se jism esa ha k Jan hi nhi ha jism me or har wqt Dard HOTA ha or bilawja ki tension lagi rehti ha Kisi na Kisi bat pr kea kro please 
 rehnumai lazmi krna jazzak Allah"
605,السلام علیکم کیا حال ہے امید ہے اپ سب خیریت سے ہوں گے میں اج اپ سے کچھ باتیں کرنا چاہ رہا تھا میں تقریبا 2014 سے لات کا شکار رہا ہوں اور ساتھ میں گل ویڈیو بھی دیکھتا رہا ہوں بہت زیادہ مطلب ہے ابھی جوان نہیں ہوا تھا میں نے یہ کام شروع کر دیا اب میری حالت یہ ہے کہ میرا نفس اگر تناؤ تب ہی ہے تو وہ نیچے کی طرف ہوتا ہے سیدھا کھڑا نہیں ہو سکتا جیسے پیشاب روکنے کے لیے زور لگاتے ہیں یہ اس طرح لگاؤں تو تب وہ سیدھا ہوتا ہے خود بخود نہیں ہوتا بہت پریشان ہوں یورولاجسٹ سے بھی چیک اپ کروایا ہے میڈے سن بھی کھائی ہیں کوئی فرق نہیں پڑ رہا اپ سب سے گزارش ہے کہ سلات سے دور رہیں اگر میری طرح کسی کی حالت ہوئی ہو اور وہ ٹھیک ہو گیا ہو تو اپنے کھانے پلیز میرے ساتھ شیئر کریں تاکہ مجھے حوصلہ ملے اینڈ ڈپریشن کا بھی شکار ہو گیا تھا اس کا بھی چھ مہینے کورس کیا ہے اپ دماغ بہت زیادہ اور تھنکنگ کرتا ہے بلاوجہ کی سوچیں تنگ کرتی رہتی ہیں پہلے سوچتا تھا کہ مجھ پر کسی نے جادو کوئی ہوا ہے نظر لگی ہوئی ہے لیکن یہ سب کچھ میری اپنی غلط کاریوں کی وجہ سے میل سمجھتے ہیں اس لیے جو ابھی ابھی جوان ہوئے ہیں اور یہ کام کر رہے ہیں تو میری ان سے گزارش ہے کہ اس سے دنیا بھی اپ کی برباد ہو جائے گی اور اخرت میں بھی عذاب جھکنا ہوگا کیونکہ جو بھی ہم فطرت کے خلاف کام کرتے ہیں تو اس کے نقصان ہاتھ اٹھانے پڑتے ہیں کیونکہ اس کے لیے اللہ تعالی نے عورت کو پیدا کیا ہے اور یہ اسی کا حق ہے اتنے بھجوان ہیں ان کو چاہیے کہ جلد از جلد شادی کر لیں اور اس راستے دھو رہے ہیں اور مجھے بھی کچھ بتائیں کہ میں کیسے ٹھیک ہو سکتا ہوں جا رہا ہوں ڈاکٹر نے اب کہا ہے کہ اپ الٹرا سونگ کرواتے ہیں اپ کا جس میں وہ ٹکا لگا کر کرتے ہیں اور اندر سے دیکھتے ہیں کہ کیا مسئلہ ہے اپ تو نہیں گئی میں دوائیوں کے نام نہیں بتاتا کہ میں استعمال کر رہا ہوں کیونکہ لوگ سن کر پھر استعمال کرنا شروع کر دیتے ہیں اگر کوئی ٹھیک ہوا ہو اس کا دیسی علاج کرنا چاہیے یا جیولوجسٹ سے علاج کروانا چاہیے مجھے 15 20 دن ہو گئے ہیں علاج شروع کیے ہوئے ہیں مجھے کچھ گائیڈ کریں کہ مجھے کیا کرنا چاہیے سمجھ نہیں ا رہی مجھے شادی اس عورت میں کرنی چاہیے نہیں کرنی چاہیے ٹھیک ہو کرنی چاہیے ائی بی ایس کا بھی مسئلہ رہا ہے اور ہے بھی کچھ سمجھ نہیں ا رہی اللہ سب کی حفاظت فرمائے See less
606,چس کا نفس ایک انچ کا ہیں کیا وہ شادی کر سکتا ہے یا نہیں پلیز رہنمائی فرمائیے گا
607,پہلے میں بہت زیادہ مشت زنی کرتا تھا 15 ۔20 سال سے لیکن اب الحمدللہ چھ مہینے کا ایک چیلنج پورا کیا چھ مہینے بعد ٹوٹ گیا اب پھر ایک مہینہ ہو گیا لیکن جب میں 15 سال تک مشت زنی کرتا رہا لڑکیوں کی طرف میری کوئی ریت کے زرے جتنی بھی دلچسپی بھی نہیں تھی۔بے شک جتنی بھی خوبصورت لڑکی ہو لیکن جب سے میں نے مشتزنی پر کنٹرول کیا تو اب میری ہر وقت سوچ لڑکیوں کی طرف ہی ہے  لڑکیوں کے بارے میں سوچنا ہر وقت ذہن میں لڑکیوں کا خیال ہی رہتا ہے بہت زیادہ دلچسپی ہو گئی ہے لڑکیوں میں اس کا کوئی حل بتائیں اور یہ کیا وجہ ہے جب میں مشتزنی کرتا تھا تو لڑکیوں کی طرف میری کوئی تھوڑی سی بھی دلچسپی نہیں تھی اور جب کنٹرول کی تو اب ہر وقت میرے دل دماغ میں لڑکیاں ہی رہتی ہیں؟؟؟ See less
608,Assalamualaikum Bhai Jan mara challenge ko mhina honay Wala ha chlty guzrty larkio pr nzr par jati lakn porn or mz nhi ki or alhamdulilah Mari engagement Hogi ha or Mari mangatar msj ya voice pr bat kar lati ha din ma thori BHT ma ni Chahta tha k ma Kru ma mna b ni krna Chahta JB ma bat Kru to mafs ma asa lgta jasa ktry agy ma kia Kru mara challenge PR koi asar to ni hoga pahly ma bht easy hora tha lkn jb but Kru to ktro ka khtra hota
609,"اسلام علیکم
میرے چلینج کو 140 دن ہوگئے ہیں میری عمر 19 سال ہے اور میں غیر شادی شدہ ہوں 
الحمد للہ چیلنج بہت اچھا رہا ہے اور بہت سی تبدیلیاں بھی آئی ہیں 
لیکن ابھی مسئلہ ہے کہ 
مجھے پہلے تقریباً 50 دن بعد احتلام ہوا تھا اس کے بعد 20 دن بعد مسلسل 2 دن احتلام ہوا اور 10 دن بعد مسلسل 2 دن احتلام ہوا ہے 
مجھے احتلام 2 دفعہ ہو رہا ہے اب آپ بھولینگے ہے نارمل ہے لیکن میں بہت پریشان ہوں اس کی وجہ سے میں ایک کام کر رہا ہوں اس میں بہت مشکل اتی ہے جب احتلام ہوتا ہے دماغ بلکل نہیں چلتا اور سستی بہت زیادہ ہوتی ہے جس سے کام ڈسٹرب ہوتا ہے 
اور موڈ آف ہوتا ہے اور confidence لو ہو جاتا ہے سر میں درد رہتا ہے کوئی کام کرنے کا دل نہیں کرتا 
میرا سوال یہ ہے کہ میں احتلام سے کیسے بچوں یہ مجھے بہت تنگ کر رہا ہے مطلب میری محنت یا کامیابی میں رکاوٹ بن رہا ہے 
میں اپنی سوچ کو بھی پازیٹو رکھتا ہوں او خود کو بزی بھی رکھتا ہوں میں احتلام سے کیسے بچ سکتا ہوں تا کے یہ کم سے کم ہو۔ 
سب سے بڑا مسئلہ یہ ہے کہ میرا دماغ نہیں چلتا اور سستی رہتی ہے See less"
610,"ارادے جن کے پختہ ہوں 
امید جن کی اللّٰہ سے وہ 
تلاطم خیز موجوں سے 
وہ گھبرایا نہیں کرتے 
چیلنج ہر حال میں جاری رکھیں 
صبر کا دامن نا چھوڑیں 
ان شاءاللہ آپ ضرور کامیاب ہونگے 
صرف ایک چیز ذہن میں رکھیں 
کہ آپ نے مایوس بلکل نہیں ہونا 
اور نا یہ سوچیں کہ میں نہیں کرسکتا 
آپ کرسکتے ہیں بشرطیکہ مایوس نا ہوں 
اللّٰہ تعالیٰ ہم سب کا حامی و ناصر ہو آمین See less"
611,"اسلام علیکم 
میری شادی کو ایک ہفتہ ہوا ہے مسئلہ یہ آرہا ہے کے جتنی دیر تک کسنگ وغیرہ کرتے رہو تو حالت نارمل ہے لیکن جیسے ہی اندر ڈالنے کی کوشش کرو تو بہت جلد ڈسچارج ہو جاتا ہوں ، اور دوسری دفع کیلئے سختی بھی بھت لیٹ سے آتی ہے ، براہ کرم کوئی دوست اس مسئلے سے نجات پانے کی رہنمائی کرے کہ یہ نارمل ہے یا کوئی تشویش عمل ہے۔"
612,"میرا نفس ہائپر سینسیٹو ہوگیا ہے بہت حساسیت آگئی ہے نفس میں
 ٹچ ہوتے فارغ ہوجاتا ہوں پلیز کوئی علاج بتائیں  غیر شادی شدہ...!"
613,"زنا 3 چیزے برباد کر تی ہے  
1"" عقل 2*:شکل 3""'. نسل 
اللہ ہم سب کو اس گناہ سے محفوظ رکھے امین"
614,"Let's welcome our new members!
Muhammad Tayyab
,
Waji Prince,
Shahzaib Jutt 
,
Sekandar Khan
,
Kamal Khan,
Ch Hassan,
Shahzain Ahmed
,
Waqas Fiaz Dgms
,
دولت صادق
,
Mirfan Jan
,
مہر عمیر اسلم وصلی
,
QamarZaman Orakzai
,
Aoun Malik
,
M Ahmad Ali
,
Raheem Pervaiz
,
Sehar Mirza
,
Pʀiŋcɘ Sʌɭmʌŋ Kʜʌŋ
,
Na Pooha
,
Mohammad Nadeem
,
مانو بلا
,
Masoom Khan Massimo Khan
,
Inam Khan
,
Rizwan Jani
,
سردار سیفل سدھو
,
Muhammed Faizullah Muhammed Faizullah
,
Nisar Junejo
,
Abdul Khalique Junejo
,
Abbas Ahmed
,
Hashir Hashir
,
Wahab Khan
,
Ahmed Bin Mansoor Mansoor
,
Zeeshan Khan
,
Rashid Nazeem
,
Talha Khan
,
Arslan Aslam
,
Still Alive
,
Akram Gujjar
,
Faizan Akhtar
,
Shawal Ihsan
,
RɘHɱʌŋ MʌLɩĸ
,
Student Of  Masood 
,
Haider Basra
,
Kojja Bacha
,
آفتاب افضل
,
علی علی
,
Alyian Alyian
,
Mh Baloch
,
Sarf Tum
,
Rahmat Khan
,
Ali Ali
,
Imran Niazi
,
Shirzad Ahmadi
,
اتل جان پکتياوال
,
Yaseen Shehzad
,
Moeen Raza
,
Pindi Foods
,
Syed Shujaat Hussain Shah
,
Kh An
,
Hafiz Azhar Qayyum
,
Choudhary Usama Ali
,
Umar Jutt
,
Nisar Shah
,
Abdullah Hadi
,
Najeeb Ullah
,
Muhammad Huzaifa
,
Yasir Khan
,
Aikrash Abbasi
,
Saqib Khan,
محمد عمر کلیار
,
Tajjamal Ali
,
Malik Jarrar Hadir Awan
,
Hina Malik
,
افغان مومند
,
Asghar Ali
,
Malik Talha
,
میاں ثقلین اختر
,
Mohammad Yahya Ess
,
Muneer Ahmed
,
Jawad Khan,
پیارا لڑکا
,
Shoaib Jaan
,
Shafi Ullah
,
Arshad Ali
,
Sabtain S Chaudhary
,
Muhammad Adil
,
Alhadi Online Quran Academy
,
Osama Janweri
,
Hasnain Khan
,
Ihsan Saqibi
,
Azan Ahmad
,
Bilal Jutt
,
Adnan Raza
,
Muhammad Bïläl
,
Adil Ansari,
Evelyn Morgan,
CH DaNi
,
Johan Kalo
,
Waqas Ahmed
,
Ibrahim Khan
,
justanotherhuman
,
Muhammad Bilal
,
Hart Toucher
,
Akhtar Ali Akhtar Ali
,
Hafiz Urahman
,
Ihŝan Emirätěi
,
Shahwali Khan
,
Ak Ak
,
Zeeshan Ali
,
Ghfar Shah
,
M Mahsood
,
Farhad Khan
,
Awìšh Mãlîķ
,
Meerab Ali
,
Adnan Sami Sami
,
Asif Asif
,
Mudassir Ahmad
,
Hassan Khokhar
,
Sha Khan Khan
,
Faizan Mir
,
Baswer Khan
,
Ali HaiDer
,
Faisal Nawaz SF
,
AbiHa Rajpoot
,
شفاعت نوید عباسی
,
Musrat Nabeel
,
Bilal Afghan
,
Ghulam M Ghulam
,
Zubair Khan
,
Safdar Naeem
,
Zahid Zahid
,
Mishalaan Farhanday
,
Imran Haider
,
Hammad Khan Hammad Khan
,
عرفان حيدر وسطڙو
,
Shahzad Khan
,
ملک سنجار
,
Syed Zakir Shah BukhaRi
,
Shah Zain
,
Shahzaman Talpur
,
Ijaz Ahmad Wattoo
,
Dildar Ahmad
,
Yasir Ali
,
Talash Insaniyat
,
چوھدری پنڈی آلے
,
Ishtiaw Ahmed
,
Zain MaLik
,
Arslan Ahmad Maher
,
Adv Muhammad Asif Khan
,
Sweeto Meeto
,
Malik Usman Veterinarian
,
شیرزمان اریان
,
Kamran Khan
,
Shzal Noor
,
Umar Farooq
,
Haji Hasnain
,
Innocent Mirza
,
Kabir Khan,
Zain Baadshah,
CH Asif Ali
,
Nazakat Ali,
Jaseem Khan
,
چوہدری عمر
,
Zahid Atiq
,
Iqbal Ka Shaheen
,
Hasnat Ali Khan
,
Sohail Zartash
,
Ziet Ullah Kharoti
,
Arhum Naveed Ahmad
,
Alex Zain
,
Bahadur King
,
Amar Yasin
,
Rawal Qasim Khosa
,
محمد ارمانی
,
M Naveed M Naveed
,
Malik Momo
,
Rafay Durrani
,
Saad S.
,
Israr Khan
,
Ali Rehmat
,
Zaryab Khan
,
Nadeem Javed Sialvi
,
Professorr Crypto,
Comedyian Stat
,
Imran Billa Imran Billa
,
ایان راز
,
Faruk AllaiWal
,
CH Shoiab Chshoiab
,
Muhammad Malik
,
Aizaz Ali
,
拉萨德
,
MR.jack YT
,
Syed Abdul Rehman
,
Ajmal Afghan
,
Bijar Baloch
,
Janan Khan,
Nadeem Iqbal
,
Raja Jee Raja
,
Muhammad Waqas
,
Ziya Alla Ditta
,
Fazal Khan
,
حمزہ ظفر
,
Usman Sialkot
,
Aziz Urrahman
,
Shafi Dayo
,
Dawood Ahmad
,
Usman Ali
,
Ikram Swati
,
Zubair Lateef
,
Priencess Ayesha
,
Naeem Brohi
,
فضل جان
,
Waseem Khan
,
Jutt Sab
,
Ahmad Raza
,
Huzaifa Raheem
,
Ehsaan Khan
,
Muhammad Shakeel
,
Muhammad Zeeshan
,
Abdullah Khan
,
Zain Ul Abideen Jutt
,
M Sna Ullah Gujjar
,
Kaleem Butt
,
Azizurrahman Azizurrahman
,
Ahmad Mumtaz
,
Arsalan Khan Akozaee
,
Fani Kotla
,
Younis Bng
,
Zeeshan Hassan
,
Imran Ashraf
,
محمد معاذ سعید
,
Muneeb Shah
,
Salman Khan
,
Waqeel Khan
,
نجیب مینوال باجوڑ
 See less"
615,"السلامُ علیکم
قطروں کا مسئلہ بہت زیادہ ہے میرے ساتھ اگر تھوڑا سوچ لو یا ٹک ٹاک پر یا فیس بک پر کوئی ویڈیوز دیکھ لو تھوڑا سا تو قطرے نکلتے ہیں۔ 
اور یہ سب سے بڑا ٹریگرز ہے میرے لیے کیونکہ پھر سوچتا ہوں اب تو کپڑے ناپاک ہوگیا ہے اب مشت زنی کرتا ہوں 
اس کا کوئی حل نارمل سی ویڈیو پر بھی قطرے نکلتا ہے اگر کوئی میڈ یسن ہو تو وہ بھی بتا دیں۔"
616,الحمدواللہ سفر جاری ہے تمام ایڈمن صاحبان نصیحت فرمائیں آنے والے دنوں کےلئے الحمدواللہ ڈیلی روٹین میری نماز قرآن مجید کی تلاوت اور درود شریف ۔
617,"بھائ میں نوفیپ کرنا چاہتا ہو ایکسرسائز بھی کرتا ہو لیکن کچھ دن بعد مُٹھی لگ جاتی ہے۔  اور مٹھ نکلنے سے ایک دو سیکنڈ پہلے ہی پچھتاوا ہونے لگتا ہے اور اس وقت رُکنا بالکل امپاسبل لگتا ہے۔۔ 
اور دوسری بات ہر چھوٹی چھوٹی بات پر کھڑا ہونے لگتا ہے۔"
618,سر پہلے ہر روز 3 بار کرتا تھا۔ اور اب کبھی 20 دِن یا 30 دِن ہو جاتا ہے۔ لیکن اب حالات اور خراب ہو گئے ہے۔ اگر کبھی قطرے نکل جاتے ہیں ہے تو چہرہ بے رونق ہو جاتا ہے بہت کمزوری محسوس ہونے لگتی ہے۔ جتنا کم کرتا ہے رہا ہو پریشانیاں بڑھتی جا رہی ہیں۔ نفس اور کمزور ہوتا جا رہا ہے۔ نیند کے مسئلہ ہو گئے ہیں یہ سب 4 سال سے ہو رہا ہے ابتک میں ۱۵ سال کیا لیکن پچھلے 4 سال سے بہت کم کیا ہو لیکن بجائے ریکوری کے اور مصیبت بڑھتی جا رہی ہے۔
619,My challenge Start ha bht acha feel ho rha ha rat ko ahtlam howa ha kabi qatry b aty ha pishab KY sath
620,"Asslam o alaikum bhaio
Me pehly bhi boht dfa post ker chuka hon mery challenge ko aj 42 days ho chuky hain mujy masla tha Erection ka lekin ab Alhamdu lillah bilkul thk hon subha ki erection thk ho gae he
Ab 1 issue he is challenge sy pehly me ne 30 days sy ziada control kiya tha us me meri diet boht achi thi me ne dry fruit ko powder kiya tha sath me kuch desi jari botian shamil ki thi aur me khali pait dodh k sath leta tha but wo 30 to 35 days bad control khatem ho gya but ab challenge jo he wo shadi tak in'sha'Allah karon ga ab 20 april tak me ne wo diet use ki to meri legs me pain hony lag gya phr me ne wo diet chor dii lekin abhi me pain hota he boht 2no legs me ye kia masla ho sakta he
Halanky Alhamdu lillah mujy koi weakness nae he MashaAllah boht active hon mera kam bhi boht hard he Me solar Installations kerta hon lekin legs me pain ki wajah sy tension me hon
Kindly guide ker dain please See less"
621,پورن دیکھنے سے چیلنج ٹوٹ جاتا ہے جبکہ فارغ ہونے سے پہلے چھوڑ دیں
622,"عمر 25 سال غیر شادی شدہ 
جب پیشاب کرتا ہوں تو اس کے بعد قطرے آتے ہیں نماز پڑہؤں یا وزن اٹھاؤ 
اور تھوڑی بہت غلط خیال آنے سے یا منگیتر سے سیریس بات بھی کرلوں تو لیس دار قطرے آتے ہیں اور کپکپاہٹ کا شیکار ہوجاتا ہوں جیسے زمین پیروں تلے نکل گئی 
جو لوگ کہیں گے نماز پڑھو انکے لئے عرض ہے الحمداللہ 5 وقت نماز پڑھتاہوں"
623,"Po*n addiction sy bhut Tang agaya ho zara sa zhn mein khayal ae Bardasht ni hota Bhut koshah kr rha ho but 
 IN SHA Allah' is dafa 100 Days Complete Krke Post kro Ga Mere liye Sab Bhai dua krna Allah pak hr kise ko is Fahashi se Door Kre Ameen Suma Ameen"
624,"اسلام و علیکم۔
میری عمر 23 سال ہے ۔
تقریباً 11/12 سال کی عمر میں مجھ سے بڑے لوگوں نے مجھے خراب کیا اور شروع شروع میں روز نفس کو رگڑتا تھا جوان بھی نہیں تھا 2/3 منٹ رگڑنے کے بعد درد شروع ہوتی تھی اور پھر جلن۔ہوتی تھی ہاتھ چھوڑ دیتا تھا ۔
مطلب یہ۔کہ۔خود کو زبردستی جوان کیا ۔۔
پھر 12/13 سال کی عمر میں 1 دن میں 5 سے 6 بار مشت زنی کرنا لگا مزا آنے لگا جس کی وجہ سے عادت لگ گئی ۔۔
اس کے بعد نفس کو رگڑ رگڑ کر جلدی انزال کرنے لگا ۔
شروع شروع میں تو 10 منٹ تک ٹائمنگ ہوتا تھا لیکن۔مسلسل رگڑنے اور دن۔میں 5/6 بار مشت زنی کرنے سے ٹائمنگ 0 ہو گیا ۔۔
نفس تو اب بھی ٹھیک کھڑا ہوتا ہے لیکن ٹائمنگ 15 سے 20 سیکنڈ ہے ۔۔
20 سال کی عمر میں میں نے شادی کی وہ شادی شدہ عورت طلاق یافتہ تھی ۔۔
گھر کی مجبوریوں کی وجہ سے کرنی پڑی لیکن وہ شادی 1 سال بھی نہیں چلی ۔۔
اس سے ہمبستری کے دوران پھر یہی حالت یہی مسئلہ ۔۔
بالکل ہمبستری کرنے کا بیوی سے ملنے کا مزہ نہیں آتا تھا بس گرمی ہوتی تھی جو بیوی کے دخول سے پہلے میں فارغ ہو جاتا تھا بیوی ہنستی رہی ۔۔
8/9 ماہ شادی کو ہوۓ تو وہ بیوی خلع لے گئی ۔۔
ایک رات میں بیوی کے پاس 2/3 بار ایک ہی وقت میں ہمبستری کرتا رہا لیکن فورا انزال والا مسئلہ تب بھی ختم نہیں ہوا ۔۔
اب ایک اور جگہ رشتہ ہوا ہے منگنی ہو گئی ہے لیکن وہ لڑکی کنواری ہے ۔۔
میں ابھی تک۔اس لت سے نہیں نکل سکا اور مسئلہ وہی 15 سے 20 سیکنڈ کی اندر فارغ ہو جاتا ہوں ۔۔
براہ کرم اگر کوئی اللّٰہ کا بندہ میری پریشانی سمجھتا ہے تو مجھے بتائیں کہ اس چیز کا علاج ہوگا یا کوئی طریقہ کار ہے ۔۔
 ہاتھ باندھ کر گزارش ہے میرا مسئلہ حل کروائیں ۔۔ See less"
625,"نوفیپ چیلنج کرنے والے اکثر لڑکے  بتاتے ہیں کہ جب تک انہوں نے چیلنج شروع نہیں کیا تھا ، ان کے جسم میں کوئی درد نہیں ہو رہا تھا جب کہ چیلنج کے بعد جسم کے مختلف حصوں میں درد رہنے لگا ہے۔ اس درد یا بے چینی کی وجہ جاننے کے لیے ایک چھوٹی سی مثال سامنے رکھیے۔
اگر ایک بندہ روزانہ عصر کے وقت چائے پینے کا عادی ہو ۔ یہ شخص ہر روز جب   عصر کی نماز پڑھ کے آتا ہے تو  لازمی  چائے پیتا ہے۔ اس نے ایک  وقت  مقرر کیا ہوا ہے ۔ لہذا جب بھی مقررہ وقت ہوگا اسے چائے کی شدید طلب ہوگی۔ چائے ملنے پر زیادہ  تاخیر ہو تو اسے لگنے لگے گا کہ  اس کا جسم  ٹوٹ رہا ہے  یا اس کے  سر میں درد ہو رہا ہے۔  یا سگریٹ کی مثال لی جاسکتی ہے۔ اکثر لوگوں کا کوئی ٹائم ہوتا ہے سگریٹ پینے کا۔  
 اب فرض کریں اس کو ڈاکٹر نے کہہ دیا کہ اب چائے نہیں پینی جو مرضی ہو۔ یا سگریٹ والے سے کہا کہ سگریٹ چھوڑنی ہو گی۔ کیونکہ آپ کی رپورٹس ٹھیک نہیں ہیں۔اب اس نے سوچ لیا کہ میں یہ کام نہیں کروں گا۔ سگریٹ نہیں پیوں گا یا چائے نہیں پیوں گا تو اس کو کچھ دن تو چائے کی طلب ہوگی ۔اس کو کچھ دن ایسے لگے گا جیسے میری جان نکل رہی ہے۔ میں سست ہو گیا ہوں میرا کام نہیں ہو رہا لیکن اب چونکہ اس کو پتہ ہے کہ اس کام کا نقصان ہے اس لیے وہ یہ کام نہیں کرے گا۔
اسی طرح چیلنج میں بھی ہوتا ہے کہ جب تک آپ  ایک روٹین پہ لگے ہوئے تھے سب نارمل لگ رہا تھا۔ کئی  لڑکے تو کہتے ہیں کہ جب ہم دن میں ایک سے زیادہ بار بھی مشت زنی  کرتے تھے تو  کبھی کمزوری محسوس نہیں ہوئی۔ کبھی  کوئی درد نہیں ہوا۔ موڈ آف نہیں ہوا۔ اب جبکہ ہم نقصان دینے والے کام کو چھوڑ چکے ہیں تو اب درد یا ایک مستقل تھکن سی کیوں محسوس ہوتی ہے۔ موڈ آف رہتا ہے۔ چڑچڑا پن ہے۔ گھر والوں سے لڑنے کا دل چاہتا ہے۔ 
تو اس کی وجہ یہی ہے کہ  اب آپ اپنے دماغ اور جسم کو زبردستی اس روٹین سے ہٹا رہے ہیں، جیسے سگریٹ یا یا چائے پینے والا بندہ ہٹا رہا تھا ۔تو اب آپ کا جسم ری ایکٹ کررہا ہے ۔ جسم  پہلی روٹین کا (چائے کی طرح )عادی  ہو چکا تھا۔دماغ میں کسی بھی عادت کا ایک پیٹرن بن جاتا ہے ۔جسے زبردستی تبدیل کرنے پر جسم اور دماغ ری ایکٹ کر رہے ہیں ۔ لیکن آپ نے اس ری ایکشن سے بالکل گھبرانا نہیں ہے بلکہ اس  کوبرداشت کرنا ہے، کچھ دن یا کچھ ہفتے۔ آپ  کوکچھ وقت لگے گا ۔ اگر آپ کی نظر مستقبل پہ ہوگی کہ یہ وقتی تکلیف میں برداشت کر لوں گا لیکن آگےچل کر یہ میرے لیے فائدہ مند ہو گا تو پھر آپ کو یہ زیادہ مسئلہ محسوس نہیں ہوگا۔
چیلنج کے دوران متبادل سرگرمی کی بات بھی اسی لیے کی جاتی ہے۔ آپ کوئی نا کوئی ایسا کام کیجیے  جس سے آپ کو خوشی ملتی ہو جیسے دوستوں کے ساتھ وقت گزارنا یا پھر  گھر میں کوئی پالتو جانور رکھنا۔ بعض  لوگوں کو جانور پسند نہیں ہوتے ان کو پودے پسند ہوتے ہیں تو ایسی کوئی ایکٹیوٹی اپنی زندگی میں رکھیں جس سے آپ  کا یہ ٹائم پیریڈ ، جو  مشکل لگ رہا ہے  یہ آسانی سے گزر جائے۔بس  آپ نے حوصلہ رکھنا ہے کہ یہ ہر بندے کے ساتھ ہوتا ہے صرف آپ کے ساتھ نہیں ہو رہا اور یہ وقت گزر جائے گا۔ پھر آپ کی زندگی بہترین ہو جائے گی۔
ہم جن لڑکوں کی کہانیاں آپ سے شئیر کرتے ہیں جو چیلج پورا کرچکے ہیں ، آپ اگر ان کی وائس سنیں یا ان کی تحریر پڑھیں تو اس میں انہوں نے ذکر کیا ہوتا ہے کہ ہمارے ساتھ کئی دفعہ ایسا ہوا کہ حالت خراب ہو گئی اور کسی کام میں دل نہیں لگتا تھا لیکن ہم نے کمٹمنٹ کے ساتھ چیلنج کو پورا کیا اور اب بہت خوش ہیں۔ کچھ ہفتے بعد آپ بھی انشاءاللہ ان میں سے ایک ہوں گے۔ ایک نہ ایک دن آپ کی زندگی میں بھی ایسا ضرور آئے  گا جب آپ ان ساری  ذہنی اور جسمانی پریشانیوں سے گزر جائیں گے۔ اس وقت تک بس آپ نے حوصلے سے یہ وقت گزارنا ہے۔اسی لیے نوفیپ کے تمام ایڈمنز آپ کو رہنمائی اور حوصلہ بھی دیتے ہیں تاکہ آپ کا یہ وقت آسانی سے گزر جائے۔
اللہ ہم سب کو توبۃ النصوح نصیب فرمائے۔ آمین See less"
626,"سترہ برس سے اس بری لت میں پھنسا ہوں ۔۔۔۔۔دوستو سب کچھ
 لُٹ گیا ہے ۔حُسن، ترقی کے مواقعے۔
دوستوں کی محفلیں۔۔۔لوگوں سے ہنسی مذاق۔
ہر وقت سوچوں کے انبار۔دلی مسرت ختم ہوچکی ہے ۔اپنے یا کسی کے کام میں کوئ دلچسپی نہی رہی ۔۔۔
دل اداس۔۔۔۔۔شادی کا کوئ خواہش نہی ۔عمر تیس برس ۔۔۔۔مشت زنی گزشتہ دو مہینے سے غالبا 80 فیصد کم کر دی ہے پھر بھی ریکوری بہت سلو نا ہونے کے برابر ہے ۔۔۔۔۔۔۔۔۔۔۔۔۔۔۔۔گھر والے شادی کے لیے پریشان ہیں ۔۔۔گھر میں بس اب میری ہی شادی باقی رہ گئ ہے ۔۔۔باقی سب بہن بھائ شادہ شدہ ہیں ۔
۔۔۔۔۔
دستو پلیزززز باز آجاو ۔۔۔آپکو معاشرے میں نشہ کرتے لوگ ضرور اچھے نہی لگتے ہونگے ۔۔۔کیونکہ وہ سب کے سامنے نظر آتے ہیں ۔انہوں نے اپنے گھر اجاڑے ہیں ۔لیکن آپ اور میں ان سے بھی بڑے نشئ ہیں 
کیونکہ ہم نفساتی  فزیکلی معاشرتی ہر لحاظ سے تباہی کا شکار ہیں ۔
ہم مفت کے نشے میں پھنسے ہوۓ ہیں ۔
جو ہر وقت آسانی سے دستیاب ہے ۔
بس زرا سی تنہائ ہمارے لیے زہر قاتل ہے۔
ہمارے چہرے چیخ چیخ کر اپنوں اور بیگانوں کو بتلا رہے ہوتے ہیں کہ ہمارے دل غلاظت سے بھرے ہوۓ۔   ہمارےچہروں کی بے رونقی ہماے دلی جذبات کی عکاسی کرتی ہے ۔
ہماری بد قسمتی یہ بھی ہے کہ ہمیں ہمارہ کوئ اپنا شرم کے مارے منع بھی نہی کرسکتا ۔
وہ دل ہی دل میں ہمارے راہ راست پر آنے کے منظر رہتے ہیں ۔۔۔۔۔۔
یہ نشہ وقت کے ساتھ ساتھ  ایک ایسے حساس  زخم کی شکل اختیار کر لیتا جسے بال کے برابر بھی ٹھوکر لگے تو یہ تازہ ہو جاتا ہے۔۔۔۔۔
اسی  لیے ہمیں ۔تنہائ کی ٹھوکر سے 
پورنو گرافی کی ٹھوکر سے
حتی کے کسی بالکل نارمل لباس میں بھی کسی خوبصورت لڑکی کی فوٹوگرافی بھی ہمارے زخم کوتازہ کر دیتی ہے ۔
۔۔۔۔
یہ ہمارے زہنی کی حساسیت کی انتہاہے ۔جو مسلسل بد نظری سے اس نہج تک ہمیں ہہنچا دیتی ہے ۔
دعا ہے کہ اللہ پاک ہمارے معاملات درست فرماۓ ۔
اور تمام دوستوں کا مستقبل روشن فرماۓ ۔سب کو نیک صالح اعمال کرنے کی توفیق عطاء فرماۓ ۔
آمیں See less"
627,"NoFap — Day 8 
آج میرا NoFap کا آٹھواں دن ہے…
اور الحمدللہ… 7 دن مکمل ہو چکے ہیں۔ 
اب ایسا لگ رہا ہے جیسے ایک نیا سفر شروع ہو رہا ہے…
Day 8 سے لے کر Day 14 تک کا سفر۔
سچ بولوں تو…
پہلے 7 دن صرف اپنے آپ کو روکنے کی جنگ تھی…
لیکن اب میں اپنے آپ کو بدلنے کی کوشش کر رہا ہوں۔
کل میں نے ایک چیز نوٹس کی…
جب انسان خود کو واقعی busy رکھتا ہے نا…
تو دماغ کو فضول چیزوں کا وقت ہی نہیں ملتا۔
میں نے اپنا ایک YouTube channel بنایا…
اور صرف ایک ویڈیو پر تقریباً 6 گھنٹے لگا دیے۔
اتنا فوکس تھا کہ وقت کا پتہ ہی نہیں چلا…
اور جب کام ختم ہوا…
تو میں اتنا تھک چکا تھا کہ بستر پر جاتے ہی نیند آ گئی۔
نہ کوئی غلط خیال…
نہ urge…
نہ relapse کا ڈر…
بس سکون والی نیند۔ 
اب مجھے سمجھ آ رہی ہے کہ
NoFap صرف “چھوڑنے” کا نام نہیں…
بلکہ اپنی energy کو کسی بہتر چیز میں لگانے کا نام ہے۔ 
Day 8…
Still fighting. Still improving. See less"
628,"اسلام علیکم بھائیو,میرا سوال یہ ہے کہ میں نے کبھی غلط   ویڈیوز یا کوئی غلط کام نہیں کیا مطلب م ش ت زنی وغیرہ لیکن پھر بھی جب کبھی تناؤ/سختی آتی ہے تو میرے نفس کے گرد ایک ناروں کا گچھا آ جاتا ہے مطلب رگیں اوپر والی تہہ میں آجاتی ہیں جو کہ بہت زیادہ پمپ ہوئی ہوتی ہیں، پلیز رہنمائی فرمائیں اس کا کیا مطلب ہے اور یہ ایسا کیوں ہوتا ہے"
629,اسلام علیکم اکثر میں نے گروپ میں دیکھا ہے کہ سب بھائی بولتے ہیں کہ حقیم کے چکر میں نیں پڑنا چاہیے حقیم سے دوائی لینے سے کیا نقصان ہے کوئی بھائی بتا سکتا ہے میری شادی ہے 6 مینے بعد تو سوچ رہا ہوں شادی سے پہلے کوئی کورس کر لوں میں نے بہت زیادہ مسٹربیشن کی ہے تقریباً 13 14 سال میری عمر 27 سال ہے عیرکشن کا مسلہ ہے مجھے نفس کھڑا ہوتا ہے اور قطرےاتے ہیں اور نفس ڈھیلا ہو جاتا ہے تو مجھے کیا کرنا چاہئے میرا چیلنج 45 دن بعد ٹوٹا پھر سٹارٹ کیا آج دوسرا دن ہے
630,"اسلام علیکم 
میں لاہور میں رہتا ہوں اور اکیلا ہوتا ہوں تو اکثر پورن دیکھتا ہوں مشت زنی نہی کرتا تقریبا 20 سال سے اس لت کا شکار ہوں پلیز کوئ مجھے گائیڈ کرے کیسے نکل سکتاُہوں بہت پریشان ہوں ٹینشن اور ڈپریشن بھی بہت رہتی ہے"
631,Masht zani chor di the challenge ko 115 days ho gy hain shadi ko ak month ho gea Hy jb bivi sy Milab ho jata h us k bad muscle m pain strt ho jata h back side py ya koi na koi muscle charh jata h kia krun aisa k thk ho jaon achy sy
632,السلام علیکم گروپ حضرات کیا حال ہے امید کرتا ہوں اپ سب خیریت سے ہوں گے میں یہ روزانہ گولی کھاتا ہوں کیا یہ گولی صحیح ہے صحت کے لیے کیونکہ ابو نے مجھے ایک گولی لے کر دی ہے اس نے کہا ہے کہ یہ صحت کے لیے اچھا ہے اور اس میں کوئی بھی نقصان نہیں ہے کیا واقعی پلیز رہنمائی فرمائیے گا
633,"Let's welcome our new members:
( اہم گروپ رولز ) جن پر عمل کرنا انتہائی ضروری ہے۔
1) کوئی بھی ممبر کسی بھی پوسٹس یا کمنٹ پر ھنسی 
 اور اینگری 
 والی ایموجی نہیں لگائے گا۔ 
2) کوئی بھی ممبر کسی کو بھی ان باکس نہیں بلائے گا  
3)گروپ میں کسی بھی قسم کی میڈیسن دوائیاں ،نسخے تجویز کرنا سختی سے منع ہے ۔ 
رولز کی خلاف ورزی کرنے کی صورت میں گروپ سے ہٹا دیا جائے گا ۔  جزاک اللہ خیرا 
Umer Sialvi
,
Allha Wali
,
Aimal Khan Aimal Khan
,
Asad Magsi
,
Ahmed Zain,
M Talha Qurashi
,
Mohsin Raza Raza
,
Mian Irfan Bodla
,
Abdul Rehman
,
Zafar Iqbal
,
Ammar Hassan
,
Abbasi Abbasi
,
Sohail Khan
,
Usama Ali
,
Babar Jan
,
Salaar Khan
,
احمد السيد,
Ali Haider
,
Sardar Hanna
,
Muhammad Afzaal Khan
,
Noor Khan
,
Bilal Hussain
,
Nasir Ali
,
Islamkhan Lala
,
جت والا نیوز
 ,
Adnan Gujjar
,
Abbas Khattak
,
Faisal Ansari
,
Itx Malik
,
Zain Ali
,
Hassan Choudary
,
Hasnain Khan Hasnain Khan
,
Abdu Rhman
,
Hasnain Sabir
,
Ishrat Hussain
,
Usman Karim
,
Md Mijan Uddin
,
Azan G
,
Narowali Bou
,
Shakeel Ahmed
,
레자알리
,
Ameer Hamza
,
Sulman Kh
,
Zain Chadhar
,
Prince Najeeb
,
Azam Ali Abbasii
,
Khalid Iqbal
,
Haris Rajpoot
,
SherGul BuGti
,
خبرنامہ سرايے عالمگیر
,
Dawood S Zakhmi
,
Kamran Khan
,
Umar Nasih
,
Zakriya Jee
,
Sanh Sanh
,
Moin Shaikn
,
Muhammad Yaseen Khattak
,
Usama Zameer
,
Journalist Pak,
Owais Akram
,
Ayan Khan Fsi
,
Buttni Butt
,
Ghuri Ghuri
,
کالا چور کالا چور
,
Kashi Raj
,
Uzair Uzair Phatan
,
Ahmed Ali
,
Ch Imran,
Malik Asif
,
Ali Asghar
,
Innocent Prince
,
Ashiq Ali
,
Khan Baba
,
Zainab Fatima
,
Job Note
,
Mohsin Awan,
Ayan Khan,
Muhammad Ali
,
H Ali Khan
,
Munna Bhai
,
Mosawar Ali
,
Aman Ullah Shah
,
Rida Zulfqar
,
Tahir Abbas Khan
,
Zulfiqar Khan
,
Awais Aman
,
امجد اللہ خراسانی
,
Kes Cheong,
Jiga Jiga
,
Huzaifa Khan
,
کاشف رضا
,
Khizar Abbas
,
Tiger Smooth
,
Hafiz Imdad
,
نیک محمد سعدی
,
Musa Khan
,
Z Gee
,
Mi Husband,
Hammad Ahmed
,
Saqib Farooq
 See less"
634,"Aik problem ya ha challenge to chl rha lkin ankho ma dhundla lgna bhook zyada lgna asman pr dekhu to stars type nzr atte ha kya wja ha
Challenge 28 days"
635,2025 کے آخری میں نومبر سے شروع کیا ہے تقریباً اب 175+ ہوگیا ہے یاد رکھیں میں نے پہلے 50 دن پر 26 دن تک گیا اس کے بعد نومبر سے شروع کیا جو الحمدللہ ابھی تک قائم ہے
636,Assalamu Allikum bhai jan m shadi h 15 sal se is lat m hun ireection issue h kia m chalange start kr k jan tk thik ho jao ga please btye mri ireection issue nmaz b perta hun thori bht excercies b please btyen
637,"نیچے آپ تصویر دیکھ سکتےہیں، بتانے کی ضرورت نہیں۔
بہت دنوں سے ذہن میں fog چل رہا تھا۔ کوئی کام نہیں کیا جا رہا تھا۔ 2,3 دن پہلے چیلنج ٹوتنے والا تھا لیکن پھر بھی کنٹرول کیا۔
کل انتہاں ہو چکی تھی ارجز کی، لیکن پھر بھی نہیں کیا۔ کیونکہ میں نے تمام چیزیں جس سے کوئی غلط  sitesکھولے، بند کر رکھی ہے
اور آج ایک browser جو block نہیں ہوا تھا، اس میں ایک site پر ہلکی سی جھلک پڑی، پھر ارجزز آۓ اور یہ کام ہوگیا۔
مجھے fog کا بھی بتا دیجۓ، اس time بہت تکلیف ہو رہی تھی۔ بہت مشکل سے اپنے آپ کو کنٹرول کر رہا تھا۔
اتنے دن میرے کافی عرصے بعد ہوۓ ہیں۔
Numan Saeed
 CH Hamza
@ See less"
638,agar koi 30 din porn ya masterbation k bagher re sakta h to kya addictive consider hoga?
639,22دن ہوگئے ہیں چیلنج کو کبھی کبھی بہت زیادہ کمزوری محسوس ہوتی ہے اور کبھی ٹھیک کوئی ڈرای فروٹ استعمال کریں ۔۔۔۔۔۔ اور 8 دن بعد شادی بھی ہے کیا کوئی مسلہ ہوگا یہ نہیں
640,"My first biggest streak since 2014 
Pray for me to hit target of 2000 Days or forever if alive Insha Allah"
641,"Yrr bhai koi help kr do ma buth Pershan ho Ma pichal 2 saal sa porn aur masterbataion chor na chata ho lakin nhi chor pa Raha ASA lagta ha ka mara nfas ka buth nuksan hoga ha aur ab ma kabi theek nhi ho payao ga 
 koi mara bhai Meri help kr do ma kasa isko chor aur is sa Jo nuksan huwa ha wo kasa theek hoga plz"
642,"ہمت کرے جو انساں تو کیا نہی بس میں 
            یہ ہے کم ہمتی جو بے بسی معلوم ہوتی ہے 
 یہ میرا پسندیدہ شعر ہے اور سہی بات ہے انسان کس بھی چیز کے لیے ہمت کرے کوشش کرے وہ ضرور حاصل کر لیتا ہے ، دیکھو ایک دن سے شروع ہونے والا سفر 78 ڈے پر پہنچ چکا ہے ، میں نے دل و جان سے کوشش کی ، اکثر بات ہوتی ہے ٹریگر پہچانو پر میں تو اس بھی آگے آٹومیٹک طریقوں سے بے وجہ کوئی بھی ٹایم پورن دیکھنا شروع کر دیتا تھا تو سب سے پہلے اس آٹومیشن عادت کو ختم کیا ، بھر سارے ٹریگر پہچانے اور ان کو ختم کیا ، 
موبائل جیب سے نکالتے ہوئے پہلے سوچا کیوں نکال رہا ہوں 
اور فیس بک کر بالکل کلین کیا کوئی ریلز کوئی گانا بھی نہی سنا 
یہ نہی سوچا گھڑا ہوتا ہے کہ نہی ، لمبا ہے کہ چھوٹا ، سیدھا ہے یہ ٹیڑھا بار بار چیک کرنے اور ٹچ کرنے کی عادت کو چھوڑا 
کبھی کبھی پوری پوری رات نفس نے تنگ کیا رات کو کولڈ شاور لیا ، 
کبھی کبھی ایسے جیسے اس میں جان ہی نہی ہے 
پر خوراک کو اچھا کیا تھوڑی ایکسرسائز شروع کی جس سے بہت جلد سب کچھ نارمل ہو گیا اب ایک نارمل زندگی ہے 
صبح کے مست اریکشن 
سارا دن چاک چوبند کوئی تھکاوٹ محسوس نہی ہوتی 
گندے خیال نہی آتے بس کنٹرولڈ خیال ہوتے ہیں 
کرنا بس یہی ہے کہ ہمت کرنی ہے پھر گروپ ایڈمنز کے بتائے طریقوں سے عمل کرنا ہے اتنا مشکل نہی ہے جتنا ہم سوچتے ہیں کیوں کہ ایڈمنسٹریٹر کی گائیڈنس اور سپورٹ ہمارے ساتھ ہے See less"
643,بہت پریشان ہوگیا ہو رمضان والی عید تک 80 دن کا چیلنج ٹوٹا اس کے بعد لگاتار مشت زنی ہورہی ہے 3 سال ہوگئے چیلینج کرتے کرتے لیکن ے کنٹرول ہی نہیں کررہا دماغ میرا
644,مجھے بھی مشت زنی کی عادت ہے کوئ مجھے بھی  شروع کروا دے چیلنج
645,Raat ko muje neehd me prone masterbation hogaya jab ankhola tuo sperm nikal chuka tha ab challenge tot gya ya nhi muje feel ho raha tha me prone masterbation kr raha hu please guide Lee challenge day 24
646,"*السلام علیکم*
مجھے ایک مسئلہ درپیش ہے۔ میں جب 20 سے 30 منٹ تک پیدل چلتا ہوں تو ٹانگوں میں شدید درد شروع ہو جاتا ہے۔ یہ درد 24 گھنٹے تک رہتا ہے، کبھی کبھی اس سے بھی زیادہ۔ 
درد کی وجہ سے ٹھیک سے نماز بھی نہیں پڑھ پاتا۔ اور کبھی کبھار تو بغیر کسی وجہ کے بھی ٹانگوں میں درد ہونے لگتا ہے۔
کیا کسی کو اس طرح کا مسئلہ ہوا ہے؟ یا کوئی ڈاکٹر/حکیم بتا سکتا ہے کہ یہ کس وجہ سے ہو رہا ہے اور اس کا علاج کیا ہے؟
جزاک اللہ See less"
647,Assalamualaikum Bhai Jan yr 5 din Hogy daily ahtlam horha ha kia Kru ASA to ma andr sa BHT week hojaoga
648,"age 31 single
 shadeed mayosi ki waja say ab urge b bohut kam ho gai h.. 
kya karain.."
649,میں اس گندی عادت سے نکلنل ہی پا رہا ہوں پلیز مجھے کوئی ایسا طریقہ بتائیں کہ میں اس گندی عادت سے چھٹکارا پاؤں کیونکہ میں تین دن سے اگے میرا چیلنج جاتا نہیں ہے میں بہت کمزور ہوں مجھے مجھے کوئی ایسا طریقہ بتائیں کہ میں اس گندی عادت سے چھٹکارا پاؤں پلیز رہنمائی فرمائیے گا
650,Asalam o alaikum challenge dubara shooro kr diya he AP SB Meray Liye Dua kren
651,"AOA admin bhai approve please meri shadi ko teen month hogai hai magar erection aur shewat zero hai abhi tak klo mashtzani ya porn nahi dekhi teeno months mei is sey pehle 11 sy 12 sal mashtzani ki koi aur hai jo shadi karke thek hua ho aur kitne month mei reports bhi sub clear hai doctor ney kaha tha performance anxiety hai ab to koo anxiety ya soch nahi hai phir bhi erection aur shewat bohut ziyada kamzor hai admin bhai jan please comment off na kare tanke sub apni kahani share kar sakey thanks 
 See less"
652,السلام علیکم پورن اور مشت زنی سے جو ہارمونس وغیرہ تبدیل ہوتے ہیں اور ہارمونس بگڑ جاتے ہیں تو اگر مشت زنی اور پورن چھوڑ دیں تو وہ پہلے کی طرح اپنی جگہ پر اور سب ہارمونس ری کور ہو سکتے ہیں اور نارمل ہو سکتے ہیں اور ٹھیک ہو جاتے ہیں پلز مجھے بتا دیں میں بہت پریشان ہوں اور پکا پر عزم کر لیا ہے میں نے اس کو چھوڑنے کا
653,"السلام علیکم میرے بہنو اور بھائیو! آج میں بہت پریشان اور بےبس ہوں۔ میری عمر ۲۳ سال ہے اور میں نے حال ہی میں DVM کی ڈگری مکمل کی ہے لیکن میں کرکٹ کو اپنے Profession کے طور پر اختیار کیا ہے کیونکہ میں بہت اچھی کرکٹ کھیلتا ہوں اور اچھے لیول پر کھیل بھی چکا ہوں، پڑھائی کے ساتھ ساتھ میں نے اسے بھی ساتھ رکھا ہے۔ 
لیکن میرا اصل مسئلہ کچھ ایسا ہے جس میں مجھے آپ سب بہن بھائیوں کی رہنمائی اور دُعائیں چاہیے کہ میں اسلام کو مکمل طور پر فالو کر رہا ہوں اور کوشش کرتا ہوں کہ اپنے اللہ کو کسی صورت میں ناراض نہ کروں، تقریباً پچھلے دو سالوں سے میں اپنے نفس سے مقابلہ کر رہا ہوں، جدید دور ہے اور گُناہ اور زنا کے آپشن آپ کی دہلیز پر ہر وقت موجود ہوتے ہیں، میں اپنے والدین سے بھی بات کر چکا ہوں حالانکہ کہ بہت مرتبہ غصے سے بھی بتا چُکا ہوں لیکن وہ میری مجبوری سمجھ نہیں پا رہے، جیسے کہ تمام والدین کہ بیٹا پہلے سیٹل ہو جاؤ تو پھر شادی کرنا اور سوچو کہ تم بےروزگار ہو تو تمھیں کون اپنی بیٹی دے گا، بےشک وہ بھی ٹھیک ہیں کہتے ہیں۔ لیکن وہ یہ نہیں جانتے کہ یہ عذاب کس قدر درد ناک ہے، گناہ کے آپشن ہر وقت موجود ہوتے ہیں، لیکن مجھے ڈر ہے کہ اگر میں زنا میں ایک مرتبہ چلا گیا تو میرا ایمان برباد ہو جائے گا اور میری قبر خراب ہو جائے گی۔ میرا اللہ میرا درد جانتا ہے کہ میں کتنا تکلیف سے گُزر رہا ہوں، مجھے اللہ کا ڈر نہ ہو تو میں کب کا گناہوں میں لتھڑ چُکا ہوتا، یہ نہیں کہ میں گناہ گار نہیں ہوں لیکن کبیرہ گناہوں میں کبھی نہیں پڑا۔ میں اسی ڈر کی وجہ سے خواتین سے  بات نہیں کرتا کیونکہ ذہن فوراً خراب ہو جاتا ہے، میرے قابو میں کچھ بھی نہیں، یہ سوچیں اپنے آپ میرے ذہن میں آ جاتی ہیں۔ اب ایسی حالت ہے کہ دماغ میں ایک غنودگی سی رہتی ہے کہ کسی چیز پر فوکس کرنا مشکل ہو جاتا ہے۔ مجھے میرے گولز کو اچیو کرنا ہے لیکن مجھے میرا ایمان بھی بچانا ہے۔ 
پلیز میری رہنمائی کیجیے، میرے آس پاس کوئی بھی ایسا نہیں کہ جس سے میں یہ اپنے دُکھ شئیر کر سکوں۔ اللہ سب کے لیے آسانی فرمائیں۔ آمین See less"
654,Shàdi sà phla kn ßà test krwana lazmi hà jíß sa pta Chala k màrd bap bn ßktà hà k  ni màñi bht mb ki hn jís ki wajah sa timiñg Kam hó ga h 20 sec ha  ab to chor di hà mb lkn mujy lagtà ha k teßt krwana Chaya kisi ki Zindagi khrab na ho mré to ho gei ha ór mb bikul çhor di hà lknn sahdi sa phla kàßà pta kro k timing bari ha k ni ya dono bta dà taky sàhdi sa phla hi alllag kr sko timing kàsa check kro kia és ka b tést hotà ha àger hota ha to és kà nàmé batay or bap ban skta ho ya ni eß ka tést name btày See less
655,"اسلام علیکم گروپ حضرت کیا حال ہے میں بہت پریشان ہوں کہ میں اتنا پتلہ ہوں اتنا پتلہ ہوں کہ لوگ موجیں دیکھ کر ہستے ہیں اور میرے اپنے گھر والے بھی ہستے ہیں کہ تو اتنا پتلہ کیسے ہو گیا 
 یار میں بہت پریشان ہوں پلیز رہنمائی فرمائیے گا"
656,اسلام وعلیکم  میں ایک لڑکی کوپسند کرتا ہوں اس کی عمر اور میری عمر میں 8 سال کا وقفہ ہے میں اس سے شادی کرنا چاہتا ہوں ۔رہنمائی کریں۔
657,"AoA .
1.Mera swal ye hai k insan k jisam par Jo asarat hand practice krny k baad murattab hothy hai toh kia biwi KY sath humbistri krny ka baad bhi wahi asarat murattab hothy hongy-
2.hand practice ki wajah sy mery face py pimples aaty thy or ab wife k sath krny sy bhi face py pimples or acnes aathy h aisa q hai halnky biwi k sath krna toh halal pehly ye smjh tha tha k acnes or pimple es lia aaty hai k hand practice Haram or gunah hai toh ab q aaty hai."
658,"Day 7 — وہ دن جہاں اکثر میں ہار جاتا ہوں… 
آج Day 7 ہے…
اور سچ یہ ہے کہ آج بہت مشکل دن ہونے والا ہے۔
کیونکہ یہی وہ دن ہے…
جہاں میں اکثر relapse کر جاتا ہوں۔
نہ چاہتے ہوئے بھی…
جیسے کوئی اندر سے control لے لیتا ہو۔
خاص طور پر جب جمرات آتا ہے…
رات دیر تک جاگنا…
خاموشی… اکیلا پن…
اور پھر وہی جنگ… جو صرف باہر نہیں، اندر چل رہی ہوتی ہے۔
یہ 7 دن آسان نہیں ہیں…
ہر دن ایک امتحان ہے…
کبھی دل کہتا ہے: “بس ایک بار…”
کبھی دماغ کہتا ہے: “تم تھک گئے ہو…”
لیکن آج میں ہار نہیں مانتا۔
میں خود کو بچا رہا ہوں…
کبھی واک پر جا کر…
کبھی موبائل دور رکھ کر…
کبھی خود سے بات کر کے:
“یہ feeling ہمیشہ نہیں رہے گی… لیکن اس کا regret ضرور رہے گا…”
آج رات شاید سب سے مشکل ہو…
میں قریب آ سکتا ہوں ہارنے کے…
لیکن میں خود کو روکوں گا…
اور خود سے یہی کہوں گا:
“7 دن کی محنت… کیا چند منٹ کی کمزوری کے لیے ختم کر دوں؟”
نہیں۔
آج بھی خواہش ہے…
آج بھی struggle ہے…
لیکن آج ایک فرق ہے…
آج میں کمزور نہیں… conscious ہوں۔
اگر تم بھی Day 7 پر ہو…
تو یاد رکھو:
یہ وہ دن ہے جہاں زیادہ لوگ give up کرتے ہیں…
لیکن اگر تم آج خود کو روک لیتے ہو…
تو تم صرف ایک habit نہیں…
اپنی identity بدل رہے ہو۔
 یہ جنگ تمہارے خلاف نہیں… تمہارے لیے ہے۔ See less"
659,"Aslam alikum bhaio mera ek masla ha plz koi mazak mat urana 
Mera masla ye ha k mugha larkeo ke feet's ma interest bhot ha kya ye koi bemari ha plz guide me kya masla hosakta?"
660,سب بھائی دعا میں یاد رکھنا کہ اللہ میرے کو اور بھی توفیق دے اور میں اس برے کام سے بچ جاؤں
661,"السلام علیکم
امید ہے کہ آپ خیریت سے ہونگے
میرے چیلنج کو 21 دن مکمل ہوگئے ہیں سب درست جارہا ہے بہتری بھی ہے لیکن ایک مسئلہ ہے کہ چیلنج سے پہلے مجھے 4 4 مہینے میں ایک بار احتلام ہوتا تھا کبھی کبھی یعنی بہت کم لیکن اب ہفتے میں دو بار ہوجاتا ہے اتنا فرق کیوں ہے اور کیا یہ نقصان دہ تو نہیں مکمل رہنمائی فرمائیں نعمان بھائی شکریہ"
662,Is porn addiction ne to mujhe tabah kardiya hai 11 years hogaye hai is aadat mai kia 90 days mai recover hojauga pehle bhi 52 days ka challenge kia tha lekin uske baad dubara hath pr control nhi
663,Agar app ladkio wali reels neembarhana videos soft porn nhi choray ge tab tak challenge ka koi faida nhi milay ga apko aur has is se challenge be kabi complete nhi hoga porn chorh dena kafi nhi hota sath me Fazool reels dekh na model dekh sab band krna hoga
664,"Let's welcome our new members:
( اہم گروپ رولز ) جن پر عمل کرنا انتہائی ضروری ہے۔
1) کوئی بھی ممبر کسی بھی پوسٹس یا کمنٹ پر ھنسی 
 اور اینگری 
 والی ایموجی نہیں لگائے گا۔ 
2) کوئی بھی ممبر کسی کو بھی ان باکس نہیں بلائے گا  
3)گروپ میں کسی بھی قسم کی میڈیسن دوائیاں ،نسخے تجویز کرنا سختی سے منع ہے ۔ 
رولز کی خلاف ورزی کرنے کی صورت میں گروپ سے ہٹا دیا جائے گا ۔  جزاک اللہ خیرا 
Sialkot Munda,
Sana Jaan
,
Zohaib Bull
,
Zain Ahmed
,
Sobia Jan,
احـســانـ الـلـہ اعــــوانـ
,
Azeem Khan
,
Toufeeq Khan
,
Punjabi Jutti,
Muhammad Nouman Ahmad
,
Muhammad Ali
,
Mooni Malik
,
Ali Shah Hashmi
,
شعیب کنول
,
Ali Khan,
Abdul Islam
,
Mohsin Mohsin
,
Mubshar Ali
,
چوہدری کاشف نسیم
,
Tousee Tafe
,
Pagli Rani,
Ayesha Butt
,
Khumair Jediya
,
Callofwild Lab
,
Engr Tahir
,
Rashid Malik
,
Amjad Khan
,
محمدنسیم اسحاقزی
,
Mirza Mohsin
,
Malik Waleed
,
Malik Javed
,
Muhammad Talha
,
Arsal Hakeem
,
Hina Mehar
,
Zeeshan Malik
,
M Hafeez
,
Syed Farhan
,
Ishaq Saqi
,
Mshafiq Rjpoot
,
Hina Khan
,
Muneeb X Y T
,
Osama Farooq
,
Zaid Malik
,
Salamat Ali
,
Sahil Rajpoot
,
Ali Haider
,
Ahs AbuHurrarasheikh
,
سردار ملک بالاج اعوان
,
Khalid Mehmood
,
ذہنی مریض
,
Sba Raja
,
Obii Mughal
,
Gufran Junaid
,
Faisal Khaliq
,
لبیک والے درویش
,
Zia Ur Rahman
,
Munshi Imran
,
Honey Khanl
,
Rajpoot Rajpoot
,
Islamabad Therapists
,
Zaib Ali Ali
,
Zakriya Malik
,
لبیک نیوز ڈیجیٹل
,
Muhammad Younis Mukkdum
,
Ch Nauman Haider
,
Bilal Khan
,
Muhammad Majid
,
Yasir Nawaz
,
Noor Fatima,
Naqeeb Khan
,
Sohail Wali
,
Sahir Khan
,
Muhammad Huzaifa Umar
,
Danger Pthan
,
Shoaib Abbasi
,
Adiyah H
,
Bilal Bn
,
Muhammad Rashid
,
پياس علي سولنگي,
Shyukh Osman
,
Rana Shahbaz Shahbaz
,
Malak Adraas Khan
,
MAlik Zameer Rongha
,
Waseem Rajpoot
,
Muhammad Hussain
,
عبد الغنی
,
Zalim Chaudhry
,
Ali Raza Khan Pahore
,
Basit Ali
,
Ahmad Ali
,
Farman Ali
,
Zamir Ul Hassan
,
Lucky Amin
,
Iffi Khan
,
Noor Wahab
,
Rana Adnan
,
Ch Huraira
,
Saira Jan
,
Ch Saqib Gujjar
,
Farooq Saleem
 See less"
665,میں نے 73 دنوں کا چیلنج توڑ دیا ضائع کر دیا کل رات برداشت نہ کر سکا اور میں نے چیلنج دیا ان دنوں میں جو کچھ مجھ میں تبدیلیاں ائی ہیں کیا وہ میری ضائع ہوگی یا نہیں رہنمائی فرما ئیں
666,السلام علیکم یہ دو ٹیسٹ ہے یہ تھوڑا چیک کرو یہ نارمل ہے کہ نہیں
667,"السلام علیکم دوستو،
آج دل بہت بھاری ہے… اس لیے آپ سب سے بات شیئر کر رہا ہوں۔
پچھلے صرف 3 مہینوں میں تقریباً 17–18 لاکھ روپے کا نقصان ہو چکا ہے۔ سمجھ نہیں آ رہی کہ کہاں غلطی ہو رہی ہے، جتنا سنبھلنے کی کوشش کرتا ہوں، حالات مزید خراب ہو جاتے ہیں۔
اس سب کی وجہ سے ذہنی دباؤ بھی بہت بڑھ گیا ہے، اور سچ بتاؤں تو اب ہمت بھی کمزور پڑ رہی ہے۔
آپ سب سے دل سے درخواست ہے:
 میرے لیے دعا کریں کہ اللہ پاک میرے حالات بہتر فرمائے، رزق میں برکت دے اور اس نقصان کو پورا کرنے کا راستہ پیدا کرے۔
 اگر کسی کے پاس کوئی سچا اور مخلصانہ مشورہ ہو — خاص طور پر life decisions یا financial معاملات کے بارے میں — تو ضرور رہنمائی کریں۔
اللہ ہم سب کے لیے آسانیاں پیدا فرمائے اور ہر مشکل کو آسانی میں بدل دے۔ آمین 
*میں کم عمری اور لاعلمی کی وجہ سے مشت زنی کی عادت میں مبتلا ہو گیا تھا، جس کی وجہ سے جسمانی طور پر بہت کمزوری محسوس کرتا ہوں۔*
*میرے کندھے جھک گئے ہیں اور ہیئت بہت عجیب سی محسوس ہوتی ہے، جس سے میری خود اعتمادی بری طرح متاثر ہو رہی ہے۔*
*الحمدللہ اب میں نے پختہ ارادے کے ساتھ اس عادت کو چھوڑ دیا ہے اور ایک ہفتے سے اپنے چیلنج پر قائم ہوں۔*
*لیکن اس کے باوجود دل میں بہت پریشانی اور بے چینی ہے کہ کیا مشت زنی سے ہونے والے یہ جسمانی اثرات ٹھیک ہو سکیں گے یا نہیں؟* See less"
668,السلام علیکم میری عمر 26 سال ہے میں نے پچھلے 12 سال سے اس لات میں مطلع ہوں میرا ہر بار چیلنج ٹوٹ جاتا ہے 20 25 دن سے اوپر نہیں جاتا لیکن ایک ہفتہ پہلے نیا چیلنج شروع کیا ہے انشاءاللہ  90 دن کا چیلنج پورا کروں گا سب دوستوں سے دعا کی اپیل ہے میرے لیے دعا کرے صبح کو میں ایکسرسائز بھی کرتا ہوں کیا صبح نہاتے وقت نفس  کے اوپر سرسوں کے تیل کی مالش کرنے سے کوئی نقصان تو نہیں ہوگا
669,"My story.
Mn kuch salo sy ak addiction mn mubtla hun me mashzni nhi krta our na hi porn dekta hun mera msla mera ak close dost hy hum akty kam krty hy our soty be ak sath hy. Mny usky 7sex nhi kia likin sity waqt muny acha feel hota hy or mry katry niklty hy. Kia yah narmal hy?
 mery shadi mn abhi 5mounth hy...
Approval needed."
670,"اسلام وعلیکم میرا چیلنج 60 دن کے بعد ٹوٹا ہے ۔لیکن اس بات پر خوش بھی ہوں کہ میں نے 60 دن اس گناہ سے روکے رکھا بلکہ خود سے ہی لڑتا رہا اس دوران 3 مرتبہ نائٹ فال ہوا ۔میں روزانہ 30 منٹ ورزش بھی کرتا ہو ں اور نماز بھی پڑھتا ہوں۔اس کے علاؤ پیرؤں میں بہت پسینہ آتا ہے 
 یہ دعا کرتا ہوں کہ اللہ مجھ کو اس گناہ سے نجات عطا ایڈمن حضرات اور رہنمائی فرمائیں۔فرمائے۔"
671,اللحمداللہ لائف ٹائم چیلینج انشاءاللہ اللّٰہ پاک سب کو اس  بری عادت سے محفوظ رکھ امین
672,میں نے 50 دن کے چلینج پر پانی پھر لیے ہے سب کچھ بہت اچھا چل رہا تھا لیکن کل رات کنٹرول نہیں  کر سکا میں  میں کسے اپنے 50 دن کی مہنت کسے واپس لایو
673,Salam to all. Alhumdullilah 1 month complete hogya ha challenge ko. 10 din bad meri shadi hai or 2 br ahtlam hua ha. erection or sakhti ma kami feel kr rha hu .plz guide admin
674,"حسد کرنا بند کر دو۔  انسان خوش رہے گا ۔ معدے اور دماغ خوش رہے گا تو ٹائمنگ بھی بہتر رہے گی۔  جنسی قوت بڑھے گی۔  قدرتی چیزیں کھاؤ ۔ 
اگر جنسی قوت اور ٹائمنگ بڑھانی ہے تو پورن دیکھنا اور  سڑک اور باقی جگہوں پر نا محرم عورتوں کو دیکھنا بند کرو۔  روز آٹھ گلاس پانی پیو ۔ 1 گھنٹے تک سیر کرو۔  دماغ کو ڈپریشن سے دور رکھو۔  جتنا ھو سکے خود کو مصروف رکھو۔ مشت زنی نہ کرو ۔  گوشت کھاؤ اور ساتھ ساتھ پھل اور سبزی بھی۔  چینی کھانا بند کرو اور اس کے علاؤہ یہ سوچنا بند کر دو۔  گندی فلم میں دو گھنٹے تک کرتے ہیں۔ میرے سے نہیں ہوتا اتنا۔ See less"
675,"مصروف رہو تاکہ تمہیں اُداس ہونے کا وقت ہی نہ ملے۔
 زندگی میں خود کو مثبت کاموں میں مشغول رکھو، تاکہ ذہن کو بیکار سوچوں سے بچایا جا سکے۔ جو لوگ اپنے وقت کو سیکھنے، خدمت کرنے اور بہتری کی کوششوں میں لگاتے ہیں، اُن کے دل میں غم کے لئے جگہ نہیں بچتی۔ خوشی ہمیشہ اُن کے قدم چومتی ہے جو مصروفیت کو اپنی دعا بنا لیتے ہیں۔
                  ❂▬▬▬๑۩۞۩๑▬▬▬❂ See less"
676,Challenge ko 4 din ho gaye 9 may ko nikah hai انشاء اللّٰہ to kia in 14 15 dino me recovery ho jaye gi  mazeed rehnumai farmaye
677,"Bhai Mera aik sawal ha nofap challenge ka doran nafs par olive oil ki malish kar skta han ma suna ha ki
1 Blood flow Acha hota ha or nafs ki ragin khulti ha 
2 Tera Paan khatam hota ha Timing increase hoti ha or kia nafs ka size increase hota ha Mera pass olive oil para ha Kia es mallish sa challenge toot Jaye giii 
please ruhanmai farami"
678,Assalamualaikum Bhai Jan kia Hal han yar mujhy 3 4 din SA daily ahtlam horha ha kia wja. Ha or Mari kabz b ni jati kbi khul k pakhana ajata ha kbi nhi ata
679,"Admins Bhai mein ne suna shadi k bd pehli hambistri mein timing km hi hoti hai zyada se zyada 2 se 3 mint bs kyun k JB AP shuru mein hi neem hakeem ki dawaon ya timing wali medicine use kro gy to apki hamsafar hr baar phir wohi timing mange gi kyun k wo uski adi ho chuki ho gi?
Is k bare mein btana 
Numan Saeed"
680,Asalam o alaikum yar bhayion Mera challenge phir toot gya Sirf 8 din bad sch kahoon tou me ab mayus ho Chuka hoo jb challenge shooro kia bhot khush tha is baar challenge poora kroonga exercise namaz walk SB kee Jo nofap me zaroori hoti he sb Kuch kr k dekh liya  lekin result zeero hee ha Meri age 27 he lekin kahin kaam ni mil rha me Kuch seekh b ni ska me aik hewan bn gya Hoon zinda lash bn gya he Meri hawas ne Mera bera gharaq kr k rakh diya ha me Rona chaon tou b ni ro skta is adat ki waja se Mera Dil pathar bn gya he muje kabi kbi aisa lgta he jese Mera dimagh kaam ni kr rha me aik wehshi janwar bn gya Hoon or jawani nikkah se control hoti ha wazifon or exercise se nhi AP chahay poora din me sajde pe rho is cheez ko AP hara ni skte me ne hr Tariqa kr k dekh liya ha lekin koi farq nhi ab AP log btayen me kroon toh Kya kroon See less
681,Me male ho or mujhy male ki taraf attraction ziada hy iska kya ilaj hy me kisi doctor k pass nahi jana chahata
682,میں نے 10ما کے چلینج پر پانی پھر لیے دل رو رہا ہے پہلے بھی بہت کی ہے پہلے بھی  اخرت کی نقصان کی ہے اور دنیا کی میں اپنے معاشرے اور گھر والوں کے لیے کچھ بنا چاہتا ہوں میرا جسم اور دماغ پہلے بھی تبا کی ہے اس واجہ سے زندگی میں سکون ختم ہوا ہے کسی چیز میں دلچسپی نہیں ہے
683,السلام وعلیکم ورحمتہ وبرکاتہ میں جب بھی چیلنج شروع کرتا کرتا ہو 4 یہ 5 دن بعد ٹانگوں میں درد ہونا شروع ہوجاتا ہے ایسا کیوں ہوتا ہیں جب چیلنج ٹوٹتا ہے یعنی مشت زنی کرتا ہوں تو درد ختم ہو جاتا ہے ایسا کیوں ہوتا ہے؟
684,Mujy need ni àti na dín kó na rat ko phlà bht àti ha lkn jab latata ho to néed hi ni ati mana soch k shad late sota ho es lya lkn ma 3 4 din ßa 8 bja latata ho pher b need ni àti 8 bjà latata ho to ja k 11 bja àti ha esà koi ha çhalange ka AJ 8 din ha
685,"شیطان کا کام ہے گناہ کرکے ڈٹ جانا 
اور انسان کا کام ہے گناہ کرکے توبہ کرنا 
اگر آپ کا چیلنج ٹوٹ جاتا ہے تو اس کا مطلب یہ نہیں کہ آپ ہار مان لیں اور گناہ پر ڈٹ جائیں 
نہیں بلکہ آپ دوبارہ چیلنج شروع کریں 
ہمت کریں یقین مانے مشت زنی آپ کی زندگی کو تباہی کی طرف لے جائے گی 
آپ کو اسے ہر حال میں چھوڑنا ہوگا 
آپ کو ہمت کرنی ہوگی 
آپ کرسکتے ہیں آپ کو کرنا ہی ہوگا 
یہ اللّٰہ تعالیٰ کی دی ہوئی زندگی ہے 
ہمیں اللّٰہ تعالیٰ کو راضی کرنا ہوگا 
اور شیطان سے بھی اور شیطانی کاموں سے بھی بچنا ہوگا 
اس لئے آج سے ہمت کریں اللّٰہ تعالیٰ ہم سب کی مدد  فرمائے آمین 
 See less"
686,"میں سوچتا تھا پورن اور مشت زنی سے بچنا سب سے مشکل کام ہے پر سہی میں یہ شروع کے کچھ دن تو مشکل تھے پر بہت جلد سب نارمل لگنے لگا اور 75 دن ہو گئے الحمدللہ 
اس سے بھی مشکل نسوار چھوڑنا ہے جو میں ہر وقت رکھتا تھا ، پھینکتا تھا پھر رکھ لیتا تھا ، پر نوفیپ چیلینج نے دماغ کے کام کرنے کے طریقے کا علم دیا ، عادات کو بدلنے کا ہنر دیا جس کی وجہ سے پچھلے تین دن سے میں نے نسوار کی مقدار آدھی کی 
پھر ایک گھنٹے رکھنا اور ایک گھنٹہ اس کے بغیر گزارنے کے پریکٹس کی ایک تین گھنٹے نسوار کے بغیر گزارے
جس سے جسم میں 
بے چینی ، 
سر بھاری یا ہلکا درد
زیادہ نیند یا تھکن
چڑچڑاپن یا موڈ بدلنا
منہ میں نسوار کی craving
توجہ کم لگنا
دل کی دھڑکن یا گھبراہٹ کا احساس
بھوک بڑھ جانا
جسم میں عجیب سنسناہٹ یا tension
یہ سب کیفیات نسوار نہ رکھنے کے ایک گھنٹے میں ہوتی ہیں پر اب اس ہفتے میں اس کو کم ترین سطح پر لاؤں گا اور اگلے ہفتے بالکل چھوڑ دوں گا انشاللہ
اور جو تبدیلی محسوس کروں گا یہاں لکھنے کی کوشش کروں گا 
دعاؤں میں یاد رکھنا بھائیو See less"
687,اگر جنسی قوت اور ٹائمنگ بڑھانی ہے تو پورن دیکھنا اور  سڑک اور باقی جگہوں پر نا محرم عورتوں کو دیکھنا بند کرو۔  روز آٹھ گلاس پانی پیو ۔ 1 گھنٹے تک سیر کرو۔  دماغ کو ڈپریشن سے دور رکھو۔  جتنا ھو سکے خود کو مصروف رکھو۔ مشت زنی نہ کرو ۔  گوشت کھاؤ اور ساتھ ساتھ پھل اور سبزی بھی۔  چینی کھانا بند کرو اور اس کے علاؤہ یہ سوچنا بند کر دو۔  گندی فلم میں دو گھنٹے تک کرتے ہیں۔ میرے سے نہیں ہوتا اتنا۔
688,"شیطان کے لئے مومن کے غم سے بڑھ کر کوئی چیز محبوب نہیں ۔
 لہٰذا
تم خوش رہو، ہشاش بشاش رہو، پُر امید رہو اور الله تعالیٰ پر حسن ظن رکھو، تاکہ تم ذہنی سکون جیسی نعمت کو حاصل کر سکو۔
(
ابن القيم رحمه الله)
                                        ❂▬▬▬๑۩۞۩๑▬▬▬❂ See less"
689,بھائی مجھے یوں لگتا ہے مشت زنی کی لت کا میرے جسم پر مکمل کنڑول ہو گیا ہے۔ ہر دو چار پانچ دن بعد ذہن نا چاہتے ہوئے بھی اس طرف چلا جاتا ہے۔ اور جب تک نہ کروں سکون نہیں ملتا۔ چاہے آفس میں ہوں یا کہیں اور انگزائٹی سی رہتی ہے ۔ دماغ پر یہی شہوت رہتی ہے۔ میری عمر سینتیس سال ہے اور شادی نہیں ہوئی ۔۔ حالت یہ ہے کہ شادی کی بات کوئی کرتا ہے تو اسے منع کرتا ہوں اور بھاگ جاتا ہوں۔۔۔ میں بہت پریشان ہوں ۔۔ کیا سب ایسے ہی چلے گا
690,"السلام وعلیکم 
کیا جاگتے وقت احتلام ہونا نارمل ہے؟
ٹائمنگ بالکل 0 ہے حد سے حد 30 سیکنڈ لیکن کل شام جاگتے ہوۓ یکدم احتلام ہو گیا 
یہ کیا مسئلہ ہو گا"
691,"Assalam alaikum… mera 2 months baad shadi hai or mera koi dost nahi hai jo mujhy samjha saky… czn’s hain lekin un sy aisa koi mazaq yaa aisi koi baat hi nai ki.. aap admins ka me bohot ahsan mand rahonga agar aap mujhy A to Z samjhaye…
JazakAllah!"
692,Assalamualaikum Bhai Jan mara challenge ko 22 din Hogy ha mz nahi ki  bs mara Kam ASA ha MBL use krna prta  tik tok wgera CHLA lata hu free hota hu shop pa or  jab suba ma so k uthu to Mary pao ki ایڑھیوں ma dard HOTA ha jb 2 3 mint chlo TU shi hojata ya kia masla ha
693,"بھائیوں  کوشش کبھی مت چھوڑیں 
کچھ بھی ہو جائے اگر سو مرتبہ بھی چیلنج ٹوٹ جائے دوبارہ شروع کریں ایک وقت آئے گا آپ اپنے نفس کیساتھ شیطان کو بھی شکست دے دیں گے ان شاءاللہ"
694,Kiya masterbation ki waja se insan ka jisam kamzor hota ha kiya face patla hota ha ke nai ma challenge karta ho lekin kabi 20 din kabi 8 din bad toot hi jata ha pichaly 5 saal se asi hi situation ha mare age 19 saal ha kiya karo kio solution
695,"Mera AJ 95th day hai challenge ka or main aap logoun k sath apna experience share krna Chahta houn.
Main ny ye challenge begair Kisi relapse mukamal kia hai or Kuch zarori cheezen main ny kia hain wu ye Hain.
1) Namaz ki pabandi, main ny apni namazoun ha khas khayal rakha hai or Jo namazaen kaza bhe hue Hain un ko mukamal kia hai.
2) Nazar ki hifazat.Main ny koe bhe aesi chz jis Sy shehwat aati the us Sy apny aap ko bachaya hai.or is main namaz ka ahem kirdar hai.
main mushtzani ki waja Sy aek mushkil zindagi Guzar raha tha jis main nafsiati masael bohat zada tha Baki jismani tor par chzn bhtar he the.
Tamam Sathi Jo challenge kr rhy Hain wu bhe apny aap ko in chzon ko aadi bnaen inshallah kamyabi hasil hu ge.
Main nasfsiyati tor par bohat bhtr houn self confidence bhtr hua hai.Allah taala ny rizk bhe khola hai or pareshanian bhe Kam hue hain.in short main sakoon main houn Alhamdulilah.
Allah Ap sab ko kamyab kry or mjhy bhe istekamat ada kry.Ameen. See less"
696,"اسلام علیکم
میں نے 11 سال پورن ویڈیوز دیکھیں ہے اور مستزنی کی ہے میری عمر 26 سال ہے بہت کوشش کی چھوڑنے کی بہت بڑی بڑی قسمیں کھائی لیکن نہیں چھوڑ پایا اب میں بہت ڈپریشن میں ہوں رات رات بھر نیند نہیں آتی نیند کی گولی کھانی پڑتی ہے برے برے خیال آتے ہیں مرنے کے خیال آتے ہیں رات میں بہت بھیانک خواب آتے ہیں ابھی میرے منہ میں ایک گانٹ نکل آئی تھی جو دوا کھانے سے بلکل کم ہو گئی لیکن بار بار خیال آتا ہے کی وہ بہت بڑا مرج ہے میں بلکل پاگل ہوا جا رہا ہوں بتاؤ میں کیا کروں میں نے بہت زیادہ بڑی بڑی قسمیں کھائی ہے نبیوں تک کی کیا مجھے اللہ کی طرف سے مافی مل جائے گی میں نے اب بہت پکا ارادہ کر لیا ہے کہ کبھی نہ پورن دیکھوں گا نہ مستزنی کروں گا کبھی نہ اب اس کام کو کرنے کے خیال آ رہے ہیں دل میں لیکن اپنی اس حالت سے کیسے نکلوں میری رہنمائی فرمائیں See less"
697,سب سے پہلے آپ لوگ سیکس کی تعلیم پورن یعنی گندی فلموں سے لینا بند کر دیں۔  اس میں پوری سچائی نہیں ہے۔  حقیقت میں انسان صرف 4 سے 8  منٹ تک سیکس کر سکتا ہے۔  بہت ھو تو 8 منٹ سے 10 منٹ۔   اگر بہت زیادہ شہوت ھو۔  1 گھنٹے یا 2 گھنٹے نہیں ہوتا گندی فلموں کی طرح۔  لوگ یہ فلمیں دیکھ کر ڈپریشن میں ہیں اور سمجھتے ہیں ٹائمنگ کا مسئلہ ہے۔
698,تقریباً 4 سال مسلسل اس برے فعل میں مبتلا رہا لیکن اب کافی عرصہ ہوگیا مکمل تو نہیں لیکن چھوڑ دیا مہینہ میں ایک بار بس لیکن مسائل بہت ہیں بےچینی چڑچڑا پن سر بھاری رہنا چہرے کا پھیکا پڑ جانا ہروقت پیٹ خراب رہنا اور بھی بہت سے تو یہ کیا مسئلہ ہوسکتا ہے؟
699,"بسم اللہ الرحمن الرحیم 
ایک بات جو تجربہ اور مشاھدے کی ھے وہ یہ کہ نو فیپ چیلنج کے سفر میں جتنا زیادہ اپ کی روحانیت مضبوط ہوگی اتنا آپ کے لیے چیلنج پورا کرنا اسان ہوگا لہذا جتنا ہو سکے اپنی روحانیت کو مضبوط کریں نماز قران کی تلاوت ذکر اذکار ان چیزوں کو ہلکا نہ لیں اور ان سے اپنا ایسا تعلق بنا لیں کہ پھر ان کے بغیر اپ کا گزارا نہ ہو انشاءاللہ آپ زندگی میں اس کے فائدے دیکھیں گے اور ان چیزوں کا اثر جب ہوگا جب اپ کی طہارت مکمل ہوگی تو اس کے لیے وضو غسل اور استنجا وغیرہ کے مسائل کو تفصیل اور باریک بینی سے سیکھنا یہ ہر مسلمان کے لیے اہم فرائض میں سے ہے اور اپنے آپ کو کسی نہ کسی دینی حلقے سے جہاں قران حدیث کی روزانہ کی بنیاد پہ بات ہوتی ہو اس سے جوڑ کے رکھیں انشاءاللہ اپ کی زندگی سنور جائے گی۔
دعاوں کا طالب۔
 See less"
700,"السلام علیکم بھائیو!
میں نے آپ سب کے مشورے سے  چیلنج (NoFap) شروع کیا تھا اور آج الحمدللہ میرا دسواں دن ہے۔
آج مجھے ایک مسئلہ پیش آ رہا ہے جس پر آپ بھائیوں کی رائے چاہیے:پیشاب کرنے کے بعد ہلکی سی لیس دار  (مذی) خارج ہوئی ہے اور اس کے بعد نالی میں تھوڑی جلن محسوس ہو رہی ہے۔
کیا چیلنج کے ابتدائی دنوں میں جسم کے اندر یہ تبدیلی آنا نارمل ہے؟ کیا کسی اور بھائی کو بھی شروع کے ایک دو ہفتوں میں ایسے تجربے سے گزرنا پڑا ہے؟ اس جلن کو کم کرنے کے لیے کوئی پریکٹیکل مشورہ یا ٹوٹکا معلوم ہو تو ضرور بتائیں۔ میں اس سفر کو ہر حال میں مکمل کرنا چاہتا ہوں، بس اس جسمانی تبدیلی پر تھوڑی رہنمائی چاہیے۔
ایک اور ضروری بات جو میں صاف طور پر پوچھنا چاہتا ہوں وہ یہ کہ میرا مسئلہ صرف عام شہوت یا ماسٹربیشن تک محدود نہیں ہے، بلکہ میرا رجحان ہم جنس پرستی  کی طرف ہو چکا ہے۔ مجھے اب صنفِ مخالف کے بجائے لڑکوں میں زیادہ کشش محسوس ہوتی ہے اور میں اسی وجہ سے بہت پریشان ہوں۔
آپ بھائیوں سے مشورہ یہ چاہیے کہ:
1. کیا 90 دن کا یہ 'برین ری بوٹ' چیلنج میرے دماغ کی وائرنگ بدل سکتا ہے اور کیا اس سے لڑکوں میں میری دلچسپی ختم ہو کر دوبارہ نارمل (صنفِ مخالف کی طرف) ہو سکتی ہے؟
2. اس عمل کے دوران مجھے کن مخصوص چیزوں، جگہوں یا سوچوں سے بچنا چاہیے تاکہ میں دوبارہ اس گندگی میں نہ گروں؟
میرا مقصد صرف گناہ چھوڑنا نہیں بلکہ اپنی فطرت کو دوبارہ اسی پاکیزگی پر لانا ہے جیسے وہ پہلے تھی۔ آپ کی مخلصانہ رائے کا منتظر ہوں See less"
701,اسلام علیکم جتنے بھی میرے مشت زنی والے میرے دوست ہیں یہ پیغام ان کے لیے ہے میں نے 17 سال لگاتار مشت زنی کی پھر میں نے 3 مہینے کے 3 چیلنج کیۓ اس کے بعد میں نے 65 دن کا چیلنج شروع کیا پھر میں نے شادی کی اور الحمدللہ کویٔ مسٔلہ نی ہوا شادی سے پہلے میں بہت پریشان تھا برات والے دن بھی میں بہت پریشان تھا پتہ نی کیا ہو گا لیکن میں نے سحچی توبہ کی تھی اس کام کی توبہ کے نفل بھی میں نے پڑھے حکیموں سے بچ کے رہو میں نے حکیموں کی میڈیسن استعمال کی لیکن کویٔ فایٔدہ نی ہوا الٹا میدہ میرا خراب ہوا اللہ پہ یقین رکھو اور توبہ کرو سب ٹھیک ہو جاۓ گا لیکن میری خوراک ٹایٔٹ تھی See less
702,"""السلام علیکم ورحمۃ اللہ، معزز گروپ کے ممبرانِ کرام! ایک مشورہ درکار ہے۔
میں ایک بہت شرمیلا انسان ہوں۔ قریبی دوستوں کے ساتھ تو بہت بے تکلفی سے ہنسی مذاق کرتا ہوں، لیکن جب کسی مجلس میں جاتا ہوں تو لوگوں کے سامنے بہت گھبراہٹ کا شکار ہو جاتا ہوں۔ ایسا محسوس ہوتا ہے جیسے سب لوگ مجھے ہی دیکھ رہے ہوں، پھر مجھے کپکپی ہونے لگتی ہے۔ میں لوگوں کے سامنے خطبہ بھی نہیں پڑھ سکتا۔ مسجد وغیرہ میں نماز کے انتظار کے دوران بھی یہی محسوس ہوتا ہے کہ نمازی مجھے دیکھ رہے ہیں۔
اس بارے میں کوئی مشورہ چاہیے، میں بہت پریشان ہوں۔"" See less"
703,"Ajj mera 6th day hai No Fap ka, koi cravings naii ho rehy masterbation ka, porn k, although morning erections bahoot strong. Thanks to this group. M improve kr rhaa hoo."
704,"السلام علیکم ورحمۃ اللہ وبرکاتہ
مجھے ایک دوست نے بتایا ہے کہ اگر کوئی شخص کثرت سے مشت زنی کرے تو اس سے نفس کی رگیں متاثر یا کمزور ہو جاتی ہیں، جس کی وجہ سے انسان کو شادی کے بعد ازدواجی زندگی میں مشکلات پیش آ سکتی ہیں اور وہ مکمل طور پر قابل نہیں رہتا۔ کیا اس بات میں کوئی حقیقت ہے؟ اس بارے میں رہنمائی فرما دیں۔ شکریہ"
705,"Hadith of the day 
#hadees #photooftheday"
706,Bht Koshish krne ke bawajood bhi relapse hogaya akhir kab chotegi porn or masturbation sy jan
707,"اسلام علیکم
سب بھائیوں کی رہنمائی چاہئے میں نے چیلنج شروع کیا تھا 196 دن بعد میرا چیلنج ٹھوٹ کیا میں نے مشت زنی کی لیکن جب میں ڈسچارج ہورہا تھا میری منی خون کے رنگ کی تھی پھر میں نے دوسرے دن پھر مشت زنی کی تاکہ چیک کرلو پھر بھی اسی رنگ کی تھی یہ ابھی ایک ہفتے کی بات ہے اب مجھے کیا کرنا چاہیے کسی یورولوجسٹ سے چیک کرواو یا کیا کرنا چاہیے بڑی پریشانی ہورہی ہیں"
708,ھر روز آیت کرسی پڑھو اور درود شریف پڑھو ۔ گندی فلمیں اور نامحرم خواتین کو مت دیکھو۔  مشت زنی کی عادت ختم ھو جائے گئ ۔
709,"Let's welcome our new members!
Sadaqat Hussain
,
Shafiq Marrige House
,
Malik Shahbaz
,
دلِ غم زدہ,
حضرت کرمانوالہ دواخانہ حویلی
,
Zaidi Jee
,
Hafiz Dilawar Khan
,
Fareed Ali
,
Choudhry Tofeeq
,
Mahar Sial S
,
Malik Faizan
,
Engr Syed Athar Ali
,
Nazir Ahmed
,
Inam Ul Haq
,
Sonia Khan,
Ali Haider Ali Haider
,
Altaf Ahmad
,
Malik Safdar Laang
,
Abdul Rehman Soomro
,
Faisal Khan
,
Muhammad Shafiq
,
SaddamHussain Hussain
,
Ali Zar
,
Huzaifa Aziz
,
Hidayat Khan,
Muhammad Imran
,
Faheem Muqeem
,
Best Bou
,
Zain Raja,
Mubashar Ahmed
,
Aliza Khan,
Shaid Awan,
Zeeshan Ramzan
,
waqar patan
,
Muhammad Usman
,
Giyan Chand
,
Xtylish Xtylish
,
Junaid Sallu
,
Gulam Muhammad
,
Kamran Rana
,
Sayed Munir Ahmad
,
Shah Rangzib,
سبیل احمد احمد,
Saeed Tobagar
,
Mansoor Ahmad
,
Muhammad Muhammad
,
Zeshi Khan
,
Sumera Prince,
Hakeem Khan,
Bisma Khan,
Mailo Malik
,
حکمت نامہ
,
Areeb Khan
,
اے۔این پاشا
,
Mohammad Aamir
,
Umair Umar
,
Tariq Shah
,
Shoaib Abbas,
Ali Hassan
,
Raiyan Malik
,
M Amien Ourakzai
,
Arshad Malik
,
Muhammad Rashaid
,
Aqib Khan
,
ساجد اقبال الرکن
,
Kakar Iron Mind
,
Zeeshan Shouket Zeeshan
,
Jamshaid Iqbal
,
Ch Zubair Ali,
Hashir Y Ozil,
Zeeshan Sardar
,
Sangat Baloch
,
Amir Khan
,
Malik Rameez
,
Khan Khan,
Manahil Khan,
Ali Cheema
,
شاھد الرحمن ورکزئ
,
Faisal Siddique
,
Kabir Pirkani
,
Javed Numberdar
,
Jak Jak
,
Mahi Baloch
,
Irfan Chudari
,
Zendra Ahho,
Ladli Queen
,
Raja Ali Khaskheli
,
Aftab Ahmed
,
Ahmad Ansari
,
Liaqat Hamish
,
Illyas Hussain
,
Samina Farrukh,
Alquddus Alquddus
,
Haris Lateef
,
Muhammad Anwar
,
Umair Khan
,
Bin Sikander
,
Adil Malik
,
Dhaka Prince Jvjjvjjvjv
,
Rana NoorElahi
,
Jahan Khan
,
Imran Sohtra
,
Saim Butt
,
Tariq Mughl Tariq Mghl
,
عاصم پٹھان
,
Ahmad Ali
,
Tasmiya Tasmiya
,
Fahad Iqbal
,
پیار آپ کے لئے,
Salar Khan
,
Ayan Guy,
Irtiza Partner
,
Aspire Tourism,
Zarar Hamza
,
Adnan Malik
,
Rizwan Ullah
,
Naseeb Khan
,
Ranarizwan Rana
,
Khatroo Ka Khiladi
,
Zahid Malak
,
Rebel Khan
,
Adnan Mazhar Shah Mazhar
,
Pagal Monda Pagal Monda
,
Umar Farooq
,
Dard Eh Mohbt Mohsin
,
Tezzi Choudray
,
M Zulqarnain Khan
,
Rida Arshad M Arshad
,
رمشاء بی بی
,
Malik Kashif Missun
,
Juxt Holic
,
Shariq
,
Bilal Ahmad Ahmad
,
Malik G
,
BiGraa NaWab
,
Mübï Hûñ Yâwr
,
Mahtab Waraich
,
Hafeez Ul Rehman
,
Hammad Hassan
,
Asad Khan
,
Fawaz Ahmad󱢏
,
Raja Baloch
,
Farooq Ali
,
Muhammad Asim,
Muhammad Irfan
,
Saeed Ahmad
,
Iqra G,
Saqib Ali
,
Saif Ali,
Sardar Baloch
,
مکافات عمل
,
Shawaiz Baloch
,
Fuji F
,
محمد شعیب اختر
,
Sohail Sohail
,
Adv Naresh Kumar
,
Waleed Bajwa
,
Muhammad Zikriye
,
Chaudhry Axad,
Chaudhry Irfan Kamboh
,
سنڌي فراز احمد
,
Waleed Shahbaz
,
Abdulmomin Shah,
Hi Kon Ho Rexx
,
Ali Hassan
,
Malik Shafique Awan
,
Irfan Makwal
,
Shuaib Sonipat
,
خالدخان حقیار
,
Musa Ali
,
M Asif M Asif
,
Mursaleen Younus
,
ShehzadaAdnan ShehzadaAdnan,
Junaid Doggar
,
Chaudhry Zohaib
,
Wadan Khan,
Hammad Siddiqui
,
Janum Janum
,
Asia Bibi,
Prince Koko,
Hussain Khan
,
Sherry Ch
,
Saith Jhawrian Aala
,
Bilal Jafri
,
Rana Danish,
ZE E
,
Muhammad Abbas
,
Siddique Khan Ahmadzia
,
Ghulam Abbas
,
Sono Jani
,
Ali Raza
,
Youni Khan,
Raja Raheel
,
Ayesha Rind
,
محمدآفاق عبداللہ اعوان
,
Shumail Hassan,
پیا سی
,
Rj FaiZan Rj
,
Majid Khan Janbaaz
,
Asad Qadeer
,
Haider Butt
,
Zeeshan Malik
,
Abid Ali Wassan
,
Atif Khan
,
Gulshan Ansari
,
Ubedullah Lanjwani
,
Adil Iqbal
,
Daniyal Khokhar
,
Ali Joyia
,
Sardar Umair
,
Gujjar Gee
,
Hamza Tariq
,
Janu Asim
,
فون کارنر فیصل آباد,
Shafqat Ali
,
Naqash Jarral
,
عدنان عباسي
,
Bryne Bryne
,
Saleem Brohi
 See less"
710,"Let's welcome our new members:
( اہم گروپ رولز ) جن پر عمل کرنا انتہائی ضروری ہے۔
1) کوئی بھی ممبر کسی بھی پوسٹس یا کمنٹ پر ھنسی 
 اور اینگری 
 والی ایموجی نہیں لگائے گا۔ 
2) کوئی بھی ممبر کسی کو بھی ان باکس نہیں بلائے گا  
3)گروپ میں کسی بھی قسم کی میڈیسن دوائیاں ،نسخے تجویز کرنا سختی سے منع ہے ۔ 
رولز کی خلاف ورزی کرنے کی صورت میں گروپ سے ہٹا دیا جائے گا ۔  جزاک اللہ خیرا 
Mahar Sial S
,
Malik Faizan
,
Engr Syed Athar Ali
,
Nazir Ahmed
,
Inam Ul Haq
,
Sonia Khan,
Ali Haider Ali Haider
,
Altaf Ahmad
,
Malik Safdar Laang
,
Abdul Rehman Soomro
,
Faisal Khan
,
Muhammad Shafiq
,
SaddamHussain Hussain
,
Ali Zar
,
Huzaifa Aziz
,
Hidayat Khan,
Muhammad Imran
,
Faheem Muqeem
,
Best Bou
,
Zain Raja,
Mubashar Ahmed
,
Aliza Khan,
Shaid Awan,
Zeeshan Ramzan
,
waqar patan
,
Muhammad Usman
,
Giyan Chand
,
Xtylish Xtylish
,
Junaid Sallu
,
Gulam Muhammad
,
Kamran Rana
,
Sayed Munir Ahmad
,
Shah Rangzib,
سبیل احمد احمد,
Saeed Tobagar
,
Mansoor Ahmad
,
Muhammad Muhammad
,
Zeshi Khan
,
Sumera Prince,
Hakeem Khan,
Bisma Khan,
Mailo Malik
,
حکمت نامہ
,
Areeb Khan
,
اے۔این پاشا
,
Mohammad Aamir
,
Umair Umar
,
Tariq Shah
,
Shoaib Abbas,
Ali Hassan
,
Raiyan Malik
,
M Amien Ourakzai
,
Arshad Malik
,
Muhammad Rashaid
,
Aqib Khan
,
ساجد اقبال الرکن
,
Kakar Iron Mind
,
Zeeshan Shouket Zeeshan
,
Jamshaid Iqbal
,
Ch Zubair Ali,
Hashir Y Ozil,
Zeeshan Sardar
,
Sangat Baloch
,
Amir Khan
,
Malik Rameez
,
Khan Khan,
Ali Cheema
,
شاھد الرحمن ورکزئ
,
Faisal Siddique
,
Kabir Pirkani
,
Javed Numberdar
,
Jak Jak
,
Mahi Baloch
,
Irfan Chudari
,
Zendra Ahho,
Ladli Queen
,
Raja Ali Khaskheli
,
Aftab Ahmed
,
Ahmad Ansari
,
Liaqat Hamish
,
Illyas Hussain
,
Samina Farrukh,
Alquddus Alquddus
,
Haris Lateef
,
Muhammad Anwar
,
Umair Khan
,
Bin Sikander
,
Adil Malik
,
Dhaka Prince Jvjjvjjvjv
,
Rana NoorElahi
,
Jahan Khan
,
Imran Sohtra
,
Saim Butt
,
Tariq Mughl Tariq Mghl
,
عاصم پٹھان
,
Ahmad Ali
,
Tasmiya Tasmiya
,
Fahad Iqbal
,
پیار آپ کے لئے,
Salar Khan
 See less"
711,"السلام علیکم
امید ہے کہ آپ خیریت سے ہونگے
میں جِم جاتا ہوں اور ورک آؤٹ کرتا ہوں جم کے بعد میرے نفس میں ایسے درد ہوتا ہے جیسے مشت زنی کرنے کے بعد ہوتا ہے یعنی شہوت بالکل ٹوٹ جاتی ہے لیکن میں مشت َزنی سے بالکل دور ہوں تو ایسا درد نقصان دہ تو نہیں کیا کرنا چاہیے نعمان بھائی تفصیل بتادیں۔"
712,اسلام وعلیکم میرے پیارے دوستوں میرا ایک سوال ہیں اس خراب عادت کی بارے میں میں نے 4 سے 5 سال تک اس خراب عادت میں گزارا جب مجے اس کے بارے مے پتہ چلا تو میں جب کرتا مجھے خود پر شرم آتی خود کی حالت دیکھ کر میں صرف مشٹ زنی کرتا پورن ویدیو کبھی کبھی تو میں نے فیصلہ کیا اس کو چھوڑ دینے کا پہلی مے نے ایک ہفتہ نہیں کیا واپس ایک ڈن اکیلا ہوا پورن دیکھا خیال آگیا میں نے گناہ کیا پھر میں نے فیصلہ کیا اپ نہیں پر اللّٰہ کا شکر بہت دیر تک تقریباً ایک سال تک چیلنج اچھے سے جا رہا تھا پھر واپس ٹوٹ گیا اُس کے بعد واپس شروع کیا تقریباً 2 سال تک میں بہت اچھا ہوگیا میرے ایک لڑکی  گرلفرینڈ بن گیا میں نے ایک سال اُس سے بات کیا جب بات کرتا تو قطری اتے اسے رمضان میں نے بولا چیک کرونگا کے اب ٹیک ہوگیا ہو ہا نہیں لیکن غلطی سے مشت زنی ہوا آور میں بہت پریشاں ہوا مجھے خود پر غصّہ ایا تب مے نے توبہ کیا کے اپ ہاتھ نہیں لگا ہونگا لیکن عید کے تیسرے دِن میں جس عورت کو ایسے دیکھ لیتا مجھے بہت شہوت اتا میں نے خود کو بہت سنبھال لیکِن عید کے تیسرے دِن مشت زنی ہوگیا۔ اس کے بعد میرے جسم میں درد شروع ہونے لگا ہاتھ پھو کمر میں چلنے میں مشکل توبہ کیا 2 سے 3 ڈن تک ایسا تا اب چیلنج شروع ہیں عید کے تیسرے دِن سے ابھی تک اب میں ہر ڈن ایکسرسائز کرنا اچھے سے خوراک کرنا چینی کم کرنا رات کو 10 بجے سونا صبح جلدی اٹھا جانا مجھے ڈر ہیں اب میں ٹیک ہو کیا جب میں اس لڑکی کی اواز سنتا نفس کھڑا ہوتا اور 5 سے 10منٹ بعد قطرے اتے پلز رہنمائی فرمائیے میرے پہلی بار پوسٹ کرنا کا See less
713,"Assalamualaikum 
Mera question yai hai k Friday ko Meri shadi hoe ha
1st night pr jse hi mainai APNA nafs enter kia kuxh mehsoos nai hoa naa mujhe or naa wife ko iski kia Waja
Abhi Dil ghabra raha ha aisa q hoa"
714,اگر آپ روز فجر کی نماز اور عشاء کی نماز کے بعد دو رکعت نماز نفل توبہ استغفار پڑھ کر اللہ پاک سے اپنے پچھلے لمحے سے لیکر پچھلی زندگی کے جانے انجانے گناہوں کی معافی مانگ کر پھر  خیر کی دعا مانگے گے اپنی آئندہ آنے والی زندگی کے لئے تو یقین کریں وقت کے ساتھ ساتھ سب کچھ اسان ہونا شروع ہو جائے گا۔ بس جب بہتر ہونا شروع ہو تو دو رکعت نفل شکرانہ بھی ادا کر لئے گا روزانہ کی بنیاد پر۔
715,"السلام علیکم
میں نے خود پر کافی حد تک کنٹرول کر لیا ہے اور ماشاءاللہ میرا چیلنج بھی اچھا جا رہا ہے، لیکن دل میں ایک عجیب سی پریشانی مسلسل چل رہی ہے۔ گھر والے میری شادی کی بات کر رہے ہیں، مگر حقیقت یہ ہے کہ میں نے ابھی تک زندگی میں کوئی خاص مقام حاصل نہیں کیا۔
میرا ایک چھوٹا سا جنرل اسٹور ہے، لیکن اس میں بھی کوئی ایسی خاص بات نہیں جس پر فخر سے کہہ سکوں کہ ہاں، میں کچھ بن گیا ہوں۔ دل میں بار بار یہی خیال آتا ہے کہ اگر کل کو لڑکی والے رشتہ لے کر آئیں اور پوچھیں کہ “لڑکا کیا کرتا ہے؟” تو میں کیا جواب دوں گا؟ یہ سوچ مجھے اندر سے بے چین کر دیتی ہے۔
میں واقعی کچھ بننا چاہتا ہوں، اپنے گھر والوں کے لیے بھی اور اپنے مستقبل کے لیے بھی، لیکن سمجھ نہیں آ رہی کہ کہاں سے شروع کروں۔ آپ سب سے دل سے گزارش ہے کہ اگر کوئی اچھی اسکل، ہنر یا ایسا کام معلوم ہو جس سے اچھی آمدنی ہو سکے تو ضرور رہنمائی کریں۔
خدا کے لیے میری مدد کریں، میں واقعی بہت پریشان ہوں اور اپنی زندگی کو بہتر بنانا چاہتا ہوں۔ See less"
716,ایک انسان مکمل ہینڈ پریکٹس اور پورن ویڈیو دیکھنا بند کر دے اور نارمل روٹین میں فروٹ کھائے شام کو دودھ ایک ادھا گلاس پیے پورن اور مشت زنی سے دور ہو جائیں تو کتنے منتھ کے اندر اس کی ریکوری دوبارہ ہو جائے گی کیا ایک بندے نے 10 سال ماسٹریشن کیا تو کیا اس کو کور ہونے میں 10 مہینے لگ سکتے ہیں
717,"میں نے مشتزنی کافی عرصہ سے چھوڑ دی ہے 
اور زنا کبھی کبھی ہو جاتا تھا
اب آج سے اور ابھی سے میں خود سے اور آپ سب بھاءیوں سے وعدہ کرتا ہوں 
کہ میں اپنا چیلنج پورا کروں گا 90 دن اور اپنے نفس اور شیطان سے جنگ کروں گا
ان نوے دنوں میں خود کو صحت مند اور ایک نارمل انسان بناءوں گا
اور پھر یہاں گروپ میں باقی بھاءیوں کی مدد کروں گا 
میرے لیے دعا کریں آپ سب بھائ کہ میں کامیاب ہو جاءوں See less"
718,Aslamo alaikum Mera challenge aj 8 din ke bad toot geya hai bohat tension mein hon inshallah ab phir se start kroga to complete kroga challenge ko
719,"السلام علیکم امید کرتا ہوں تمام بھائی ٹھیک ہوں گے 
میرے کچھ سوال سینیئرز بھائیوں سے ہیں میری شادی کو تقریبا دو سال سے زیادہ عرصہ ہو چکا ہے میں میں اپنی فیملی سے اؤٹ اف سٹی رہتا ہوں میرے کاروبار کا سارا دارومدار اؤٹ اف سٹی ہے اور میری تعلیم بھی اؤٹ اف سٹی میں کنٹینیو ہے جب میں اپنی فیملی کے پاس جاتا ہوں تو سب کچھ ٹھیک ہوتا ہے چیلنج بھی کنٹینیو رہتا ہے لیکن جیسے ہی میں واپس اپنے کام کو اتا ہوں تو پھر میرا چیلنج خطرے میں پڑ جاتا ہے میں اپنا چیلنج مکمل کرتے کرتے بہت تجربہ کر چکا ہوں 100 سے زیادہ دن  بار چیلنج کمپلیٹ کیا ہے الحمداللّه  زندگی میں بہت سی تبدیلیاں ائی ہیں اور پھر بھی گر کر کھڑا ہونے کی اللّه  پاک نے صلاحیت دی ہے بے شک شیطان ہمارا کھلا دشمن ہے لیکن کچھ سینیئرز بھائیوں سے میری ریکویسٹ ہے کہ مجھے اچھی طرح گائیڈ کر دیں تاکہ میں اپنے چیلنج  میں پوری طرح سے ایمانداری سے کامیاب ہو سکوں بہت بہت شکریہ اپ کا قیمتی وقت میں نے لیا See less"
720,اسلام وعلیکم اگر کوئی بھائی میرے ساتھ نو فیپ چیلنج شروع کرنا چاہتا ہے تو مجھے بتائیں میرا عمر 21 سال ہے شکریہ
721,"اسلام علیکم
مجھے تجربہ کار لوگوں سے مشورہ چاہیے
میں نے مشتزنی کافی عرصہ سے چھوڑ دی ہے 
اب میں نے چیلنج شروع کیا ہے آج تیسرا دن ہے! 
میں اب اپنی ریکوری کرنا چاہتا ہوں 
میں کافی کمزور ہو گیا ہوں مشتزنی اور پورن وغیرہ سے 
اب میرا وزن 48kg ہے اور عمر 23 سال ہے
میں نے اب جو روٹین اور ڈاءیٹ شروع کی ہے وہ یہ ہے. 
1.صبح ہلکی پھلکی ورزش کرنا گھر میں 
2.اس کے بعد ٹھنڈے پانی سے نہانا
 3.پھر ناشتہ کرتا ہوں ناشتہ میں دو روٹیاں دہی کے ساتھ کھاتا ہوں اور ساتھ میں لسی پیتا ہوں
4.اس کے بعد دوپہر کو دال کے ساتھ روٹی کھاتا ہوں دو روٹیاں اور پانی دن کو زیادہ پیتا رہتا ہو
5.پھر 5 بجے شام کو  6 کیلے لے کر کھاتا ہوں 
6.اس کے بعد شام کا کھانا کھاتا ہوں دو روٹیاں
7.اس کے بعد دو انڈے ابال کر کھاتا ہوں
میرا یہ سوال ہے برائے مہربانی میری اس تحریر کو لازمی پڑھیں اور بتاءیں میری یہ روٹین اور ڈاءیٹ ٹھیک ہے یا ساتھ کچھ اور ایڈ کروں 
جس سے عید کا ایک مہینہ پڑا ہے عید تک میں ہیلدی  ہو جاءوں؟ See less"
722,"میرا چلینج ٹوٹ گیا ایک ہفتہ بعد ۔ میں نے قبول کیا کہ میں خود سے سچہ نہیں تھا ، میں اپنی ساتھ ہے سچہ نہیں تھا 
 Trigger 
اسٹریس، بوریت  
کیا کریں کوئی ایسا کام نہیں ملا جو مجھے سکون دی ، پہلے دنوں میں لگتا ہا یار میں کر لو گا مگر بھر ، اسٹریس ، بوریت ہونے لگتے ہے ، کوئی ایسا کام ہے نہیں میرے پاس ، کوئی اور چیز میرے دماغ کو سکون ہے نہیں دیتے ۔ میرے حالت بھی ایسے نشئی جو کہتا تو ہی میں نشہ نہیں کرونگا مگر کچھ دن باد اس سے صبر ہے نہیں ہو پاتا۔ میرا بھی بلکل یہیں حال ہی ۔ 
میں نماز بھی پڑھتا ہوں ، اور میں نے قرآن بھی خود سے دو یا تین بار ترجمہ کے ساتھ پڑھا ہے اور سات سے آٹھ پارے تفسیر کے ساتھ بھی لیکن میرے دل پر اس کا اثر کجھ دن تک رہا ، اور میں نے نبی اکرم صلیٰ اللہ علیہ وسلم کے سیرت پی لکھی سب سے مشھور کتاب کا بھی مطالعہ کیا اس نے بھی مجھے بہت سکون دیا  وہ کتاب  میں نے پورے نہیں پڑھیں سات جلد تھے اس کے لیکن دل میں آج بھی خواهش کہ وہ کتاب پڑھوں وہ آقہ صلعم کے زندگیپ پر مبنی نایاب کتاب تھی جب میں وہ کتاب پڑھتا تھا تو وقت کا اندازہ بھی  نہیں ہوتا تھا ، مگر وہ کتاب مہنگی ہی میں نے وہ اپنی قریبی شھر کہ لائیبریری میں پڑھی تھے 
 اور ایک عالم دیں ڈاکٹر اسرار احمد رح کی بیان بھی بہت سکون دیتی تھی 
مگر اب ان سے دور ہو چکا ہو ، کافی وقت ہو گیا ہے۔ See less"
723,اسلام علیکم چیلنج کا 28 دن ہے ایک نازیبا تصویر پر اچانک نظر پڑی لیکن فوراً ہٹا لی اور موبائل بند کر دیا کیا چیلنج پر کوئی اثر پڑا
724,"امام ابن القیم رحمہ اللّٰہ فرماتے ہیں : 
اعلى الفكر و أجلها و أنفعها ما كان لله و الدار الآخرة.
اعلی ، عمدہ اور نفع بخش سوچ و فکر وہ ہےجو اللہ اور آخرت کے متعلق سوچی جائے ۔
 ( الجواب الكافى لمن سأل عن الدواء الشافي ص ٢٢٨ )
@highlight #follower #everyonefollowers #7nited #Pakistan #everyone #islamicpost See less"
725,aslamualikum Mari age 19 ha ma aj sa challenge start kar raha ho ma na 4 Saal moshat zani ki ha Mari rahnumai Kary or Mary Lia duaa kary
726,"Jab aap porn se door hote hain, to aapka dimaag ""dopamine"" ke us unnatural cycle se bahar nikalne lagta hai.
Iske piche ki science aur fayde kuch aise hain:
Dopamine Sensitivity: Porn dimaag mein dopamine ka had se zyada flood paida karta hai. Jab aap ise chorte hain, to dimaag dheere-dheere normal choti khushiyon (jaise doston se baat karna ya accha khana) ka maza lena shuru kar deta hai [1, 2].
Mental Clarity: Dimaag ka ""fog"" kam hone lagta hai aur focus behtar hota hai [3].
Self-Control: Ek din ka control aapke willpower ko boost karta hai, jo aapko andar se mardana aur mazboot mehsoos karata hai [4].
Energy Level: Zyada tar log mahsoos karte hain ki unki mental energy aur mood behtar hone laga hai kyunki wo guilt aur shame se bahar nikal rahe hote hain [ See less"
727,"اسلام عليڪم Bhai Meri challenge ko aj (90) Days completed howa ha Alhimdullih Fir be mujha khouf q ha 
1 jesa ki Meri timing second ma thi Mujha laga rha ha abhi be vesi ha
2 Mera nafs ka size (5) inches ha mujha. laga rha ha bhout kam ha
3 or kuch time bad Meri shadi ha mujha khouf q ho rha ha ki ma qabil ni ho mujha sa kuch ni ho ga q 
4 or ma exercise - walk be karta ho kia ya khouf dar kahatm ni ho ga kia ma shi sa recover ni ho please Bhai Mujha guide Karen bhout parshan hon"
728,"”میں اللہ تعالیٰ کے رُوبرو اپنی شکایت رکھتا ہوں، کہ میں ان چیزوں کو برا کہتا ہوں جو میں خود نہیں چھوڑتا، اور ان چیزوں کو اچھا کہتا ہوں جو میں خود نہیں اپناتا!“
(عبدالله بن عروة بن الزبير رحمه الله تـ ١٢٥ھ | الزهد لابن المبارك : ١٩٣)
@highlight #everyonefollowers #Pakistan #follower #islamicpost #everyone #7nited #ukreels"
729,"Assalamualaikum 
Mere health allahamduliah thk ho gai phlee Buht erection a rhi thi subha bhi din ko bhi Ajj 3sra din ha na subha erection a rhi ha na din ko kia waja ha"
730,"mera chellange ka 21 din he 
or ye pechli 10 salo me pehli baar he 
ke masterb@tion nahe keya 
but 
me bohot zyada over confident ho 
jang jagre ko bohot dil karta he 
or me pathan be ho 
is masli ka hal kya he kya karo me 
 See less"
731,"سلام 
امید ہے سب ٹھیک ہونگے 
مجھ سے کنٹرول نہیں ہو رہا یہ لت 
کیسے خود کو کنٹرول کروں 
میں سعودی عرب میں جاب کرتا ہوں
جب گھر میں ہوتا تھا تب کنٹرول نہیں ہوتا تھا 
شادی کو چار سال ہوگئے ہے See less"
732,Mene no porn challenge start kia tha but 10 days bad me har gya aur boht ziyada mastribuation kar betha phir me stress me agya mera nikkah howa howa hai but rukhsati nii mene ye baat apni wife se share ki unse kha me apko iss addiction me nikalne me madad do gi usny mojay samjaya ab me aik.azam ky sath challenge start karna chahata ho kia mene aahi kia apni wife se share kar ky umse mojay bare pyaar se aamjaya aur kha kabhi chor nahi jaoo gy app 90 days me change ho jaye hy admins shab meri rehnomai kare aut kojay guideness de aur dua bhi de sath alhamdullilah aik boht achi humsafar mili hai ab meri pori.lohsiah hai aur niyyat hai isko chorne ki See less
733,"*Quran Reminder*
 *ایک پیغام، ایک دعوت، ایک انقلاب* 
 *قرآن صرف پڑھنے کے لیے نہیں… جینے کے لیے ہے۔* 
یہ کوئی عام کتاب نہیں،
یہ کلامِ الٰہی ہے…
رب کی طرف سے نازل کی گئی ہدایت،
جو دلوں کو زندہ اور روحوں کو پاک کرتی ہے۔
 *قرآن… وہ کتاب ہے:* 
 جو اندھیروں میں *روشنی* ہے
 جو بے سکونی میں *سکون* ہے
 جو ٹوٹے *دلوں کا مرہم* ہے
 جو ہدایت کا *راستہ* ہے
 لیکن…
یہ خزانے صرف اُن کے لیے ہیں جو:
 *دل سے پڑھتے ہیں* 
 *سمجھنے کی نیت سے کھولتے ہیں* 
 *عمل کرنے کا عزم رکھتے ہیں* 
 *اور اللہ سے جُڑنے کا شوق رکھتے ہیں* 
 یاد رکھیں:
 *یہ قرآن اُس قوم کو نہیں بدلتا،* 
جو صرف اسے *ثواب* کے لیے پڑھتی ہو…
بلکہ اُس کو بدلتا ہے جو اس سے *خود کو بدلنے کا ارادہ رکھے!* 
 آئیے! آج سے قرآن کو صرف تلاوت کی نہیں،
 *ہدایت کی نیت سے پڑھنا شروع کریں۔* 
 *زندگی خود بخود سنور جائے گی…*
❂▬▬▬๑۩۞۩๑▬▬▬❂
   Abo Dujana Fazal Wadood
  ❂▬▬▬๑۩۞۩๑▬▬▬❂ See less"
734,"السلام علیکم
دوستو میری ربیع الاول کے مہینے میں شادی ہوگی انشاءاللہ
تقریبا چار مہینے کا وقت موجود ہے
میرے چیلنج کا دوسرا دن ہے میں نے Goggle Gimini سے  daily Exercises اور Diet کا پلان تیار کروایا ہے 
جو کہ میں اپ سے شیئر کر رہا ہوں سینیئر حضرات چیک کریں
Morning walk+ light exercise at home 
Phir 
ناشتہ+2 ابلے ہوئے انڈے+ایک کپ دہی
3 se 4 litter Pani din ma
دوپہر کا کھانا
اور پھر شام کو بھنے ہوئے چنے اور 7 کجھور 
نوٹ: کیونکہ گرمی کا موسم اگے مزید بڑھ جائے گا تو بھنے ہوئے چنے کا میں نے اس سے پوچھا تو اس نے بتایا ہے کہ بھنے ہوئے چنے گرم ہوتے ہیں خشک بھی ہوتے ہیں جس سے پیاس لگتی ہے  یہ تین سے چار لیٹر پانی پینے میں مددگار ثابت ہوں گے
اس کے بعد رات کی high Exercises at home 
اور پھر 30 سیکنڈ 45 منٹ کے بعد کھانا 
سونے سے پہلے 
ایک گلاس دودھ+آدھا چمچ دیسی گھی۔
نوٹ: میں نےGoggle Gimini کو یہ نہیں بتایا کہ میں ماسٹر بیسن کرتا رہا ہوں See less"
735,"Sir mara chàlagé 6,,,, 7 din ka ho gya ha lkn mujy patlà pat ma Jo Toni k nichà hotà ór nas k óper hota ha oß ma Dard ho rha ha jab o8ta ho ya nichà hotà ho to bher jißam ma Dard hota ha ànder pat ma ni ho rha kià yà chàlnge ki wajah sa ha ya koi or màsla ha"
736,"السلام علیکم ۔ 
جناب مجھے بہت خوشی ہے جو میں نے اپ سے سوال پوچھا تھا۔ تقریبا چار دن پہلے۔ سوال تھا شادی کے بعد ہمبستری۔ یعنی ہمبستری تین چار دن وقفہ کر کے اس کے بعد کرنی چاہیے۔ (تا کہ دونوں ایک دوسرے کو کبھی سمجھ سکیں اور آپس میں تھوڑی بہت انڈر اسٹینڈنگ ہو سکے) تمام ممبران نے اس سوال کو بہت پسند کیا۔ اور آپ  نے (ایڈمن صاحب ) بھی اس کا تسلی بخش جواب دیا۔ اور سب سے بڑی بات یہ ہے کہ جن جن افراد کے ذہن میں شکوک و شبہ تھا ان کو بھی اس کا تسلی بخش جواب مل گیا اور اپ نے نہایت تفصیل اور مدلل انداز میں اس کو بیان کیا۔
میری تمام گروپ ممبران سے درخواست ہے کہ ائندہ کسی کو بھی اس موضوع کے بارے میں  سوال جو شاید اپ کے ذہن میں ہو کہ دوسروں کو بھی اس سے فایدہ ہو۔ تو بلا جھجک یہاں پر سوال کریں ہم یہاں پر بالکل ایک فیملی ممبر کی طرح ہیں۔
بجائے ایسے سوال مذاق میں یہاں کچھ اور صرف گپ شپ یا ٹائم پاس کے لیے ہوں 
گروپ ایڈمن صاحب ، اور تمام گروپ ممبران کا بہت بہت شکریہ See less"
737,"Let's welcome our new members:
( اہم گروپ رولز ) جن پر عمل کرنا انتہائی ضروری ہے۔
1) کوئی بھی ممبر کسی بھی پوسٹس یا کمنٹ پر ھنسی 
 اور اینگری 
 والی ایموجی نہیں لگائے گا۔ 
2) کوئی بھی ممبر کسی کو بھی ان باکس نہیں بلائے گا  
3)گروپ میں کسی بھی قسم کی میڈیسن دوائیاں ،نسخے تجویز کرنا سختی سے منع ہے ۔ 
رولز کی خلاف ورزی کرنے کی صورت میں گروپ سے ہٹا دیا جائے گا ۔  جزاک اللہ خیرا 
Shiblinomani Shiblinomani
,
Ali Ali
,
Shoukat Azad Siyal,
Mhr Abdul Raouf
,
Ghafoor Khan
,
Azam Khan Swati
,
MeerBashar Ktk
,
محمد عمران سعیدی
,
Hassan Khan
,
Qasim Malik
,
Sadam Samo Sadam Samo
,
محمدعمران حقانی
,
Atif Khan,
Yaseen Khan
,
Khan Trading
,
Munawar Hussain
,
Hina Tariq
,
M Zaman
,
Talha YT
,
Khan Khan
,
Muhammad Noori
,
Shaheryar Ahmed
,
rise of a conquer
 ,
عبد الصمد سولنگی
,
Asim Mughal
,
Nasir Rana,
Syed Ahmed Ali,
Kashif Munna
,
Hassas Ruh
,
Saad Rehman Shah J
,
Akbar Ali
,
Muhammad Bilal
,
عمر بلال
,
Muzammal Arain
,
Abdul Samad Mehsood
,
Chaudhary Shanii
,
Saith Usman,
Zeeshan Ali Gill Jutt
,
M Usman Khan
,
Owais Khan
,
Qasim Ali Qasim
,
Debora Swallow
,
Aqsa Naeem
,
Abdullah Tareen
,
Hazrat Ali,
Salman Saloom
,
Ali Nawaz
,
Mohammad Ihsan Ullah Bajwa
,
Huzaifa Faheem
,
R K Satakzai
,
Juma Khan
,
Ch Awais Warraich
,
Sagar Shahzad
,
Masoom Arzoo
,
Bahotok Bahotok
,
Zeeshan Khan
,
Ali Khan
,
غمه لاس دي خلاص
,
Khan Saab
,
Hassan Aly
,
Zubair Ovais
,
Lala Gull
,
Abdul Haseeb
,
Saqib Yaseen
,
Maaz Khan
,
Rebel Bou Rebel Bou
,
Rahman Rafique
,
Rai Nawaz Ali
,
Ahmad Salman Farid
,
Adnan As Adnan As
,
Arbaz Ali
,
Dani Sh
,
Ch Shahbaz
,
Tableegh Ul Islam,
Aftab Ahmed Umrani
,
Abu Umair
,
جسد خاکی
,
Tabish Tabish Tabish
,
ســــــردار صــــــاحب
,
Lovely Bou
,
IbrAr AwAn
,
Mujeeb Qazi
,
Afridi Khan
,
اسفند بھٹی
,
Uzair Mobile & Repairing Center
,
Shahab Ullah
,
Muhammad Ramzan
,
Ayesha Malik
,
Ahsan Multan
,
Ail Haider
,
Saeed Ahmed Bhayo
,
Waqar Afridi
,
Awais Jutt
,
Faris Khan
,
Sohail Chohadry
,
Said Rasool Maliq
,
Sohaib Abbasi
,
Bismaj Bismaj
 See less"
738,میرے چلینج کو ایک ہفتہ ہوا ہے ۔ اب بہت دل کر رہا وہ ویڈیوز دیکھو ، دل بہت بیچین ہو رہا ہے ، رات گندی فوٹو دیکھے تھی پر خد کو سنبھال لیا ، آپ رہنمائی کریں مہربانی ، میرا چلینج زیادہ تر 10 دن یا 15 تک ہے چل پاتا ہے ، اگر کسی بھائی نے چیلینج پورا کیا ہے تو پلیز رہنمائی کریں
739,میرا چیلنج اج ٹوٹ گیا لیکن میں نے کوئی ہاتھ کا استعمال نہیں کیا تھوڑا سا ہاتھ مارا  نفس میں سختی بھی نہیں تھی اور میرا چیلنج ٹوٹ کئی دن پہلے صبح کو سختی ہوتی تھی بالکل سٹ تھا یہ مسئلہ کیوں کیوں ا رہا ہے نعمان بھائی بتا دو میری شادی بھی ہے کئی دنوں کے بعد پلیز پلیز اس کا مطلب کیا ہوتا ہے یہ کیوں ہوتا ہے بتا دو ذرا
740,چودہ سال کی عمر سے مشت زنی کی گندی عادت پڑ گئی تھی اور اب جس کی وجہ سے عضو تناسل میں سختی اور ٹائمنگ کم ہے دو ماہ کے بعد شادی ہے کوئی آزمودہ اور بہترین نسخہ بتائیں میرا مزاج گرم تر ہے اہل علم حضرات اور حکماء حضرات رہنمائی فرمائیں میں بہت زیادہ پریشان ہوں۔
741,اسلام علیکم اگر کسی نے بہت مشت زنی کی ہوں اور پھر چلینج شروع کر دے اور اس دوران عجیب خیال آئے جیسے اپنی موت کے بارے میں کے نا آجاے یا دل کو گبراہٹ وغیرہ بہت زیادہ ہوں اور درد ہو دل میں فورآ صحیح ہو جائے کیا ڈاکٹر کو دکھائیں یا یہ سب کچھ چیلنج میں ہوتا ہے
742,*غلط* جگہ پر،اگر آپ اپنا *بہترین* بھی پیش کریں،تب بھی وہ کافی نہیں ہوگا!جبکہ *صحیح* جگہ پر،آپکا صرف *موجود* ہونا بھی قابلِ تعریف ہوتا ہے!
743,"Hlo everyone 
Meri agr 23+ ha 
Mainy bachpan say hand practice ki ha 
Ab nafs Kam nhi karta 
Hath lagon discharge ho jata ha 
Kai hakeemu ka pass gya medicine Khai but koi fyda nhi hua 
Agr kisi ka ye issues ha ya kisi nay Dr say treatment karai ha or agr wo thk ho gya ha to plz mujhy btao guide karu ta k maera msla nhi Hal ho jaye 
Thnx See less"
744,"admin post appovre please 
ma rat ko Soo rah tha too asa kawab ma hand practice ka kahila aia or pir subh uth kar Dakh to kapra karab tha ab mara chalnge toot gia kia ab ik Dil kah rha again ab hand practice kar loo"
745,چیلنج کو 15 دن ہوگئے ہیں مسئلہ یہ ہے کہ شروع میں سختی ٹھیک تھی لیکن اب خود نہیں ہے مثلاً صبح کواور دن کو بھی کھڑا ہوتا تھا اب وہ بھی ختم ہو گیا ہے اور میری شادی کو 10 دن باقی ہیں اور اب کیا کرو
746,"اسلام وعلیکم۔ چیلینج کے چوتہے دن کی شروعات ہے اور میری خالت نیچے تصویر میں دکھائے گئے شخص کی طرح ہے۔ اور وجہ یہ نہیں ہے کہ مجھ سے کنٹرول نہیں ہو رہا۔  مینے جب سے اس سے مخبت کا اظہار کیا ہے میرا تو  ماسٹربیشن کا بلکل دل  ہی نہیں کرتا۔ میرا سوال یہ ہے کہ سینا خد سے زیادہ جل رہا ہے۔ گھبراہٹ اور میرے پرائویٹ پارٹ کے تہوار سا اوپر ہر وقت کچھ خرقت ہوتی رہتی ہے۔ جیسے پیٹ خراب ہو ایسی ہی۔ تو کیا یہ نارمل ہے۔ 
نوٹ:  ہم نے مخبت نقاخ کرنے کے لئے کے ہے، نا کہ کوئی غیر اخلاقی یا ٹائم پاس کرنے کے لئے نہیں کی۔ ہمارا فیصلہ نقاخ کے بعد تعلک بنانے کا ہے۔ اور وہ مخلص بھی ہے۔ یہ سب اس لئے بتا رہا ہوں کیونکہ یہ سب بتانے کے لئے میرے پاس کوئ نہیں ہے۔ 
آپ سب کے وقت کا بہت بہت شکریہ۔ اللہ خافض۔ See less"
747,Salam kaisy Hy sab Allahahamdullilah Challange k 2 week hogai aur 2 week mai wajood ny itni taraki ki k hath py angoti Tha aur wo ab tang hogai but ab boht tang kr rahy Hy shahwat
748,السلام علیکم الحمدللہ میری چیلنج کا 30 دن مکمل ہوگئے مجھے مسلہ یہ ہے کہ رات کو جب نفس کھڑا ہو جاتا ہے نیند میں تو جب زور دیتا ہو تو بہت درد ہوتا ہے نفس کے اندر یعنی میرے نفس کے رگیں بہت کمزور ہے شاید یہیں وجہ ہو سکتا ہے چیلنج پورا کرنے سے ٹھیک ہو جائے گا
749,aoa....37 days hugaiye hai nofap ko.....1 bar nightfall hua hai serf.....pihle erection nahi hute te....ab hute hai...laikin 18 saal se pihle jo erection hute te otne nai hai...2016 se masturbation kr raha hu....mai chahta hu k 18 saal se pihle wale taqt dobara hasel kro
750,KY masterbataion ki waja sa penis tara hota ha aur mur jata ha matlab hota straight ha lakin side sa nicha hojata ghum jata agr ha to KY theek kasa hota ha ?
751,"اسلام علیکم امید کرتا ہوں سب بھائ ٹھیک ہوں گے
مجھے آج اپنی زندگی کی اس تلخ حقیقت کے بارے میں بات کرنی ہے جس نے میری ذہانت ،میری قابلیت، میرے اعتماد کو اتنا نقصان پہنچایا کہ میری شخصیت ہی ختم ہو گئی۔
میں نے آج سے 15 سال پہلے مشت زنی شروع کی ایک بری صحبت کی وجہ سے اور ان سالوں میں میں نے دو دفعہ مشکل سے 2 مہینے مشت زنی نہیں کی ہو گی جس سے مجھے اتنا نقصان ہوا کہ میری چھوٹے پیشاب کی نالی ڈیمیج ہو گئ شادی کی شادی ناکام ہوگئی غرض میں ڈپریشن میں چلا گیا ہوں اب 18دن سے چیلنج شروع کیا ہوا ہے سینئر ممبران سے رہنمائی کی ضرورت ہے میں نارمل زندگی کی طرف لوٹنا چاہتا ہوں سکوں چاہتا ہوں
اور آخر میں معذرت بھی شاید میری تحریر بےربط سی ہو جو بھی ہو معاف کیجئے گا اور رہنمائی فرمائیں
اور تمام نوجوانوں سے اس بری لت سے بچنے کی گزارش کیوں کہ یہ آپ سے سب کچھ چھین لیتی ہے See less"
752,"السلام وعلیکم 
میرا ایک مسئلہ ہے میں جب بھی کسی انجان شخص سے بات کرتا ہوں اس وقت میرے دل کی دھڑکن تیز ہو جاتی ہے عجیب سی گبھراہٹ ہونے لگتی ہے اور الفاظ بھی آگے پیچھے ہو جاتے ہیں کوئی اس کی وجہ جانتا ہے تو بتائیں عمر میری اٹھارہ سال ہے اگر کسی کو اس کی وجہ معلوم ہیں کہ یہ کیوں ہوتا ہے اور اس کیفیت کو کیسے ختم کیا جائے تو پلیز بتائیں گا اللّہ پاک آپ کو جزائے خیر دے
ایڈمنز میں نے یہ پوسٹ لگائی تھی تو ایک بندہ نے سجیسٹ کیا تھا کہ ہومیوپیتھی سے اس کا علاج کیا جا سکتا ہے تو کیا مجھے کروانا چاہیے میرا چیلنج کا 86 واں دن ہے ایک اور بات کہ جو انرجی ضائع ہوئی اسکو رکور کرنے کے لیے کوئی ڈائٹ یا کوئی شیک وغیرہ استعمال کرنا ہے See less"
753,Me jab bhi apni wife se phone per romantic batay karta ho tu mojay nafs mese katre aty hai mene no porn challenge start kia tha alhmadullilah me 10 din tak kamyab hiwa koi porn video nahi deakhi lekin 10 din nad hath se khud ko discharge kar lia abb iska hal bataoo ky me apni wife se kaise ab romantice batay kam kia karo mery nafs se katre aty hai mokay admin bhai koi strict challenge de mea miiak hiwa hai ruksati 1 se 1.5 saal bad hai guide lime de plz
754,مجھے انزایٹی تھی جو تقریباً الحمدللہ ختم ہوچکی ہے لیکن کھانے کے بعد دل کی دھڑکن تیز ہوتی ہے حلق اور گلے تک محسوس ہوتا ہے جھٹکے گرمی بھی زیادہ محسوس ہوتی ہے کھانا تھوڑا لیٹ ہو جائے تو بھی پاؤں میں کمزوری ہلکی سی خوف اور سانس کا آنا جانا مطلب ہلکی سی بندش اور چکر بھی محسوس ہوتی ہے
755,"السلام علیکم و رحمتہ اللہ و برکاتہ،
دوستو! میں آج بہت ہمت جمع کر کے اپنی زندگی کا ایک ایسا سچ آپ کے سامنے رکھ رہا ہوں جس نے مجھے اندر سے کھوکھلا کر دیا ہے۔ میں ایک حافظِ قرآن ہوں اور BS (گریجویٹ) ہوں، لیکن اس وقت زندگی کے ایک ایسے موڑ پر کھڑا ہوں جہاں ہر طرف اندھیرا ہی اندھیرا دکھائی دے رہا ہے۔
میری زندگی کے چند بڑے مسائل یہ ہیں جن کے حل کے لیے مجھے آپ کے مشوروں اور دعاؤں کی ضرورت ہے:
بری عادت (مشت زنی): میں پچھلے 15 سالوں سے اس دلدل میں پھنسا ہوا ہوں۔ بہت کوشش کرتا ہوں، لیکن ہمت ٹوٹ جاتی ہے۔ حال ہی میں 16 دن کے صبر کے بعد میرا چیلنج پھر ٹوٹ گیا، جس کی وجہ سے میں شدید ذہنی دباؤ اور مایوسی کا شکار ہوں۔
قرآن کا بھولنا: افسوس کی بات یہ ہے کہ اس گناہ اور ذہنی پریشانی کی وجہ سے میرا حفظِ قرآن بھی کمزور ہوتا جا رہا ہے، جو میرے لیے سب سے بڑا دکھ ہے۔
بے روزگاری اور مالی حالات: تعلیم مکمل ہونے کے باوجود میرے پاس کوئی کام نہیں ہے۔ میں ایک سادہ مزاج لڑکا ہوں، مجھے دنیا داری اور لوگوں کی طرح ""چالاکی"" نہیں آتی، جس کی وجہ سے نوکری ڈھونڈنے میں بھی ناکام ہوں۔
اعتماد کی کمی (Low Confidence): میں بہت شرمیلا ہوں، لوگوں کا سامنا کرنے سے ڈرتا ہوں اور خود اعتمادی بالکل ختم ہو چکی ہے۔
شادی میں رکاوٹ: میری منگنی ہو چکی ہے، لیکن بے روزگاری کی وجہ سے شادی رکی ہوئی ہے، گھر والوں کا دباؤ اور اپنی بے بسی مجھے جینے نہیں دے رہی۔
میں زندگی سے مایوس ہو چکا ہوں، سمجھ نہیں آتا کہ اس چنگل سے کیسے نکلوں؟ اپنی زندگی کو دوبارہ پٹڑی پر کیسے لاؤں اور ایک پراعتماد انسان کیسے بنوں؟
میری آپ سے درخواست ہے:
مجھے اس بری عادت (Masterbation) سے مستقل چھٹکارا پانے کا کوئی عملی طریقہ بتائیں۔
اپنی خود اعتمادی (Confidence) بحال کرنے کے لیے میں کیا کروں؟
ایک سادہ مزاج انسان اس ""چالاک"" دنیا میں نوکری کیسے حاصل کرے؟
براہِ کرم مجھے مخلصانہ مشورے دیں، تنقید کے بجائے میری رہنمائی کریں، شاید آپ کی ایک بات میری زندگی بدل دے۔ See less"
756,kal mera 8 din challenges 2 bar toot gya our aj bhot jalin  hoo rha hai please help kare
757,Meri shadi mein abhi 8 month baqi hain lekin boht darr lag Raha hai or mujh se ye gand aadat bhi khatam nhi horahi
758,"AOA dear admin please approve 
Yaha koi esa bhai hai jiske nafs ka tera pan aur erection sahi hua ho mashtzani chorne sy admin please comment off na kare please taanke sub participate kare muje bhi maloom hojai tasali miley thank you"
759,"تمام بھائیوں کو اسلام وعلیکم 
آج میرے 120 دن مکمل ہوگئے ہیں 
میں نعمان بھائی کا جتنا مرضی شکریہ ادا کروں کم ہو گا 
میری تمام میمبرز سے ایک ہی درخواست ہے کے اگر خود کو بچانا چاہتے ہیں تو چیلنج کے دوران اپنے آپ کو کام میں مشغول رکھیں 
اور نماز ادا کریں اور اپنے منہ میں درود شریف پڑھتے رہیں 
اللّٰہ پاک سب کی زندگی بہترین فرمائے 
آمین See less"
760,"صرف میں اپنی زندگی بدل سکتا ہوں کوئی شخص میرے لیے کچھ نہیں کر سکتا 
آج ایک مولانا کا بیان سنا کہ اگر انسان ایک نیکی کرتا ہے تو اللہ اس کے لیے 10 اور نیکی کرنا آسان کر دیتا ہے پر اگر انسان بار بار گناہ کرتا ہے تو اس کے لیے گناہ آسان کر دیا جاتا ہے 
اسی لیے 90 ڈے کا چیلنج دیا جاتا ہے اگر ہم بری عادتوں اور گناہوں کو چھوڑ کر نیکی کے کام اور اچھی عادتیں ڈال لیں تو اللہ کے کرم سے پھر گناہ اور برے کام ہمارے لیے مشکل کر  دیے جائیں گے اور اچھے کام آسان 
میں بھی یہی سوچتا تھا یہ نہی کو پاوں گا ، بلکہ یہ سوچتا تھا اس لت سے نکلا ہی نہی جا سکتا پر اب اس گناہ سے بچنا آسان لگتا ہے 
میں اس گروپ میں باقاعدہ سے لکھ رہا ہوں اپنے ٹوٹے پھوٹے الفاظوں میں یہ سوچ کر جیسے دوسروں کو دیکھ کر میں اس لت سے نکلا شاید کوئی بھائی اور بھی ہمت کر کے یہاں لکھنا بھی میجیکل فایدہ مند ہے کبھی ارجز تنگ کریں اور لکھنا شروع کرو تو دماغ سے بہت جلد غلط خیالات چلے جاتے ہیں See less"
761,السلام علیکم جب سے میرا یہ والا چیلنج ٹوٹا ہے۔اس کے بعد میں ہفتے میں دو بار مشت زنی کر چکا ہوں۔چیلنج کو دو بار توڑ چکا ہوں۔ چیلنج ٹوٹنے کے بعد میں پہلے جیسا ہو گیا ہوں۔جس طرح مجھ سے پہلے نہیں رکا جاتا تھا اب بھی نہیں رکا جاتا۔ میں وہی پہلے والي کمزوری محسوس کرنے لگا ہوں۔ میں اللہ سے توبہ کرنے کے بعد بھی چیلنج پورا نہیں کر پا رہا۔ آپ ہی بتائیں میں کیا کروں جو اب چیلنج شروع کرنے کے بعد نہ ٹوٹے۔ میرے لیے اللہ سے دعا بھی کریں میں اس لت سے چھٹکارا پا لوں۔
762,میرے دماغ میں ہر وقت جھٹکے لگتے ہیں دماغ سن ہو جاتا ہے بعض اوقات نظر آنا بند ہو جاتا ہے عمر 29 سال
763,"آپ نے اگر بات چیت کرنے میں جھوٹ سے ، غیبت سے ، بدگوئی
اور دل آزاری سے پر ہیز کیا، اور خدا سے ڈر کر صرف حق بات کی ، تو جتنا وقت آپ نے بات چیت میں صرف کیا وہ سب عبادت میں
صرف ہوا۔
حوالہ کتاب خطبات : 109 See less"
764,میرا چیلنج 3دن سے اگے نہی جاتی می ہر بار توبہ کرتاہو اب می کیا کرو
765,السلام عليكم۔ میرے چیلینج کا تیسرا دن ہے اور ماسٹربیشن کا بلکل بھی دل نہیں کر رہا۔ کیونکہ مجھے کسی سے محبت ہو گئ ہے۔ اور میں نے اس سے مخبت کا اظہار بھی کر دیا ہے۔ اور اس کی بھی ہاں ہے۔ اس لئے ماسٹربیشن کا بلکل بھی دل نہیں ہو رہا۔ اور مجہے دو دن سے جسم میں بہت گرمی بھی محسوس ہو رہی ہے۔ سینا جل رہا ہے۔ سانس بہاری محسوس ہو رہا ہے۔ تو کیا یہ سب نارمل ہے چیلینج کے لئے یا مجہے کیا کرنا چاہیے۔ رہنمائی فرمائیں۔ آپ کے وقت کا بہت شکریہ۔
766,"اسلام علیکم 
الحمدللہ اج چیلنج کا 15 دن ہے کیونکہ 70 دنوں والا چیلنج ٹوٹ گیا 
سوال یہ ہے night fall پر پہلے بہت زیادہ منی نکلتی تھی لیکن اب بہت ہی کم ہوگئی ہے دو انچ جگہ بھی نہیں گندی کرسکتی اس کی کیا وجہ ہے
دوسرا سوال س+پ+ر+م کسی زیادہ کرے پہلے کی طرح 
اور night fall بھی حد سے زیادہ ہورا ہے 
پلیز جواب لازمی دے See less"
767,Me nafs ko hath lagata hun sath hi mani nikal ati he 5 seconds me mein fahash filmon aur musht zani ka aadi hogya hun. Har waqt fahash film dekhta hun parhai me bhi aik min dehan nae jata koi job bhi nae he 29 Saal ka hogya hun me is cheez se tang agaya hun.
768,بھائی میں بہت عرصے سے مش زنی کر رہا ہو لیکن اب کچھ ہفتوں سے میرے نفس میں تناؤ کم ہو گیا ہے مطلب سختی نہیں اب اور اب میں مش زنی چھوڑ رہا ہو لیکن مجھے بتائیں کیا میرے لیا یہ غلط سائن ہے یہ کچھ اور میرا ٹسٹٹیس بھی ایک ہے
769,"Yar buht mushkil ho rahi hai,mujhe se study bhi nhi ho pati. Meri 5 months tak shadi hai. Mujhe koi koi solutions btaun kay kein iss gandi lat se jawn chorwa lu."
770,"یہ کہانی ایک ایسے بادشاہ کی ہے جو اپنی کئی جنگیں ہار چکا تھا۔ وہ اپنی جان بچانے کے لیے ایک غار میں چھپا بیٹھا تھا اور سخت مایوسی کا شکار تھا۔ اس نے سوچ لیا تھا کہ اب وہ کبھی اپنی سلطنت واپس نہیں پا سکے گا۔
اسی دوران اس کی نظر ایک مکڑی پر پڑی جو غار کی چھت پر جالا بننے کی کوشش کر رہی تھی۔ مکڑی دیوار پر چڑھتی، لیکن بلندی پر پہنچ کر گر جاتی۔ بادشاہ اسے غور سے دیکھنے لگا۔ مکڑی ایک بار گری، دوسری بار گری، یہاں تک کہ وہ نو بار گری۔ لیکن اس نے ہمت نہیں ہاری۔ دسویں بار اس نے پوری قوت لگائی اور آخر کار چھت تک پہنچ کر اپنا جالا مکمل کر لیا۔
یہ منظر دیکھ کر بادشاہ کی آنکھیں کھل گئیں۔ اس نے سوچا، ""اگر ایک چھوٹی سی مکڑی ہمت نہیں ہارتی، تو میں ایک انسان اور لیڈر ہو کر کیسے ہار مان سکتا ہوں؟""
بادشاہ غار سے باہر نکلا، اپنی بکھری ہوئی فوج کو دوبارہ اکٹھا کیا، اور نئے عزم کے ساتھ حملہ کیا۔ اس بار اس نے جنگ جیت لی اور اپنی سلطنت واپس حاصل کر لی See less"
771,"خود اعتمادی: ""دنیا کی کوئی طاقت آپ کو تب تک نہیں ہرا سکتی جب تک آپ خود ہمت نہ ہار دیں"
772,Assalamu Allikum admin bhai Allhamdillah 10 days complete dec tk shadi h kia mri erection ka issue thik ho jye ga nmaz be perta excercies b krta 15 year ki hai ki m qaibl ho jao ga?
773,"65 day of challange without any excercise
Excercise na kro to challage ka faida ha ya nahi"
774,اسلام علیکم! آج الحمدللہ میرا 14 واں دن ہے الحمدللہ مجھے اب تک کوئی مسلہ پیش نہیں آیا میں بس یہ سمجھتا ہوں انسان سچے دل سے توبہ کرے استغفار کی کثرت کرے اور اپنے ذہن کو سمجھا لے تو یہ لت چھوڑنا مشکل نہیں۔
775,An 26 days me bad challenge trot gia phlyyy 100 days complete Kia but changes ai body me abhi inshallah Allah phir our kry ha namaz prhtaaa hu bad Allah se dua kronga Allah Pak maff kryyy ameen
776,". تنہائی سے بچیں (Avoid Loneliness)
زیادہ تر یہ عادت اکیلے پن میں ہوتی ہے۔ کوشش کریں کہ اپنا زیادہ وقت گھر والوں یا دوستوں کے ساتھ گزاریں اور صرف سونے کے لیے بستر پر جائیں"
777,"حمزہ ( نام) ایک نوجوان طالب علم تھا جو اس عادت کا شکار تھا۔ وہ ہر بار وعدہ کرتا کہ اب نہیں کرے گا، لیکن ناکام ہو جاتا۔ اس کی پڑھائی متاثر ہو رہی تھی اور وہ سارا دن تھکا ہوا رہتا۔
تبدیلی کا موڑ:
ایک دن حمزہ نے اپنے آپ کو آئینے میں دیکھا تو اسے خود پر شرم آئی۔ اس نے فیصلہ کیا کہ اب بس!
پہلا قدم:
 اس نے اپنے کمرے سے کمپیوٹر ہٹا دیا اور پورن سائٹس بلاک کر دیں۔
دوسرا قدم:
اس نے ورزش شروع کی اور شام کو دوستوں کے ساتھ فٹ بال کھیلنا شروع کر دیا۔
تیسرا قدم:
 جب بھی اسے شہوت کا خیال آتا، وہ فوراً وضو کر کے دو نفل پڑھتا۔
چوتھا قدم:
 اس نے اپنی family کے ساتھ زیادہ وقت گزارنا شروع کیا تاکہ وہ تنہا نہ رہے۔
شروع میں اسے شدید مشکلات ہوئیں، دل بے چین ہوتا، لیکن وہ ڈٹا رہا۔ دو ہفتے گزرنے کے بعد اسے اپنے آپ میں تبدیلی نظر آئی۔ وہ زیادہ متحرک اور خوش رہنے لگا۔ تین مہینے بعد، وہ اس عادت سے مکمل طور پر آزاد ہو چکا تھا اور اس کی نظریں بھی پاک ہو گئی تھیں See less"
778,kia challenge K Doran kaly kachy chny kha skty hn aor asgand(اسنگدھ) kindly koi btao
779,"بہت سے بھائی نوفیپ چیلنج شروع کرتے ہیں اور ان کا چیلنج بار بار ٹوٹ جاتا ہے۔ حالانکہ وہ دن میں پکا ارادہ لرتے ہیں کہ اب مر جائیں گے لیکن یہ گناہ دوبارہ نہیں کریں گے لیکن اسی رات وہ پھر سے یہی گناہ کر بیٹھتے ہیں۔ بہت سے مسلمان نوجوان ایسے ہیں کہ خودکشی حرام نہ ہوتی تو اس لت سے تنگ آکر اپنا خاتمہ کر لیتے۔ 
مایوسی ، افسوس ، پچھتاوہ ، غصہ ، خود کو فنا کر دینے کی خواہش ، گناہ کرتے ہی یہ سب ان کے دل میں آتا ہے اور وہ اللہ کی بارگاہ میں روتے اور گڑگڑاتے ہیں۔ اس کے باوجود وہ گناہ کے اس دائرے سے باہر نہیں نکل پاتے اور شدید ذہنی اذیت میں موت سے بھی بدتر زندگی گزارتے چلے جاتے ہیں۔ ان کا دل چاہتا ہے کہ اپنی سب سے قیمتی چیز کے بدلے بھی توبہ ملتی ہو تو لے لیں۔ سوال یہ ہے کہ اتنی شدت سے توبہ کی خواہش رکھنے کے باوجود وہ توبہ پہ قائم کیوں نہیں رہ پاتے ؟
یہ بات سمجھنے کی ضرورت ہے کہ یہ لت ایک دماغی ایشو ہے۔ ہمارے دماغ پہ اس لت سے ملنے والی لذت اس قدر حاوی ہو چکی ہے کہ ہمارا دماغ ہمارے اختیار سے ہی نکل چکا ہے۔ چند دن تک ہم اپنے دل و دماغ کو اس گندگی سے زبردستی روکتے ہیں لیکن پھر ایک دن یہ بند ٹوٹ جاتا ہے۔ 
یہ تو ہوگیا مسئلہ ۔۔۔ اب آپ جاننا چاہیں گے کہ مسئلے کا حل کیا ہے ؟
آپ نے اکثر سنا ہو گا کہ اگر کسی مسئلے کو دبانا ہو تو اس سے بڑا مسئلہ سامنے لے آئیں۔ آپ اپنے دماغ کو یہ سمجھائیں کہ یہ کام کس قدر نقصان دہ ہے اور کیسے آپ کے جسم اور ذہن کو نقصان پہنچارہا ہے۔ اس کے لیے آپ کو نوفیپ ریکوری گائیڈ کی نو قسطوں کو سمجھ کر پڑھنا ہوگا۔ اللہ بہترین جزائے خیر دے ان لوگوں کو جنھوں نے اس گائیڈ لائن کو لکھا اور ایک جگہ اکٹھا کر دیا۔ اس گائیڈ کو پڑھ کر ، جس دن آپ کے دماغ نے یہ بات تسلیم کر لی کہ جس لذت کے پیچھے آپ بھاگ رہے ہیں وہ آپ کے دماغ کو مفلوج لر رہی ہے۔ آپ کا فوکس، آپ کی یادداشت، قوتِ فیصلہ ، قوتِ ارادی، اعتماد ، مستقل مزاجی اور سکون برباد ہو رہے ہیں، اس دن آپ کا دماغ اس کام سے لذت لینا بھول جائے گا۔ اس لت کی لذت ، اس فکر کے سامنے چھوٹی پڑ جائے گی جو آپ نے اپنے دماغ کو پکڑا دی ہے۔ جب تک آپ کا دماغ اس لذت سے بیزار نہیں ہوگا، زبردستی کی توبہ زیادہ دن نہیں چلے گی۔ 
کبھی آپ نے سوچا کہ سردی کی یخ ٹھنڈی رات میں کوئی ٹھنڈے پانی سے وضو کرکے تہجد کیسے پڑھ لیتا ہے ؟ 
کسی جوان مرد کو ، تنہائی میں ایک خوبصورت عورت بدکاری کی دعوت دے تو وہ اختیار کے باوجود انکار کیسے کر دیتا ہے ؟
کیونکہ ایسا کرنے والے کا دماغ ، ایک بڑی فکر پہ فوکس کر رہا ہے۔ اسے اب ایک وقتی لذت میں کوئی کشش محسوس نہیں ہو رہی۔ 
میں نے اور آپ نے بھی یہی کرنا ہے۔ دماغ کو ایک ایسی فکر میں ملوث کرنا ہے کہ یہ جعلی اور وقتی لذت بے معنی ہوجائے۔ اس مسئلے کو نفسیاتی پہلو سے سمجھ کر حل کرنا ہے۔ See less"
780,السلام عليكم۔ میری عمر 17 سال ہے اور میں 6 سال سے تقریبا روز ہی ماسٹربیشن(Masterbation) کرتا ہوں اب تو میری ٹائمنگ 30 سیکنڈ سے بہی کم ہے۔ پلیز رہنمائی فرمائیں۔ شکریہ۔
781,"الحمدللہ 24 دن مکمل ہو گئے ہیں
احباب الکرام میں نے ایک کلو بادام اور ایک کلو اخروٹ لئے ہیں جو کہ میں صبح شام 2 اخروٹ اور 7 بادام کھاتا ہوں کیا مجھے مقدار زیادہ یا کم کرنی چاہیے یا یہی ٹھیک ہے
دوسرا میں نے ابھی تک کیگل ایکسرسائز شروع نہیں کی کیونکہ مجھے جسمانی کمزوری تھی تاکہ کوئی اور نقصان نا ہو جائے جیسے ہی چیلنچ کو مہینہ ہو گا پھر میں ایکسرسائز بھی شروع کروں گا"
782,"Assalamualaikum 
Mera question yai hai k 
Friday ko Meri shadi hai 
Mere kse khas Aziz nai kaha k aapnai sb maamlat samajh lye  kit wagera laili Bolton market sai
Mainai sharmindagi Mai han to boldia lkn kit wali bt Samajh nai. Paya barai mehrbani koi guide krdai"
783,Aslam o likuam group members mene kafi bar challenge kara or toota bhi kafi bar par mene ek bat not karli he ab chahe 90 days ka challenge kare ya 3 months ka challenge kare tab bhi last me toot na hi he mard sex ke bina rah nhi sakta. ab last option shadi hi he . chaye kuch bhi karle jab tak shadi nhi hogi is lat se nhi bacha ja sakta bas challenge karna aarzi tor bar khud ko roka ja sakta he wo bhi kuch hi months.tak .1st and last option married life... group me Jo Mere post se agree he wo right bole Baki Jo agree nhi wo apna comnts kare. jazaqallah. See less
784,Aoa Bhai Jan JB ma running krta hu to  Mari pinion k Thora SA nichy ya pinian hi LGA lan to dard honey LG jat ha
785,"Aslam o Alaikum...
Mere shadi ko 15 days hochuki Hain timing buht Kam Hai (takreban 5 minutes)
Guidance chahye??"
786,"asalam O alaikum..
میں بہت زیادہ ڈپریشن میں ہوں سمجھ نہیں آرہا کیا کروں میں نے 15سال مشت زنی کی ہے،روز ہی کرتا تھا کبھی کبھی کچھ دن چھوڑ کے میری شادی کو2سال ہو گئے ہیں مجھے شروع سے ہی بہت مسلے آرہے ہیں نفس میں سختی بہت کم ہے تھوڑی دیر کے لیے آتی ہے پھر چلی جاتی ہے سپرم بھی کم ہے حمل بھی نہیں ہوا ابھی تک میں جب بھی بیوی کے قریب جاتا ہوں تو سختی ختم ہو جاتی ہے اور مشت زنی کی عادت ابھی تک نہیں جارہی بہت پریشان ہو پتا نہیں کیا بنے گا میرا"
787,"Ma Kiya karo bar bar challenge tot jata ha toba bi ki ha or toba bi Tor di bahot  kamzarf ho ma 
Pata ni mere mafi hogi bi ya ni itna gunnah kar Liya ha mane Zindagi ma"
788,Asslam O Alikum Meri Shadi Mai 6 Month hai Or Mene Bht Zaida Mustzani Ki Hai Jismani Kamzori Bht Zaida Hai Katre Bhe Aty hai Azu Ka Size Bht Chota Patla hai Jese Ksi Bachy Ka Ho Ab Mai Kafi Pareshn ho
789,اسلام علیکم میری عمر 27 سال۔ ہے مجھے شہوت کی بہت ٹینشن ہے اسکا علاج بتا سکتا ہے کوئی بھائی شادی بھی ہے تین مہینے تک
790,my challenge record. me har bar nakam ho jata hon 90 days ka challenge kabhi pura nhi hoga shayad.
791,Asslam O Alikum Mera aaj 15 din ka Challenge Toot Gaya hai aur Ab ma ny foran Phir sy Start kar diya hai lakin 15 din ke Challenge mein Hi Feel huwa ke Mera Face bilkul Saf ho gaya hai aisa lagta jaisy Face ki Ronak Wapis Aa gai ho aur ab Mera paka Irada Hai Insha Allah Challenge Pura karunga
792,"اسلام علیکم ورحمتہ اللہ وبرکاتہ 
میری عمر 22 سال ہے میں مشت زنی وغیرہ نہیں کرتا اور پورن ویڈیو بھی  مہینے میں ایک بار دیکھ لیتا ہوں لیکن میرا مسئلہ یہ ہے کہ 
مجھے بڑی عمر کے بندوں پر شہوت بہت آ تی ہے لیکن عورتوں پر بہت کم شہوت آ تی ہے پر میں نے کبھی کسی سے زنا نہیں کیا اور نہ ہی مجھے موقع ملا ہے اب میری شادی ہونے والی ہے ساتویں مہینے کو لیکن مجھے یہ پوچھنا ہے کہ مجھے لڑکیوں پر زیادہ شہوت نہیں آ تی تو میں شادی کر لوں کوئی مسئلہ تو نہیں ہوگا"
793,Aslam e alaikum brother kio bta ga ya Metter jis pa date our days count hotA ah kasa strat Karna ha plaes guide me
794,"Asalam o alikum
Kesi ko is masla ka Hal PATA ha to kindly muja batai
Mera Dil kabhi kabhi baghir kesi waja KY bohot he upset hota ha or din bohot he bura guzarta ha , Muh sy aysi bat Nikal jati ha ka log DUMB samajhna laghta ha jis sy Meri tension or bar jati ha ka muja Kiya ho gya ha"
795,السلام علیکم اج مجھے بڑے ہی افسوس کے ساتھ کہنا پڑ رہا ہے۔میرے چیلنج کو 110 دن ہو گئے تھے۔ میں نے اپنا چیلنج پہلی بار ہی شروع کیا تھا۔ لیکن اج میرا چیلنج ٹوٹ چکا ہے۔جس کی وجہ سے میں اج بہت زیادہ شرمندہ ہوں۔ اللہ نے مجھے اتنی بڑی کامیابی دی تھی لیکن میں اس میں کامیاب نہیں ہو پایا۔ میرے کچھ سمجھ میں نہیں ارہا میں کیا کروں۔ اور اس بات کا مجھے بہت ہی زیادہ افسوس ہے۔
796,"اللہ کا لاکھ لاکھ شکر ہے کہ اس کے سے نکل گیا ھو قسم سے ذہین بھی صاف ھوگئی ھے اور ڈپریشن ،ڈر سب ختم ھوگئے ھے
سب کچھ ٹھیک ھو گیا ھے یغنی پھر سے ایک نئی زندگی (نارمل ) ھو گیا ھو۔"
797,"Aaj 7 days k baad challenge toot gaya 
 koi guide kr de please"
798,"Selam, 
Mein out of country Hun age 22 13h duty hai lakin phr bhi bohot masturbate krta Hun 2 3 bar challenge fail ho Chuka mujhe ab ye sab chorna hai lakin na exercise ka time hai sahi or Khana peena perdes mein Jo hota wohi hai 
  Meri halat bohot kharab ho Chuki hai pp hypersensitive ho Chuka bohot patla ho chuka or chota bhi"
799,"اسلام علیکم
میں جب چھوٹا پیشاب کرتا ہوں تو سفید قطرے آتے ہیں آخر میں 
اس کی کیا وجہ ہے اور کیا حل ہے اس کا؟"
800,اس چیلنج کے دوران رات کو تیسرا احتلام ہوا تھا
801,"Allhumdulilah 
 my challenge is complete allhumdulilah 
 sukar ha Allah pak ki zat ka allhumdulilah 
 mujy koi Kisi qisam ki pershani ka samna nahi Karna para na koi kamzori anything Kuch b nahi allhumdulilah 
 bs main NY apni kharak auchi rakhi apna work Kiya or Sath Mai Jo sb sa power full cheez the wo ha Namz Jo mana nahi chori tahujad tk parii allhumdulilah 
 jitna sukar ada karo apna rab ka Bhoot kam ha bs ek bat Bolu ga KY jb b challenge start kary kabhi yah batay na souchy KY Kuch din bad apko kamzori ho rhi h ya koi pain ho rhi ha bs mind ma rakhy KY yar mana challenge start Kiya ha us pa focus rakhna ha ap kamyab ho jy gy or Sath ma apna work b continue rakhna ha agry koi wight Wala kam ha jesy KY janwar wagra ko Chara dalna wagra is ma to apko Bhoot faida hoga q KY Sath ma apki body ki exercise b Hoti rahy gi or apko yah nahi lagy ga KY ma thak gya hu syad mery sa kam ni ho pa rha ma challenge tor deta hu esa nahi Karna apny yah souchna hi nahi mana challenge start Kiya hova ha bs yah batay yad rakhna ap kamyab ho jeo ga Allah KY eman main Allah pak apko sb ko is Gandi bimari sa bachy Ameen summa ameen See less"
802,Mene Challenge Start Kiya hai lekn me Sath me Bewi k Sath Hambistri bhi karta hoo To kya isse challenge per asar parega
803,"Assalamu alaikum everyone 
Me taqrebn 2 saal sy is group ko follow kr rha hun .aur logon ki Mastarbation chorny wali bat sy kafi motivation b leta hun .lekn me ye kam chor nhi paa rha kafi koshish k bad b .na chahty huy b taqrebn hr roz ye ghaleez harkat mujh sy ho jati hy aur bd me bht pichtawa b hota hy .Nafs ka size b bht chota aur patla hy .shadi k bd bv sy samna krny waly moments sy b ghabraht mehsoos hoti hy  k kahin sharmindgi na uthani pry .plz bahi logo koi aysa mashwra ya tajweez den jis sy mee ye kam hamesha k lye chor dun kyun k mei ab bht tang a gya hun .me  dobara recover hona chahta hun .kya aysa mumkin hy ???2@4 See less"
804,"موت کے بعد کی تقسیم ۔۔۔۔۔۔۔۔! 
*ہڈیاں مٹی کھا جائیں گی، مال وارث لے جائیں گے ، روح ملک الموت لے جائے گا ، گوشت کیڑے مکوڑے کھا جائیں گے ، اے ابن آدم کوشش کرنا ایمان شیطان نہ لےجائے ۔۔۔۔۔۔!*
*اگر ایمان شیطان لے گیا تو انجام بہت برا ہو گا، اتنا برا کہ جتنا آپ تصور بھی نہیں کر سکتے۔۔۔۔۔۔اگر ایمان خراب نہ ہوا ، بچا رہا تو انجام اتنا اچھا ہو گا اتنا اچھا کہ آپ تصور بھی نہیں کر سکتے۔۔۔۔۔۔۔*
 *اب فیصلہ آپ کا ہے See less"
805,"میٹرک کے دنوں میں ورزش وغیرہ کرتے تھے ویٹ لفٹنگ 100 کج ٹوپ وزن تھا جو میں اٹھا لیتا تھا ، خیر اس وقت جسم میں ایک الگ ہی انرجی محسوس ہوتی تھی ، بھیڑ میں بالکہ اکیلے چلتے ہوئے بھی اپنا آپ بہت طاقتور لگتا تھا ، 
میں کوئی اچھا لکھاری نہی جو بیان کر پاؤں جو بتانا چاھ رہا خیر اب پھر سے جسم کچھ ایسی ہی انرجی محسوس کرنے لگا ھا ، اب بتا نہی یہ سب نو فیپ کی وجہ سے ہے یہ خوراک اچھی کرنے کی وجہ سے یا ورزش شروع کرنے کی وجہ سے ہے ، 
پر بات وہی اپنا خیال رکھنا شروع ہی نوفیپ کے شروع کرنے کی وجہ سے ہوا ، اب دماغ میں گندی سوچ ہر ٹایم نہی آتیں کبھی کبھی آتیں ہیں جو میں کنٹرول کر لیتا ہوں 
ابھی بھی گانے وغیرہ اور ریلز وغیرہ نہی دیکھتا، نفس کو بے وجہ ٹچ نہی کرتا ، رات جلدی کھانا کھا کر 9 بجے موبائل سایڈ رکھ کر سو جاتا ہوں 4بج کر  30 منٹ پر صبح اٹھتا ہوں تو 
فلی ہارڈ اریکشن کے ساتھ ، فل فرش ، پورا دن شام تک کوئی تھکاوٹ یہ کمزوری محسوس نہی ہوتی ، ہنسی خوشی آرام سے دن گزر رہیں ہیں 
میرے لیے تو نوفیپ سہی معنوں میں فایدہ مند جا رہا ہے 
آپ بھی کر سکتے ہو اگر سچ میں کرنا چاہو تو ایڈمنسٹریٹر کی گائیڈنس پوسٹس اچھے سے پڑھو اور سہی سے عمل کرو جلد ہی عادت چھوٹ جائے گی 
کر گزرو جوانو آپ کر سکتے ہو تنہائی کو چھوڑو جسم کو کسی محنت میں لگاؤ اور دیکھو زندگی کتنی حسین ہے 
اللہ ہم سب کی مدد فرمائے See less"
806,Asslmualikum aj phir 15 din baad chinlge toot gaya bhot afsos ho rha hai 16 salo sy es adaat main ho kyea kro...
807,Aslam o alaikum me qasam utha kr Allah ko hazar kr k kehta hon mushat zeni ur porn dkhny wly ki zindgi taba o barbad ho jti ha demag me sari energy khtm ho jti ha bnda zalil o khuwar ho kr reh jta h
808,چیلنچ کو دو ماہ سے اوپر گزرے الحمداللہ ۔۔لیکن تبیعت میں بہت سستی ہیں کوئ کام کرنے کو دل نہیں کرتا بس دل کرتا ہیں سوتا رہوں ۔۔اس کی کیا وجہ ہوسکتی ہیں مہربانی فرما کر رہنمائ فرمائیں شکریہ
809,Mery challenge ka AJ 13 din hy or AJ ma apni biwi sy mobile pa bath kia or 1 ya 2 katry khod Nikal gayii hand touch nahee kia hy kia challenge tot gya ya nahee
810,"اسلام وعلیکم 
میری شادی کو 1 ماہ ہو گیا ہے اور مجھے ایسے بلکل ٹھیک ہوتا ہوں سختی بھی صحیح ہوتی ہے مگر جب بیوی کے ساتھ ہمبستری کرتا ہوں تو سختی صحیح سے نہیں آتی جیسے میرے جذبات ہی نہیں ہیں نہ رومانس میں میں مزہ آتا ہے نہ ہی دخول میں رومانس کرتے وقت بھی سختی صحیح آتی ہے اور دخول کے وقت ڈھیلا ہو جاتا ہے انجوائے نہیں کر پا رہا ہوں کوئی میڈیسن بتا دیں"
811,"زندگی ایک ایسی کتاب ہے` جس کا اگلا ورق ہمارے اختیار میں نہیں۔
 ہمیں نہیں معلوم کہ کون سا لمحہ ہمارا آخری ہو سکتا ہے۔ اس لیے ہر دن کو آخری دن سمجھ کر جیو، نیک اعمال کو اپنی عادت بناؤ، دلوں سے کینہ اور نفرت نکال دو، معاف کرنا سیکھو اور دوسروں کے لیے آسانیاں پیدا کرو۔ یاد رکھو! دولت، شہرت اور مقام سب یہی رہ جانا ہے، صرف نیک عمل اور پاک دل ہی کل ہمارے ساتھ قبر تک جائیں گے۔ See less"
812,Phir se cheelenge tot gya kya kroo pora nai ho rha
813,"السلام علیکم! 
میرا یہ سوال ہے کے: یہ kegel exercise کیا ہے؟
اسے کرنے کا صیحح طریقہ کیا ہے؟
اسے کب  کب اور کتنی کتنی دیر تک کرنا ہے ؟
اسے کرنے سے کیا فوائد حاصل ہوتے ہیں؟"
814,"السلام علیکم! 
قسط نمبر 1 ۔
عنوان:- مایوسی سے صراطِ مستقیم تک
امید ہے سارے میمبرز صحت کی بہتری حالت میں ہونگے! 
آج میں اپنا 13  14 سالہ زندگی کا تجربہ (فحاشی میں گزاری زندگی سے لے شادی شدہ پاکیزہ زندگی تک کا سفر)شئیر کرنے جارہا ہوں اس کا مقصد صرف اور صرف یہ ہے کہ ایک تو میرے لیئے صدقہ جاریہ ہوگا اور دوسرا وہ لوگ جو مایوسی کے نچلے سطح کے گھڑے میں گر چکے ہیں کو واپس اپنے پاؤں پر کھڑا کرنا ہے بس!
مجھے اچھی طرح یاد ہے کہ جب میں ٹین ایج یعنی زندگی کے انتہائی اہم درجے کی عمر یعنی 11 ، 12 سال کی عمر کو پہنچا تھا کد باڈی نارمل تھی وزن تقریباً 38 ، 40 کے درمیان تھی۔
اب یہ غلیظ لت لگی کیسے آئیں میں بتاتا ہوں!
مجھے اچھی طرح یاد ہے اس وقت میں چوتھی پانچویں کلاس میں تھا دماغ کمپیوٹر کی طرح چلتا تھا سکول میں ہیڈ بوائے جیسے مرتبے پہ فائز تھا سکول کی اسمبلی سے لے کر چھٹی کی گھنٹی تک ساری زماداری بخوبی نبھاتا تھا استادوں کا چہیتا ہونے کے ساتھ ساتھ سکول کا کلاس فور(چپڑاسی) تک مجھ سے انتہائی محبت اور دوستانہ تعلق رکھتا۔اس کی وجہ تھی کیونکہ ایک تو ذہین تھا دوسرا عمر اور قد میں بھی باقی لڑکوں سے  بڑا تھا اور شاہد میچوریٹی میں بھی۔
میری زندگی کا بھیانک موڑ اس وقت آیا جب میں نے سکول چپڑاسی سے انتہائی فری ہو کر گپ شپ شروع کر دی جیسا کہ اس کا موبائل فون لے کر پاس رکھنا گانے فلمے دیکھنا وغیرہ (فری ٹائم میں جیسا کہ بریک ٹائم یا چھٹی کے بعد جب ٹیچرز اور دیگر سکول کے بچے چلے جائیں تو میرا معمول یہی تھا کہ چھٹی کے بعد چپڑاسی کے ساتھ مل کر سکول بند کروا کر جاتا تھا)۔
پھر یوں ہوا کہ وقت گزرتا گیا اور میری فری گپ شپ بھی بڑھتی رہی اور ان دنوں میں نیا نیا موبائل ریپئرنگ کی دکان پر لگ گیا تھا،روز صبح سکول جاتا چھٹی کے بعد موبائل شاپ پہ جاتا، اس وقت ٹچ موبائل پاکستان میں بہت کم پاۓ جاتے تھے تو اس چپڑاسی کے پاس چائنا کا ایک کی پیڈ فون ہوتا تھا، غالباً 2013 یا 2014 کی بات ہو گی۔
ایک دن سکول کی چھٹی کے بعد حسب معمول سکول چپڑاسی کا موبائل لیا ایک ایک فولڈر کی چھان بین شروع کر دی کرتے کرتے اچانک ایک ایسی ویڈیو سامنے آئی جسے دیکھتے ہوۓ دل و دماغ ماننے کو تیار نہیں تھا کہ کوئی ایسی ویڈیوز آن کیمرہ بنانے کی سوچ بھی کیسے سکتا ہے۔
 گھبراہٹ کے مارے فوراً ہوم بٹن دبایا ایک منٹ کے لئے سوچنے لگا کہ یہ کیا تھا اپنی آنکھوں پہ یقین نہیں آیا دل و دماغ ماننے کو تیار نا تھا، چونکہ نادانی کی عمر تھی اچھے برے اور لمٹ اور اوور لمٹ کی پہچان نہیں تھی اتنی پھر دل میں خیال آیا کہ دوبارہ دیکھا جاۓ دماغ تو جیسے سائلنڈ موڈ پہ ہو۔
خیر دوبارہ سے فائل مینیجر میں گیا اور ڈھونڈتے ڈھونڈتے دوبارہ پوری دیکھ لی حیرت تو بہت ہوئی لیکن ساتھ ہی میں وہ ویڈیو دماغ میں نقش بھی کر گئی، چپڑاسی سے کچھ پوچھنے یا بتانے کی اس وقت ہمت نہیں ہوئی، خیر سکول کے آنے کے بعد سیدھا گھر پہنچا کھانا کھایا اور پورا دن اسی سوچ میں گزار دیا دکان پہ جانے کو دل نہیں کیا۔
خیر دوسرے دن صبح کو اٹھا ناشتے کے بعد سکول پہنچا دن گزر گیا سکول کی چھٹی ہوئی پھر موبائل پکڑا دوبارہ وہی ویڈیو دیکھ لی، مجھے آج بھی یاد ہے تقریباً ساتھ منٹ اور کچھ سیکنڈ کی ویڈیو تھی۔
کچھ عرصہ اور گزرا تو چونکہ پرائمری سکول تھا اور سرکاری بھی تھا تو ان دنوں میں گورنمنٹ کا آرڈر آگیا کہ سرکاری پرائمری سکولوں میں بچیوں کو بھی بچوں کے ساتھ پڑھایا جاۓ اسی آرڈر کے ساتھ ہی کچھ ہی عرصے میں بچیوں کا بھی آنا شروع ہوا دیکھتے ہی دیکھتے سکول میں بچیوں کی تعداد میں اضافہ ہونے لگا۔
ایک دن معمول کے مطابق سکول کے صحن میں پڑھائی چل رہی تھی چوتھی کلاس کی کوئی نو سے دس سالہ سانولی رنگت کی بچی تھی میری نظر جونہی اس اس پہ پڑی وہ کافی دیر سے مسلسل مجھے ہی دیکھ رہی تھی (جس کا مجھے بعد میں پتہ چلا) میں نے ایک نظر اسے دیکھا اور اگنور کر دیا معمول کے مطابق اپنے کلاس میں بیزی ہوگیا چونکہ ہماری کلاس بھی صحن میں ہی ٹاٹوں پہ بیٹھ کر ہی ہوتی تھی اکثر کیونکہ سردیوں کا موسم تھا تو دھوپ پہ بیٹھ کر پڑھتے تھے تھوڑی دیر بعد دوبارہ میری نظر اس پہ پڑی جو کہ مسلسل مجھے دیکھے جا رہی تھی پتہ نہیں کیوں ، چونک میں بھی بچہ تھا اور وہ بھی ابھی  بچی ہی تھی اس لئے وہ یا میں غلط نظر سے دیکھیں سوال ہی پیدا نہیں ہوتا تھا۔
 دل میں عجیب سے بے چینی تھی کہ یہ کیا ہو رہا اتنے میں پیچھے سے ایک چھوٹے سے کنکر نما پتھر کی گرنے کی آواز زمین پر پڑے پتھر پر سننے کو ملی میں چونک کر ایک دم سے پیچھے کی طرف مڑا ہی تھا کہ کیا دیکھتا ہوں وہ چپڑاسی میری طرف مسکراتے ہوئے دیکھ رہا تھا اس کے چہرے کی ایکسپریشن سے ایسے لگ رہا تھا جیسے اس نے مجھے اس لڑکی کے ساتھ رنگے ہاتھوں پکڑ لیا ہو مارے خوف کے چہرا میرا سرخ ٹماٹر بن گیا دل کی دھڑکنیں اتنی تیز ہوئی جیسے پھانسی کے پھندے پہ لٹکا ہوں اور جلاد آخری خواہش پوچھ رہا ہو خیر اتنے میں اگلے پیریڈ کی گھنٹی کی بیل بجی اور ساتھ ہی میتھ کے ٹیچر آتے ہوئے دکھائی مجھے یوں لگا جیسے اس مشکل گھڑی میں کوئی فرشتہ آ رہا ہو، اتنا تو مجھے پتہ تھا کہ وہ چپڑاسی کم ازکم استاد سے کمپلین تو نہیں کرے گا۔
 خیربڑی مشکل سے وہ دن گزارا  جونہی چھٹی کا ٹائم ہوا فوراً جا کر گھنٹی بجائی اور نکلنے ہی والا تھا کہ اس چپڑاسی نے راستہ روک لیا ہنسی مزاق میں کہنے لگا ""آجکل بڑی لڑکیاں تاڑنے لگے ہو کیا بات ہے""  بڑی مشکل سے خود کو کانفیڈنس میں لیا اور پلٹ کر جواب دیا ""آپ کی طرح غلط ویڈیوز دیکھنے سے کم ازکم تو بہتر ہے"".
جاری ہے۔۔۔۔۔۔۔
اگلی قسط کا کس کس کو انتظار ہے؟
نوٹ :- پہلی دو قسطیں ایسی ہی بیسک چیزوں پر مبنی ہوگی اس کے بعد اصل حالات مشکلات اور دیگر مسائل جو اس غلیظ لت کے زیر اثر مرتب ہوئے تھے پر مبنی ہوگی اور آخری چند اقساط شادی کے کے بعد والے حالات پر مبنی ہوگی اور یہ تب ہی لکھنا ممکن ہوگا جب آپ لوگوں کے پازیٹو رسپانس آئیں گے ۔
از قلم :- اللہ کا بندہ See less"
815,mery dost ki shadi ko 15 din ho gay hain lkn us ki wife us say romance wagera Karti ha lakin dosry triqy say pass ni any deti bolti ha k mujhy Pasand ni
816,"”میں اللہ تعالیٰ کے رُوبرو اپنی شکایت رکھتا ہوں، کہ میں ان چیزوں کو برا کہتا ہوں جو میں خود نہیں چھوڑتا، اور ان چیزوں کو اچھا کہتا ہوں جو میں خود نہیں اپناتا!“
(عبدالله بن عروة بن الزبير رحمه الله تـ ١٢٥ھ | الزهد لابن المبارك : ١٩٣)
@highlight 
#everyonefollowers 
#islamicpost 
#everyone 
#ukreels See less"
817,Kafi DER bad AJ thori c bat hui ak larki sa wo b angrez thi shaed out of country English ma to drop agy kia change tut GIA or drops q ni htty
818,"کیا شادی کی رات لازمی ہمبستری کرنی چاہیے۔ اگر نہ کر سکو ایک دو دن تو کیا اس سے ""دعوت ولیمہ"" پر کوئی اثر تو نہیں پڑے گا۔ اگر ایک شخص یہ چاہتا ہے کہ میں پہلی رات کو بستری نہیں کروں گا بلکہ دو تین دن تک ہمبستری سے پرہیز رکھوں۔ گا تاکہ دو تین دن تک ہماری اپس میں انڈرسٹینڈنگ ہو جائے اور جو دلہن ہے اس کا ڈر جھجک اور خوف وغیرہ ختم ہو جائے۔
یا پہلی رات کو لازمی کرنی چاہیے اس کے بارے میں بتائیں شادی شدہ اہل علم حضرات۔
کیونکہ پہلی رات وہ بہت ڈری۔ہوئ نروس اور گھبراہٹ کا شکار ہوگی۔ بالکل نیا گھر نیا ماحول نئے لوگ ہوں گے سب کچھ اس کے لیے نیا ہوگا پھر اوپر سے ایک نئے بندے کا ساتھ۔
اگر اس طرح دو تین دن تک پرہیز کی جائے اسے ہلکی پھلکی دوستی کی جائے یعنی بالکل اس کا ڈر خوف جھجک وغیرہ ختم ہو جائے تو پھر اس کے بعد اگر یہ کیا جائے تو کیسا رہے گا See less"
819,"Assalamu Alailkum 
Challenge day 92
Mere sth kuch maslay horhy hain..
Urnie baar baar arha ha kabhi kabhi 1 ghanty me 5 baar
Subah uthty waqt full body pain
Walk krty waqt achanak dono shoulders me full pain hoti ha chala bhi nahi jata
 Morning erection zero See less"
820,yr meri shadi ko 4 month ho gye ha semen ka test krwaya ha bilkl sai aya ha lkn timting bilkl 15 sy 20 second ha yr kia kro khuda k liy koi ilaj batao plz plz plz
821,sary Bhai Meray Liye Dua karain mein Bht pareshan hon Ramzan ka pora Mahina mene apne apko sambhale Rakha Eid ke 2 din bhi replace hua aur 3 din bhi phir 1 month nhi hath chalaya lekin Kal rat ko phir chal gya Yar plese Dua karain mein Bht pareshan hon
822,"میری عمر 23 سال ھے اور چلنج میں بھی ھو
میں روز 30 منٹ صبخ پیدل جاتا ھو اور 30 منٹ سہ پہر (12) بجے آتا ھو
کیا یہ ورزش میں شمار ھوتی ھے؟
چلنج کا مہینہ پورا ہونے والا ھے"
823,90 days ka goal dakha tha challnge ka par challenge pura nhi ho para. Mera internet packages bhi nhi hota or koi Galat video bhi nhi dekhna phir bhi challenge 15 se 17 days pr toot jata he . aj bhi Mera 17 days ka challenge toot gaya ab me boht pareshan hon mujhse Kya ho gaya he me control hi nhi kr pata.
824,"InshaAllah Ab yh safar bht lamba jany wala Hy 
Doa ki appel"
825,Jis jis ny 90 din ka challenge pora kia hai unme kya changes ayin hai motivation ke liye bataye ga
826,Yar chilange ko 8 din Howe ha Kam ka boj ha koi taqatwar khotak batin please
827,"السلام علیکم ورحمتہ اللہ وبرکاتہ 
آج میرے چیلنج کا 20وا دن ہے اور خود کو بہتر دیکھ رہا ہوں اور اللہ سے امید ہے کہ اس بار چیلنج مکمل کروں گا ۔
مسئلہ یہ ہے کہ مجھے کافی دنوں سے گیس بہت ہو رہی ہے جس سے بہت پریشان ہوں 
عمر 21"
828,اسلام و علیکم بھائی جان میں سات سال یا اس سے زیادہ مشت زنی  کی ھے اب میری ٹائمنگ بلکل نہیں ہے ایک منٹ سے بھی کم ہے میں بہت پریشان ھوں کون سی دوائی کھاؤں جس سے میرا یہ مسلا مستقل حل ھو جاۓ شادی بھی نزدیک ھے
829,"اسلام علیکم 
میں آج آپ کو اپنی زندگی کی سب سے بڑی غلطی کی کہانی بتانا چاہتا ہوں شاہد اس میری کہانی سے کو موٹیویٹ ہوکر ٹھیک ہو جائے تو مجھے بہت خوشی ہوگی میری عمر چوبیس سال ہے  پوسٹ تھوڑی لمبی  ہے لیکن سب باتیں میرے دل کی ہیں اور میں بہت خوش ہوں کہ اللّٰہ پاک نے مجھ پر اپنا کرم کیا ہے 
آج سے تیرہ سال پہلے میں نے ایک دوست کے موبائل پر پورن ویڈیو دیکھی تھی اس کے بعد مجھے پورن ویڈیو اور مشت زنی کی عادت لگ گئی اس وقت تو سمجھ نہیں آیا دن میں چار چار اس سے بھی زیادہ بار مشت زنی کی تقریبا 2021میں میرے سامنے یہ گروپ آیا تھا تو میں نے چیک کیا تو مجھے سمجھ آیا کہ جو میں کام کر رہا ہوں یہ ٹھیک نہیں ہے اور اس کے نقصانات بھی ہیں اس کے بعد میں نے چیلنج شروع کیا لیکن ٹوٹ گیا بار بار شروع کرتا رہا اور بار بار ٹوٹتا رہا ایک بار چھ ماہ کا چیلنج ٹوٹ گیا تو میرا دل ٹوٹ گیا کہ مجھ سے نہ ہوپائے گا لیکن دو ماہ بعد پھر شروع کیا لیکن وہ ہی بار بار ٹوٹتا رہا چیلنج اس کے بعد میں نے اللّٰہ پاک سے سچے دل سے توبہ کی اور اللّٰہ پاک نے میری دعا قبول کرلی میں نے اللّٰہ تعالیٰ کے فضل سے اکتوبر کی ایک تاریخ سے چیلنج شروع کیا اور اللّٰہ تعالیٰ کے فضل سے آج تک جاری ہے شادی بھی کرلی ہے اور اللّٰہ تعالیٰ کے فضل سے میں بلکل ٹھیک ہوں شادی کے شروع میں ٹائمنگ سختی کا اور پرفامنس کی پریشانی تھی لیکن اللّٰہ رانا عاطف صاحب اور نعمان سعید صاحب اور باقی جہنوں نے مجھے گائیڈ کیا ہے اس کا اجر دے اور دلی مرادیں پوری کرے اور سب گروپ والے بھائیوں کا بھی شکریہ 
اگر کسی بھائی کو میری ضرورت ہو تو انشاء اللّٰہ میں اپنی پوری کوشش کروں گا کہ آپ کی مدد کرسکوں انشاء اللّٰہ 
 See less"
830,"السلام وعلیکم 
میری شادی کو آج ۲سرا دن ہے لیکن ٹائمنگ کا مسئلہ ہے ۳/۴ منٹ ہے کیا کروں"
831,"Asalam o Alaikum 
Mera aik masla hai jab may andar dalta ho to 2 zay 3 second may nikal jata hai lekin phir 2nd round may timing kuch ziaya hai phir 3rd may kuch or ziada timing hai aisa kyon. or shuru may itna jaldi kyu nukalta hai timing kiu nhi hai 
Koi iska Hal?"
832,"اسلام علیکم 
میں بہت زیادہ پریشان ہوں ایک ڈاکٹر کی وجہ سے
 اس نے ویسا ہی آپریشن کروایا پیشاب کی نالی کا لیزر کی ذریعے سے اب بار بار انفیکشن ہوتا ہوں مردانہ کمزوری بھی بڑھ گیا ہے اب میرا شادی آنے والا ہے انکار بھی نہیں کر سکتا بس دل کرتا کہ حود اپنے آپ کو  حتم کر دو میرا اور کسی کی زندگی برباد نہ ہو جا ے 
یہ سب ایک ڈاکٹر کی وجہ سے میرا ساتھ ہوا ہے اب میں کیا کروں میرا زندگی تنگ ہو گی ہے"
833,Assalamualaikum jab . Ma gas kharij krta hu to bht gndi smell ATI ha or pakhana b Khul k nhi ata zor wgera LGA k ata wo b kbi ptla plz koi Hal btay qabz c rehti ha
834,"السلام علیکم
میرا NoFap چیلنج چل رہا ہے اور آج 48واں دن ہے۔ تقریباً 25 دن سے مجھے ایک مسئلہ ہو رہا ہے کہ پیشاب کے بعد منی جیسے گاڑھے قطرے نکلتے ہیں، کبھی کم اور کبھی ایک چمچ سے بھی زیادہ۔
اسی وجہ سے میں نے نماز ادا کرنا چھوڑ دی ہے کیونکہ مجھے شک رہتا ہے کہ طہارت برقرار ہے یا نہیں۔ اس بارے میں رہنمائی چاہیے کہ کیا اس حالت میں نماز ہو جاتی ہے؟
میں غیر شادی شدہ ہوں، عمر 26 سال ہے۔ اس کے ساتھ مجھے ڈپریشن، انگزائٹی اور معدے کا مسئلہ بھی ہے۔ اب سمجھ نہیں آ رہی کہ کس ڈاکٹر کے پاس جاؤں۔سائیکالوجسٹ، یورولوجسٹ یا معدے کے ڈاکٹر؟
میں دیہاتی علاقے سے ہوں، یہاں زیادہ سہولیات نہیں ہیں اور عموماً چھوٹے ڈاکٹروں سے ہی علاج کرواتے ہیں۔
براہ کرم رہنمائی فرمائیں۔ See less"
835,بھائی مجھے چھوٹا پیشاب بہت زیادہ آتا ہے کیا وجہ ہوگی بہت زیادہ مشت زنی کرنے سے تو نہیں
836,"میرے بھائیو ! ماں اپنے بچے کو دودھ بھی اُس وقت تک نہیں دیتی ؟ 
جب تک کہ وہ رو کر مانگتا نہیں، پیاسے کو جب پیاس لگتی ہے تو وہ خود پانی ڈھونڈتا ہے ، اور خدا اس کے لیے پانی پیدا بھی کر دیتا ہے۔ جب تم کو خود ہی پیاس نہ ہو تو پانی سے بھرا ہوا کنواں بھی تمہارے پاس آجائے تو بے کار ہے۔ پہلے تم کو خود سمجھنا چاہیے کہ دین سے ناواقف رہنے میں تمہارا کتنا بڑا نقصان ہے۔
 خدا کی کتاب تمہارے پاس موجود ہے، مگر تم نہیں جانتے کہ اس میں کیا لکھا ہے۔ اس سے زیادہ نقصان کی بات اور کیا ہو سکتی ہے؟
 نماز تم پڑھتے ہو، مگر تمہیں نہیں معلوم کہ اس نماز میں تم اپنے خدا کے سامنے کیا عرض کرتے ہو؟ 
اس سے بڑھ کر اور کیا نقصان ہو سکتا ہے؟
(حوالہ کتاب خطبات 28) See less"
837,"𝑨.𝒐.𝑨
𝑴𝒖𝒋𝒉𝒚 𝒀𝒆𝒉 𝑷𝒐𝒄𝒉𝒏𝒂 𝑻𝒉𝒂 𝑲 𝑲𝒆𝒈𝒂𝒍 𝑬𝒙𝒆𝒓𝒄𝒊𝒔𝒆 𝑲𝒂 𝑲𝒚𝒂 𝑴𝒕𝒍𝒃 𝑯𝒂𝒊 𝒐𝒓 𝒀𝒆𝒉 𝑲𝒂𝒊𝒔𝒆 𝑲𝒓𝒕𝒚 𝑯𝒂𝒊𝒏."
838,میں جب بھی ہمبستری کرتا ہوں تو مزہ بلکل بھی نہیں آتا ہیں پہلے ایسا نہیں تھا اب چار پانچ دن ہوگئے ہیں ایسا ہوراہا ہے پلیز رہنمائی فرمائیے گا
839,السلام علیکم سب بھائی کیسے ہیں مجھے ایک انفارمیشن چاہیے اگر کسی بھائی کو انفارمیشن ہے مجھے لازمی کمنٹ میں بتائیں میرا ایک دوست غیر مسلم تھا جو کہ اب الحمدللہ مسلمان ہو گیا اس کی عمر 29 سال ہے اور اس کی سنتیں نہیں ہوئی کیا اس عمر میں سنتیں ہو سکتی ہیں اور کہاں سے کروانی چاہیے یہ کائنڈلی لازمی بتائیں
840,مجھے لگا تار تین دن سے احتلام ہو رہا ہے آج بھی صرف پانی کی طرح دو قطرے نکلے تھے تھوڑی سی جگہ گیکی ہوئ تھی اب غسل کرنا ہو گا یا نہیں
841,"aslamualikum everyone 
Yaha pr Kuch aisi cheezy discus krni thi jaisy Kay....main ny Kuch arsa phly es group ma post ki Kay koi bahi mery satt challenge shuruh kry ga Q Kay akely bandy ka Kam nahi koii aisa ju daily ham ik dusry sy healthy routine share kr saky... lakin Kuch aisy farig aur behayai log ha khty tu ha challenge shuruh krty ha lakin bad ma apny private part ki videos bhjty aur mukhtlif stories ju sex Kay about hutti ha wo batany bht jatty ha...yrr Tum logo ma haya nahi ha...farig logo ma kasam sy 11 Saal sy es addiction sy larr Raha hu group ma msg krta hu koii na koii aisa ajata ha jis kii waja sy challenge pr asar huta Rahta ha please koii aisa jis kii age 22 ya 23 Saal hu mery satt challenge start kry
 See less"
842,السلام علیکم یار میں چیلنج شروع کرتا 1 مہی. ہ اور پھر اسی لت میں لگ جاتا ہو اس سے مکمل چھٹکارا کیسے ملے گا
843,"السلام علیکم بھائی کیا حال ہے ٹھیک ہے  
 میرے لیے ایک ایک کمنٹس کرو"
844,"السلام علیکم بھائیو،
ایک قریبی دوست کے لیے انتہائی سنجیدہ مشورہ درکار ہے۔ وہ ایک ایسی شدید ذہنی الجھن اور بری عادت میں بری طرح پھنس چکا ہے جس نے اسے ہر طرف سے جکڑ لیا ہے۔ پہلے یہ سب صرف سوشل میڈیا تک محدود تھا، لیکن اب وہ مسجد ہو یا یونیورسٹی، ہر جگہ لڑکوں سے تعلقات بنانے اور انہیں اپروچ کرنے کی طرف مائل رہتا ہے اور اس کا اپنا نفس پر قابو ختم ہوتا جا رہا ہے۔ وہ اس دلدل سے نکلنے کے لیے تڑپ رہا ہے لیکن اسے سمجھ نہیں آ رہا کہ اس پختہ عادت کو کیسے توڑے۔ آپ بھائیوں سے پوچھنا یہ ہے کہ کیا اس طرح کی شدید لت (Addiction) سے مکمل چھٹکارا ممکن ہے؟ اس کا سب سے بہترین اور پریکٹیکل علاج کیا ہے اور کیا انسان دوبارہ اپنی پہلی جیسی نارمل زندگی کی طرف پلٹ سکتا ہے؟ See less"
845,میں نے 10ماہ ہوا چیلنج کا اب نفس میں سختی نہیں اتا ہے اور شہوت بھی ختم ہوا ہے
846,"Let's welcome our new members!
Zia Ahmad
,
Ahmad Hassan Khokhar
,
Mehtab Yousafzai
,
Khan Khan
,
Urdu Voice of Smiles
,
M Hussain Jawad
,
Kashan Haider Shani
,
نامرد انسان
,
Jay Jay
,
Muhammad Zahid
,
Ahmad Khan,
Ali Khan,
Bilal Khan
,
Fahad Khan
,
Mishal Mishal Fatima
,
Sohail Rajpoot
,
Wasib Ali
,
Haris Ahmad
,
Syed Aisar Ahmed Shah
,
MA Ahmad
,
Muhammad Sheraz
,
Khani Khani
,
Prince Khan
,
Shafiq Ulrahman
,
Mouzam Ali
,
Sami Sahil
,
عدم وجود
,
Adeel Khan,
Inzamam Bangash Bangash
,
Muhammad Imran Qaisrani
,
Malik Younas Khan
,
Abraheem A
,
NiMra Azeem
,
Mohammad Azeem Shah Bukhari
,
Rashid Waheed
,
M Usama,
Bilal Ahmad
,
Ismail Khan
,
Imran Shehzad
,
Muhammad Sajid
,
Abid MarWat
,
Taim Alam,
Alishba Ktk
,
مینہ ناک مہمند,
Ali Haider
,
Junaid Awan
,
Muhammad Hassnain
,
Itx Khan
,
Mir Fiaz
,
Syco Jutt
,
Meer Khan,
Dưa Fatima
,
Ghazi Ghazi
,
Khalid Khoso
,
Ahmed Hassan
,
Akram Ullah Press
,
M Rafiq Khan
,
M Qasim
,
Jahangeer Khan
,
Malik Saif Ullah Toga
,
M Talha M Talha
,
مسٹر براہوئیستانی,
Ch Yaseen Chadhar Yaseen
,
Abid Hameed
,
Jam H Jan M
,
M Ahmad
,
Naeem Gujjar Naeem Gujjar
,
غلام نبي غازي
,
Ali Ali
,
No Fab
,
Shahid Jaan
,
Abdul Ahad
,
M Aqraar
,
Muhammad Tofeeq
,
Gunahgar Banda
,
Barbed Kahloon
,
Sheikh Azaan
,
Rana Hani
,
M Zaddy
,
Noman Jamali
,
Osama Ahmed
,
Honey Shah,
Syed Rashid
,
Abdullah Khan
,
Shahwaar Malik
,
Abdul Manan
,
Ehsan Humraaz
,
Jutt Jutt
,
Aziz Ur Rehman
,
Hassan Shah Bangash
,
Zeb Kahloon Jutt
,
John Deere Deere
,
Shehzii Haider
,
Roni Mojumder
,
Salman Nazir,
Umair Awan
,
Abdul Wasay
,
M. Farhan Baloch
,
Mansoor Arshad
,
Malik Ishfaq Raaj
,
Rai Tahir Mahmood Kharal
,
Iqra Ray,
Ch Saqib Gujjar
,
Ayesha Milke
,
M Suleman
,
Ghulam Mustafa
,
Farhad Khan
,
Dore Mon,
Fazle Hakeem
,
Fatima Saeed,
Malik Daniyal
,
Engr Waseem Shaukat
,
Aamir Jamali
,
و س ی م
,
Malike Muhammad Waqas,
Muhmmad Tariq
,
M Adnan
,
Muhammad Talha Kambo
,
M Mudssar
,
Muhammad Mazhar Sami
,
Prince John
,
Shazib Butt
,
Hassan Mughal
,
Inam Wazir
,
Muhammad Sajid Khan
,
Shahbaz Kanwal
,
Rana Usman
,
Crime Master Gogo
,
Shayan Ch
,
DrMian Saleem
,
Rana Israr 
,
Nawab Zohaib Bhutta
,
Mar Innocent
,
Tariq Hamid
,
Faheem Zaib
,
M. Umair Arain
,
Afzahl Hussain Kaan
,
Ahmed Raza,
Royal Sharabi
,
Dildil Pak
,
شازل مغل
,
Akhlaqi Marwat
,
Fazlimula Goshtawal
,
Malik Ali Abbas
,
Azeem Ahmaad
,
Hafiz Sultan
,
Imtiaz Ahmad
,
Hamza Khan
,
Merium Merium
,
Saima Malik
,
Prince Abid
,
Khwaga Koko Koko
,
سیداحمد ساحل
,
Sarfraz Khan
,
Shahid Din Razmak
,
Faisal Arain
,
Irfan Salarzai
,
HAdi Khan,
یا مدد
,
Ch AH,
Noman Noman
,
Uzair Rasheed
,
Ahmad Khayam
,
Faizan Ali Shah
,
نیوٹرل سلارزئ
,
Waqas Ahmad,
Bilal Khan
,
Zohaib Ijaz
,
Rao Shoaib
,
Ak Khan
,
Sheraz Khan
,
حـــذیــــفـــه حــــــذیــــفـــه,
Fayaz Ahmed Memon
,
محسن شہزاد,
Siraj Khan
,
Zulqarnain Riaz
,
Ghulam Mostafa
,
حقیقت اور فریب
,
Sharif Zaland
,
Imran Ashiq Imran Ashiq
,
Muhammad Asleem
,
دہ سوات گلونہ
,
Muzammil Sn,
Tanha Foji
,
Ulfat Maken
,
Sajjad Ch
,
Pukhtoon Khan,
Moiz Malik,
Attaurrehman Jamot
,
Rahat Sha
,
Arslan Ali,
Mohammad Wasim Akram
,
Khan Khan,
Genn Zeeii Toper
,
CH Muhammad ArsaLan
,
Kashi Malik
,
Ladla Noman Khan
,
Kashif Khan
,
محبت الوداع
,
Bismillah Khan
,
Huzaifa Khan Gopang
,
Ubaid Arain
,
Abrar Ali Bughio,
Abdul Kareem Abdul Kareem
,
Amin Roghani
,
Mk Jigar
,
Khani Ali,
Asif Javed
,
Abid Ali
,
M. Bilal
,
ناصر ستی
,
Ayyan Khan
,
Mubeen Aslam
,
Maria Hassan
,
Muhammad Ikram
,
Sajeel Khan
,
Uzair Amjad
,
Mahum Habib
,
Lucky Px
,
Imran Jani
,
Sajjad Khan
,
Daniyal Subhani,
Asad Pathan
,
Wajeeh Anjum,
Chaudhry Tariq
,
Rehber Kaleem
,
Muhammad Asim
,
Sarmad Sultan
,
Hamid Bhat
,
Ziad San
,
Imran Sh
,
Raja Rahid
,
اسلامی مسائل اور ان کا حل
,
Naeem Khan
,
Bilal Khan
,
Shona Babu,
Wajahat Wajahat
,
Itx SalmanOo
,
محمد افتخار,
ﹾ٭ بدل عادل ﹾ٭,
Sehar Sajjad,
Mohammad Faizan
,
خالد گجر
,
Ihtisham Shami
,
Azhar Abbas Tarar
,
Honey Ge,
Sahil Ahmed
,
Sami Khan
,
Zonaisha Khan,
Abdullah Khan
,
Oo Ho
,
Nauroz Asif
,
Muhammad Ibrahim
,
Jutt Sahab Jutt Sahab
,
AYYAR KHAN
,
Yad Gar
,
Waheed Khan
,
M Burhan
,
Abdullah Tahir
,
Muhammad Nazeer
,
Kamran Hameed
,
Mani Khan
,
Sami Ameer
,
Shah Zain
,
Waqas Afzal
,
چوہدری عبدالرحمان بندیشہ
,
Usman Khan
,
Qaseem Khan
,
بسم اللہ
,
Muhammad Haseeb
,
Shuja Muazzam
,
Ahmad
,
Muhammad Rizwan
,
Awais Khan
,
Apna Shooter
,
Sayed Lakiyo Ka Ashiq,
Azam Shahzad
,
Mübšhãŕ Jàvéđ
,
Bilal Khan
,
Ahsan Bashir
,
Muhammad Ramzan Khan Niazi
,
Mujahid Nawaz
 See less"
